NFSP C++ Hold'em holdem_64x64_iqn_neutral (nfsp_iqn) | seed=42 | 50000000 episodes | 3 workers | arch=[64,64] | batch=256 | learn_every=256 | target=128000 | dqn_lr=0.002 | sl_lr=0.0002 | dqn_buf=600000 | res_buf=15000000
==========================================================================================
[Ep     50000/50000000] avg_r=  0.674 | h2h=  0.0000 | br= 0.4663 | avg= 0.3530 |   2969 ep/s | 0.3m
[Ep    100000/50000000] avg_r=  0.588 | h2h=  0.0000 | br= 0.5426 | avg= 0.3556 |   2796 ep/s | 0.6m
[Ep    150000/50000000] avg_r=  0.379 | h2h=  0.0000 | br= 0.5424 | avg= 0.3891 |   2844 ep/s | 0.9m
[Ep    200000/50000000] avg_r=  0.411 | h2h=  0.0000 | br= 0.5213 | avg= 0.3835 |   2817 ep/s | 1.2m
[Ep    250000/50000000] avg_r=  0.433 | h2h=  0.0000 | br= 0.5143 | avg= 0.3883 |   2906 ep/s | 1.5m
[Ep    300000/50000000] avg_r=  0.442 | h2h=  0.0000 | br= 0.6274 | avg= 0.3824 |   2851 ep/s | 1.7m
[Ep    350000/50000000] avg_r=  0.446 | h2h=  0.0000 | br= 0.9224 | avg= 0.3834 |   2845 ep/s | 2.0m
[Ep    400000/50000000] avg_r=  0.486 | h2h=  0.0000 | br= 0.9329 | avg= 0.3873 |   2780 ep/s | 2.3m
[Ep    450000/50000000] avg_r=  0.409 | h2h=  0.0000 | br= 0.9204 | avg= 0.4147 |   2855 ep/s | 2.6m
[Ep    500000/50000000] avg_r=  0.260 | h2h=  0.0000 | br= 0.9663 | avg= 0.4317 |   2841 ep/s | 2.9m
[Ep    550000/50000000] avg_r=  0.277 | h2h=  0.0000 | br= 1.1399 | avg= 0.4435 |   2893 ep/s | 3.2m
[Ep    600000/50000000] avg_r=  0.246 | h2h=  0.0000 | br= 1.3081 | avg= 0.4421 |   2941 ep/s | 3.5m
[Ep    650000/50000000] avg_r=  0.241 | h2h=  0.0000 | br= 1.2917 | avg= 0.4458 |   2872 ep/s | 3.8m
[Ep    700000/50000000] avg_r=  0.320 | h2h=  0.0000 | br= 1.2924 | avg= 0.4408 |   2875 ep/s | 4.1m
[Ep    750000/50000000] avg_r=  0.366 | h2h=  0.0000 | br= 1.3019 | avg= 0.4411 |   2873 ep/s | 4.4m
[Ep    800000/50000000] avg_r=  0.288 | h2h=  0.0000 | br= 1.3209 | avg= 0.4430 |   2895 ep/s | 4.7m
[Ep    850000/50000000] avg_r=  0.359 | h2h=  0.0000 | br= 1.3343 | avg= 0.4422 |   2898 ep/s | 4.9m
[Ep    900000/50000000] avg_r=  0.238 | h2h=  0.0000 | br= 1.4508 | avg= 0.4477 |   2848 ep/s | 5.2m
[Ep    950000/50000000] avg_r=  0.373 | h2h=  0.0000 | br= 1.5588 | avg= 0.4402 |   2870 ep/s | 5.5m
[Ep   1000000/50000000] avg_r=  0.349 | h2h=  0.0000 | br= 1.7999 | avg= 0.4335 |   2910 ep/s | 5.8m
[Ep   1050000/50000000] avg_r=  0.310 | h2h=  0.0000 | br= 1.8243 | avg= 0.4302 |   2937 ep/s | 6.1m
[Ep   1100000/50000000] avg_r=  0.420 | h2h=  0.0000 | br= 1.8288 | avg= 0.4270 |   2894 ep/s | 6.4m
[Ep   1150000/50000000] avg_r=  0.267 | h2h=  0.0000 | br= 1.8299 | avg= 0.4227 |   2903 ep/s | 6.7m
[Ep   1200000/50000000] avg_r=  0.234 | h2h=  0.0000 | br= 1.9174 | avg= 0.4113 |   2919 ep/s | 7.0m
[Ep   1250000/50000000] avg_r=  0.381 | h2h=  0.0000 | br= 2.0319 | avg= 0.4224 |   2888 ep/s | 7.2m
[Ep   1300000/50000000] avg_r=  0.357 | h2h=  0.0000 | br= 2.2555 | avg= 0.4276 |   2916 ep/s | 7.5m
[Ep   1350000/50000000] avg_r=  0.344 | h2h=  0.0000 | br= 2.2979 | avg= 0.4328 |   2897 ep/s | 7.8m
[Ep   1400000/50000000] avg_r=  0.409 | h2h=  0.0000 | br= 2.3081 | avg= 0.4365 |   2920 ep/s | 8.1m
[Ep   1450000/50000000] avg_r=  0.377 | h2h=  0.0000 | br= 2.3053 | avg= 0.4389 |   2879 ep/s | 8.4m
[Ep   1500000/50000000] avg_r=  0.306 | h2h=  0.0000 | br= 2.3076 | avg= 0.4395 |   2867 ep/s | 8.7m
[Ep   1550000/50000000] avg_r=  0.375 | h2h=  0.0000 | br= 2.3094 | avg= 0.4389 |   2850 ep/s | 9.0m
[Ep   1600000/50000000] avg_r=  0.319 | h2h=  0.0000 | br= 2.3594 | avg= 0.4372 |   2871 ep/s | 9.3m
[Ep   1650000/50000000] avg_r=  0.329 | h2h=  0.0000 | br= 2.5058 | avg= 0.4445 |   2865 ep/s | 9.6m
[Ep   1700000/50000000] avg_r=  0.320 | h2h=  0.0000 | br= 2.5965 | avg= 0.4434 |   2989 ep/s | 9.8m
[Ep   1750000/50000000] avg_r=  0.251 | h2h=  0.0000 | br= 2.5699 | avg= 0.4444 |   2945 ep/s | 10.1m
[Ep   1800000/50000000] avg_r=  0.331 | h2h=  0.0000 | br= 2.5562 | avg= 0.4448 |   2916 ep/s | 10.4m
[Ep   1850000/50000000] avg_r=  0.358 | h2h=  0.0000 | br= 2.5584 | avg= 0.4450 |   2962 ep/s | 10.7m
[Ep   1900000/50000000] avg_r=  0.266 | h2h=  0.0000 | br= 2.5629 | avg= 0.4442 |   2985 ep/s | 11.0m
[Ep   1950000/50000000] avg_r=  0.392 | h2h=  0.0000 | br= 2.5562 | avg= 0.4444 |   2914 ep/s | 11.3m
[Ep   2000000/50000000] avg_r=  0.315 | h2h=  0.0000 | br= 2.5530 | avg= 0.4422 |   2956 ep/s | 11.5m
[Ep   2050000/50000000] avg_r=  0.224 | h2h=  0.0000 | br= 2.5540 | avg= 0.4420 |   2914 ep/s | 11.8m
[Ep   2100000/50000000] avg_r=  0.224 | h2h=  0.0000 | br= 2.5565 | avg= 0.4406 |   2955 ep/s | 12.1m
[Ep   2150000/50000000] avg_r=  0.331 | h2h=  0.0000 | br= 2.5564 | avg= 0.4490 |   2906 ep/s | 12.4m
[Ep   2200000/50000000] avg_r=  0.363 | h2h=  0.0000 | br= 2.6700 | avg= 0.4436 |   3013 ep/s | 12.7m
[Ep   2250000/50000000] avg_r=  0.432 | h2h=  0.0000 | br= 2.6121 | avg= 0.4469 |   3037 ep/s | 12.9m
[Ep   2300000/50000000] avg_r=  0.339 | h2h=  0.0000 | br= 2.5736 | avg= 0.4505 |   3037 ep/s | 13.2m
[Ep   2350000/50000000] avg_r=  0.340 | h2h=  0.0000 | br= 2.5726 | avg= 0.4535 |   3073 ep/s | 13.5m
[Ep   2400000/50000000] avg_r=  0.285 | h2h=  0.0000 | br= 2.5714 | avg= 0.4554 |   3038 ep/s | 13.8m
[Ep   2450000/50000000] avg_r=  0.278 | h2h=  0.0000 | br= 2.5720 | avg= 0.4577 |   3062 ep/s | 14.0m
[Ep   2500000/50000000] avg_r=  0.330 | h2h=  0.0000 | br= 2.5737 | avg= 0.4571 |   3063 ep/s | 14.3m
[Ep   2550000/50000000] avg_r=  0.363 | h2h=  0.0000 | br= 2.5746 | avg= 0.4577 |   3028 ep/s | 14.6m
[Ep   2600000/50000000] avg_r=  0.287 | h2h=  0.0000 | br= 2.5724 | avg= 0.4590 |   3029 ep/s | 14.9m
[Ep   2650000/50000000] avg_r=  0.359 | h2h=  0.0000 | br= 2.5715 | avg= 0.4600 |   3020 ep/s | 15.1m
[Ep   2700000/50000000] avg_r=  0.293 | h2h=  0.0000 | br= 2.5700 | avg= 0.4588 |   3021 ep/s | 15.4m
[Ep   2750000/50000000] avg_r=  0.336 | h2h=  0.0000 | br= 2.5694 | avg= 0.4592 |   3038 ep/s | 15.7m
[Ep   2800000/50000000] avg_r=  0.272 | h2h=  0.0000 | br= 2.5691 | avg= 0.4743 |   3015 ep/s | 16.0m
[Ep   2850000/50000000] avg_r=  0.260 | h2h=  0.0000 | br= 2.5797 | avg= 0.4721 |   2976 ep/s | 16.2m
[Ep   2900000/50000000] avg_r=  0.346 | h2h=  0.0000 | br= 2.6039 | avg= 0.4529 |   2936 ep/s | 16.5m
[Ep   2950000/50000000] avg_r=  0.280 | h2h=  0.0000 | br= 2.6216 | avg= 0.4469 |   2975 ep/s | 16.8m
[Ep   3000000/50000000] avg_r=  0.250 | h2h=  0.0000 | br= 2.6055 | avg= 0.4637 |   3022 ep/s | 17.1m
[Ep   3050000/50000000] avg_r=  0.269 | h2h=  0.0000 | br= 2.5886 | avg= 0.4676 |   3003 ep/s | 17.4m
[Ep   3100000/50000000] avg_r=  0.238 | h2h=  0.0000 | br= 2.5838 | avg= 0.4707 |   2991 ep/s | 17.6m
[Ep   3150000/50000000] avg_r=  0.243 | h2h=  0.0000 | br= 2.5797 | avg= 0.4727 |   2975 ep/s | 17.9m
[Ep   3200000/50000000] avg_r=  0.191 | h2h=  0.0000 | br= 2.5803 | avg= 0.4744 |   3004 ep/s | 18.2m
[Ep   3250000/50000000] avg_r=  0.222 | h2h=  0.0000 | br= 2.5834 | avg= 0.4757 |   3051 ep/s | 18.5m
[Ep   3300000/50000000] avg_r=  0.234 | h2h=  0.0000 | br= 2.5810 | avg= 0.4764 |   3004 ep/s | 18.7m
[Ep   3350000/50000000] avg_r=  0.201 | h2h=  0.0000 | br= 2.5797 | avg= 0.4779 |   2960 ep/s | 19.0m
[Ep   3400000/50000000] avg_r=  0.290 | h2h=  0.0000 | br= 2.5789 | avg= 0.4762 |   3004 ep/s | 19.3m
[Ep   3450000/50000000] avg_r=  0.223 | h2h=  0.0000 | br= 2.5794 | avg= 0.4767 |   2989 ep/s | 19.6m
[Ep   3500000/50000000] avg_r=  0.276 | h2h=  0.0000 | br= 2.5801 | avg= 0.4766 |   3010 ep/s | 19.9m
[Ep   3550000/50000000] avg_r=  0.222 | h2h=  0.0000 | br= 2.5801 | avg= 0.4764 |   3004 ep/s | 20.1m
[Ep   3600000/50000000] avg_r=  0.221 | h2h=  0.0000 | br= 2.5791 | avg= 0.4751 |   3019 ep/s | 20.4m
[Ep   3650000/50000000] avg_r=  0.188 | h2h=  0.0000 | br= 2.5779 | avg= 0.4921 |   2979 ep/s | 20.7m
[Ep   3700000/50000000] avg_r=  0.262 | h2h=  0.0000 | br= 2.5729 | avg= 0.4801 |   2978 ep/s | 21.0m
[Ep   3750000/50000000] avg_r=  0.198 | h2h=  0.0000 | br= 2.5867 | avg= 0.4759 |   2945 ep/s | 21.2m
[Ep   3800000/50000000] avg_r=  0.301 | h2h=  0.0000 | br= 2.6030 | avg= 0.4777 |   2914 ep/s | 21.5m
[Ep   3850000/50000000] avg_r=  0.217 | h2h=  0.0000 | br= 2.6035 | avg= 0.4771 |   2948 ep/s | 21.8m
[Ep   3900000/50000000] avg_r=  0.320 | h2h=  0.0000 | br= 2.6066 | avg= 0.4776 |   2950 ep/s | 22.1m
[Ep   3950000/50000000] avg_r=  0.263 | h2h=  0.0000 | br= 2.6030 | avg= 0.4595 |   2909 ep/s | 22.4m
[Ep   4000000/50000000] avg_r=  0.285 | h2h=  0.0000 | br= 2.5972 | avg= 0.4716 |   2937 ep/s | 22.7m
[Ep   4050000/50000000] avg_r=  0.145 | h2h=  0.0000 | br= 2.5854 | avg= 0.4813 |   2936 ep/s | 23.0m
[Ep   4100000/50000000] avg_r=  0.255 | h2h=  0.0000 | br= 2.5760 | avg= 0.4806 |   2884 ep/s | 23.2m
[Ep   4150000/50000000] avg_r=  0.319 | h2h=  0.0000 | br= 2.5702 | avg= 0.4835 |   2905 ep/s | 23.5m
[Ep   4200000/50000000] avg_r=  0.196 | h2h=  0.0000 | br= 2.5696 | avg= 0.4859 |   2916 ep/s | 23.8m
[Ep   4250000/50000000] avg_r=  0.261 | h2h=  0.0000 | br= 2.5703 | avg= 0.4860 |   2915 ep/s | 24.1m
[Ep   4300000/50000000] avg_r=  0.189 | h2h=  0.0000 | br= 2.5720 | avg= 0.4862 |   2940 ep/s | 24.4m
[Ep   4350000/50000000] avg_r=  0.255 | h2h=  0.0000 | br= 2.5708 | avg= 0.4868 |   2914 ep/s | 24.7m
[Ep   4400000/50000000] avg_r=  0.212 | h2h=  0.0000 | br= 2.5709 | avg= 0.4869 |   2902 ep/s | 25.0m
[Ep   4450000/50000000] avg_r=  0.108 | h2h=  0.0000 | br= 2.5703 | avg= 0.4871 |   2890 ep/s | 25.2m
[Ep   4500000/50000000] avg_r=  0.121 | h2h=  0.0000 | br= 2.5681 | avg= 0.4877 |   2926 ep/s | 25.5m
[Ep   4550000/50000000] avg_r=  0.282 | h2h=  0.0000 | br= 2.5686 | avg= 0.4878 |   2938 ep/s | 25.8m
[Ep   4600000/50000000] avg_r=  0.169 | h2h=  0.0000 | br= 2.5682 | avg= 0.4876 |   2931 ep/s | 26.1m
[Ep   4650000/50000000] avg_r=  0.254 | h2h=  0.0000 | br= 2.5706 | avg= 0.5068 |   2894 ep/s | 26.4m
[Ep   4700000/50000000] avg_r=  0.234 | h2h=  0.0000 | br= 2.5694 | avg= 0.5102 |   2926 ep/s | 26.7m
[Ep   4750000/50000000] avg_r=  0.031 | h2h=  0.0000 | br= 2.5573 | avg= 0.4890 |   2969 ep/s | 27.0m
[Ep   4800000/50000000] avg_r=  0.171 | h2h=  0.0000 | br= 2.5452 | avg= 0.4899 |   2953 ep/s | 27.2m
[Ep   4850000/50000000] avg_r=  0.058 | h2h=  0.0000 | br= 2.5378 | avg= 0.4938 |   2921 ep/s | 27.5m
[Ep   4900000/50000000] avg_r=  0.184 | h2h=  0.0000 | br= 2.5340 | avg= 0.4950 |   2933 ep/s | 27.8m
[Ep   4950000/50000000] avg_r=  0.192 | h2h=  0.0000 | br= 2.5330 | avg= 0.4941 |   2920 ep/s | 28.1m
[Ep   5000000/50000000] avg_r=  0.190 | h2h=  0.0000 | br= 2.5320 | avg= 0.4955 |   2932 ep/s | 28.4m
[Ep   5050000/50000000] avg_r=  0.214 | h2h=  0.0000 | br= 2.5316 | avg= 0.4979 |   2908 ep/s | 28.7m
[Ep   5100000/50000000] avg_r=  0.231 | h2h=  0.0000 | br= 2.5351 | avg= 0.4986 |   2927 ep/s | 28.9m
[Ep   5150000/50000000] avg_r=  0.164 | h2h=  0.0000 | br= 2.5344 | avg= 0.4994 |   2960 ep/s | 29.2m
[Ep   5200000/50000000] avg_r=  0.121 | h2h=  0.0000 | br= 2.5325 | avg= 0.4987 |   2956 ep/s | 29.5m
[Ep   5250000/50000000] avg_r=  0.104 | h2h=  0.0000 | br= 2.5330 | avg= 0.4983 |   2920 ep/s | 29.8m
[Ep   5300000/50000000] avg_r=  0.125 | h2h=  0.0000 | br= 2.5341 | avg= 0.4923 |   2952 ep/s | 30.1m
[Ep   5350000/50000000] avg_r=  0.153 | h2h=  0.0000 | br= 2.5343 | avg= 0.4909 |   2878 ep/s | 30.4m
[Ep   5400000/50000000] avg_r=  0.180 | h2h=  0.0000 | br= 2.5405 | avg= 0.4936 |   2928 ep/s | 30.7m
[Ep   5450000/50000000] avg_r=  0.185 | h2h=  0.0000 | br= 2.5576 | avg= 0.5010 |   2935 ep/s | 30.9m
[Ep   5500000/50000000] avg_r=  0.129 | h2h=  0.0000 | br= 2.5549 | avg= 0.5027 |   2933 ep/s | 31.2m
[Ep   5550000/50000000] avg_r=  0.062 | h2h=  0.0000 | br= 2.5543 | avg= 0.5021 |   2925 ep/s | 31.5m
[Ep   5600000/50000000] avg_r=  0.109 | h2h=  0.0000 | br= 2.5533 | avg= 0.5034 |   2916 ep/s | 31.8m
[Ep   5650000/50000000] avg_r=  0.161 | h2h=  0.0000 | br= 2.5548 | avg= 0.5021 |   2934 ep/s | 32.1m
[Ep   5700000/50000000] avg_r=  0.134 | h2h=  0.0000 | br= 2.5534 | avg= 0.5039 |   2902 ep/s | 32.4m
[Ep   5750000/50000000] avg_r=  0.105 | h2h=  0.0000 | br= 2.5545 | avg= 0.5044 |   2917 ep/s | 32.6m
[Ep   5800000/50000000] avg_r=  0.076 | h2h=  0.0000 | br= 2.5520 | avg= 0.5046 |   2958 ep/s | 32.9m
[Ep   5850000/50000000] avg_r=  0.193 | h2h=  0.0000 | br= 2.5530 | avg= 0.5052 |   2882 ep/s | 33.2m
[Ep   5900000/50000000] avg_r=  0.249 | h2h=  0.0000 | br= 2.5548 | avg= 0.5188 |   2907 ep/s | 33.5m
[Ep   5950000/50000000] avg_r=  0.007 | h2h=  0.0000 | br= 2.5556 | avg= 0.5421 |   2955 ep/s | 33.8m
[Ep   6000000/50000000] avg_r=  0.112 | h2h=  0.0000 | br= 2.5327 | avg= 0.5253 |   2935 ep/s | 34.1m
[Ep   6050000/50000000] avg_r=  0.106 | h2h=  0.0000 | br= 2.4578 | avg= 0.5048 |   3037 ep/s | 34.3m
[Ep   6100000/50000000] avg_r=  0.054 | h2h=  0.0000 | br= 2.4097 | avg= 0.5054 |   3016 ep/s | 34.6m
[Ep   6150000/50000000] avg_r=  0.101 | h2h=  0.0000 | br= 2.3949 | avg= 0.5075 |   3028 ep/s | 34.9m
[Ep   6200000/50000000] avg_r=  0.087 | h2h=  0.0000 | br= 2.3989 | avg= 0.5079 |   2953 ep/s | 35.2m
[Ep   6250000/50000000] avg_r=  0.084 | h2h=  0.0000 | br= 2.3979 | avg= 0.5085 |   3021 ep/s | 35.5m
[Ep   6300000/50000000] avg_r=  0.043 | h2h=  0.0000 | br= 2.3959 | avg= 0.5087 |   3005 ep/s | 35.7m
[Ep   6350000/50000000] avg_r=  0.098 | h2h=  0.0000 | br= 2.3950 | avg= 0.5088 |   2988 ep/s | 36.0m
[Ep   6400000/50000000] avg_r= -0.034 | h2h=  0.0000 | br= 2.3932 | avg= 0.5095 |   2994 ep/s | 36.3m
[Ep   6450000/50000000] avg_r=  0.075 | h2h=  0.0000 | br= 2.3934 | avg= 0.5097 |   2975 ep/s | 36.6m
[Ep   6500000/50000000] avg_r=  0.142 | h2h=  0.0000 | br= 2.3948 | avg= 0.5107 |   2979 ep/s | 36.8m
[Ep   6550000/50000000] avg_r=  0.110 | h2h=  0.0000 | br= 2.4007 | avg= 0.5095 |   2965 ep/s | 37.1m
[Ep   6600000/50000000] avg_r=  0.081 | h2h=  0.0000 | br= 2.3989 | avg= 0.5101 |   3009 ep/s | 37.4m
[Ep   6650000/50000000] avg_r=  0.127 | h2h=  0.0000 | br= 2.3972 | avg= 0.5110 |   2994 ep/s | 37.7m
[Ep   6700000/50000000] avg_r=  0.062 | h2h=  0.0000 | br= 2.3990 | avg= 0.5104 |   3027 ep/s | 38.0m
[Ep   6750000/50000000] avg_r=  0.108 | h2h=  0.0000 | br= 2.4006 | avg= 0.5100 |   3002 ep/s | 38.2m
[Ep   6800000/50000000] avg_r=  0.050 | h2h=  0.0000 | br= 2.3992 | avg= 0.5106 |   3010 ep/s | 38.5m
[Ep   6850000/50000000] avg_r=  0.172 | h2h=  0.0000 | br= 2.3962 | avg= 0.5100 |   2983 ep/s | 38.8m
[Ep   6900000/50000000] avg_r=  0.108 | h2h=  0.0000 | br= 2.3986 | avg= 0.5092 |   2990 ep/s | 39.1m
[Ep   6950000/50000000] avg_r=  0.066 | h2h=  0.0000 | br= 2.3959 | avg= 0.5103 |   2982 ep/s | 39.4m
[Ep   7000000/50000000] avg_r=  0.095 | h2h=  0.0000 | br= 2.3954 | avg= 0.5098 |   2995 ep/s | 39.6m
[Ep   7050000/50000000] avg_r=  0.168 | h2h=  0.0000 | br= 2.3966 | avg= 0.5089 |   2970 ep/s | 39.9m
[Ep   7100000/50000000] avg_r=  0.142 | h2h=  0.0000 | br= 2.3936 | avg= 0.5095 |   2994 ep/s | 40.2m
[Ep   7150000/50000000] avg_r=  0.113 | h2h=  0.0000 | br= 2.3938 | avg= 0.5102 |   2977 ep/s | 40.5m
[Ep   7200000/50000000] avg_r=  0.023 | h2h=  0.0000 | br= 2.3958 | avg= 0.5101 |   2985 ep/s | 40.7m
[Ep   7250000/50000000] avg_r=  0.110 | h2h=  0.0000 | br= 2.3941 | avg= 0.5108 |   3000 ep/s | 41.0m
[Ep   7300000/50000000] avg_r=  0.157 | h2h=  0.0000 | br= 2.3956 | avg= 0.5132 |   2986 ep/s | 41.3m
[Ep   7350000/50000000] avg_r= -0.013 | h2h=  0.0000 | br= 2.3975 | avg= 0.5136 |   2960 ep/s | 41.6m
[Ep   7400000/50000000] avg_r=  0.153 | h2h=  0.0000 | br= 2.3986 | avg= 0.5113 |   2981 ep/s | 41.9m
[Ep   7450000/50000000] avg_r=  0.183 | h2h=  0.0000 | br= 2.3937 | avg= 0.5086 |   2923 ep/s | 42.2m
[Ep   7500000/50000000] avg_r=  0.160 | h2h=  0.0000 | br= 2.3944 | avg= 0.5107 |   2995 ep/s | 42.4m
[Ep   7550000/50000000] avg_r=  0.098 | h2h=  0.0000 | br= 2.3963 | avg= 0.5116 |   2983 ep/s | 42.7m
[Ep   7600000/50000000] avg_r=  0.190 | h2h=  0.0000 | br= 2.3946 | avg= 0.5116 |   2940 ep/s | 43.0m
[Ep   7650000/50000000] avg_r=  0.055 | h2h=  0.0000 | br= 2.4034 | avg= 0.5110 |   2995 ep/s | 43.3m
[Ep   7700000/50000000] avg_r=  0.008 | h2h=  0.0000 | br= 2.3900 | avg= 0.5122 |   3019 ep/s | 43.5m
[Ep   7750000/50000000] avg_r=  0.058 | h2h=  0.0000 | br= 2.3815 | avg= 0.5112 |   3014 ep/s | 43.8m
[Ep   7800000/50000000] avg_r=  0.059 | h2h=  0.0000 | br= 2.3791 | avg= 0.5120 |   3007 ep/s | 44.1m
[Ep   7850000/50000000] avg_r=  0.083 | h2h=  0.0000 | br= 2.3816 | avg= 0.5124 |   2991 ep/s | 44.4m
[Ep   7900000/50000000] avg_r=  0.026 | h2h=  0.0000 | br= 2.3769 | avg= 0.5123 |   3016 ep/s | 44.7m
[Ep   7950000/50000000] avg_r=  0.028 | h2h=  0.0000 | br= 2.3820 | avg= 0.5127 |   3028 ep/s | 44.9m
[Ep   8000000/50000000] avg_r=  0.024 | h2h=  0.0000 | br= 2.3857 | avg= 0.5105 |   2978 ep/s | 45.2m
[Ep   8050000/50000000] avg_r=  0.104 | h2h=  0.0000 | br= 2.3828 | avg= 0.5114 |   2998 ep/s | 45.5m
[Ep   8100000/50000000] avg_r= -0.077 | h2h=  0.0000 | br= 2.3818 | avg= 0.5118 |   2980 ep/s | 45.8m
[Ep   8150000/50000000] avg_r=  0.063 | h2h=  0.0000 | br= 2.3816 | avg= 0.5127 |   3014 ep/s | 46.0m
[Ep   8200000/50000000] avg_r=  0.043 | h2h=  0.0000 | br= 2.3810 | avg= 0.5122 |   3004 ep/s | 46.3m
[Ep   8250000/50000000] avg_r= -0.024 | h2h=  0.0000 | br= 2.3785 | avg= 0.5110 |   2981 ep/s | 46.6m
[Ep   8300000/50000000] avg_r=  0.073 | h2h=  0.0000 | br= 2.3829 | avg= 0.5126 |   3025 ep/s | 46.9m
[Ep   8350000/50000000] avg_r=  0.010 | h2h=  0.0000 | br= 2.3803 | avg= 0.5105 |   3001 ep/s | 47.2m
[Ep   8400000/50000000] avg_r=  0.029 | h2h=  0.0000 | br= 2.3808 | avg= 0.5117 |   2975 ep/s | 47.4m
[Ep   8450000/50000000] avg_r=  0.084 | h2h=  0.0000 | br= 2.3768 | avg= 0.5107 |   2985 ep/s | 47.7m
[Ep   8500000/50000000] avg_r=  0.087 | h2h=  0.0000 | br= 2.3771 | avg= 0.5111 |   2986 ep/s | 48.0m
[Ep   8550000/50000000] avg_r=  0.101 | h2h=  0.0000 | br= 2.3773 | avg= 0.5109 |   3027 ep/s | 48.3m
[Ep   8600000/50000000] avg_r=  0.001 | h2h=  0.0000 | br= 2.3791 | avg= 0.5092 |   2980 ep/s | 48.5m
[Ep   8650000/50000000] avg_r=  0.097 | h2h=  0.0000 | br= 2.3779 | avg= 0.5087 |   3017 ep/s | 48.8m
[Ep   8700000/50000000] avg_r= -0.037 | h2h=  0.0000 | br= 2.3784 | avg= 0.5094 |   3005 ep/s | 49.1m
[Ep   8750000/50000000] avg_r= -0.029 | h2h=  0.0000 | br= 2.3792 | avg= 0.5093 |   2980 ep/s | 49.4m
[Ep   8800000/50000000] avg_r=  0.058 | h2h=  0.0000 | br= 2.3784 | avg= 0.5094 |   3004 ep/s | 49.7m
[Ep   8850000/50000000] avg_r=  0.003 | h2h=  0.0000 | br= 2.3757 | avg= 0.5074 |   3003 ep/s | 49.9m
[Ep   8900000/50000000] avg_r=  0.055 | h2h=  0.0000 | br= 2.3779 | avg= 0.5078 |   3004 ep/s | 50.2m
[Ep   8950000/50000000] avg_r=  0.050 | h2h=  0.0000 | br= 2.3812 | avg= 0.5073 |   2975 ep/s | 50.5m
[Ep   9000000/50000000] avg_r=  0.018 | h2h=  0.0000 | br= 2.3820 | avg= 0.5064 |   2998 ep/s | 50.8m
[Ep   9050000/50000000] avg_r=  0.039 | h2h=  0.0000 | br= 2.3773 | avg= 0.5066 |   3023 ep/s | 51.0m
[Ep   9100000/50000000] avg_r= -0.013 | h2h=  0.0000 | br= 2.3786 | avg= 0.5066 |   2968 ep/s | 51.3m
[Ep   9150000/50000000] avg_r=  0.044 | h2h=  0.0000 | br= 2.3804 | avg= 0.5066 |   3022 ep/s | 51.6m
[Ep   9200000/50000000] avg_r=  0.107 | h2h=  0.0000 | br= 2.3814 | avg= 0.5050 |   3021 ep/s | 51.9m
[Ep   9250000/50000000] avg_r=  0.085 | h2h=  0.0000 | br= 2.3847 | avg= 0.5058 |   2985 ep/s | 52.2m
[Ep   9300000/50000000] avg_r=  0.039 | h2h=  0.0000 | br= 2.3840 | avg= 0.5035 |   3024 ep/s | 52.4m
[Ep   9350000/50000000] avg_r= -0.020 | h2h=  0.0000 | br= 2.3819 | avg= 0.5034 |   3010 ep/s | 52.7m
[Ep   9400000/50000000] avg_r= -0.027 | h2h=  0.0000 | br= 2.3833 | avg= 0.5034 |   2994 ep/s | 53.0m
[Ep   9450000/50000000] avg_r=  0.016 | h2h=  0.0000 | br= 2.3800 | avg= 0.5016 |   2990 ep/s | 53.3m
[Ep   9500000/50000000] avg_r=  0.073 | h2h=  0.0000 | br= 2.3798 | avg= 0.5087 |   3017 ep/s | 53.5m
[Ep   9550000/50000000] avg_r=  0.087 | h2h=  0.0000 | br= 2.3780 | avg= 0.5161 |   3027 ep/s | 53.8m
[Ep   9600000/50000000] avg_r=  0.016 | h2h=  0.0000 | br= 2.3780 | avg= 0.5152 |   3214 ep/s | 54.1m
[Ep   9650000/50000000] avg_r=  0.047 | h2h=  0.0000 | br= 2.3914 | avg= 0.5040 |   3169 ep/s | 54.3m
[Ep   9700000/50000000] avg_r=  0.045 | h2h=  0.0000 | br= 2.3981 | avg= 0.5004 |   2964 ep/s | 54.6m
[Ep   9750000/50000000] avg_r=  0.002 | h2h=  0.0000 | br= 2.4035 | avg= 0.4997 |   3195 ep/s | 54.9m
[Ep   9800000/50000000] avg_r=  0.037 | h2h=  0.0000 | br= 2.4001 | avg= 0.4998 |   4138 ep/s | 55.1m
[Ep   9850000/50000000] avg_r= -0.079 | h2h=  0.0000 | br= 2.4004 | avg= 0.5004 |   3749 ep/s | 55.3m
[Ep   9900000/50000000] avg_r=  0.059 | h2h=  0.0000 | br= 2.4011 | avg= 0.4995 |   2991 ep/s | 55.6m
[Ep   9950000/50000000] avg_r=  0.081 | h2h=  0.0000 | br= 2.4055 | avg= 0.4989 |   2975 ep/s | 55.9m
[Ep  10000000/50000000] avg_r=  0.065 | h2h=  0.0000 | br= 2.4005 | avg= 0.5018 |   2967 ep/s | 56.1m
[H2H] ep=10000000 | avg_reward=188.9500 over 1000 games
  >>> H2H WINRATE @ ep 10000000: 188.9500
  [CHECKPOINT] saved at ep 10000000
[snapshot] ep=10000000 -> /home/anthonyn/cos435/cpp-implementation/snapshots/holdem_64x64_iqn_neutral/ep10000000
[Ep  10050000/50000000] avg_r= -0.088 | h2h=188.9500 | br= 2.4003 | avg= 0.5014 |   1217 ep/s | 56.8m
[Ep  10100000/50000000] avg_r= -0.036 | h2h=188.9500 | br= 2.3976 | avg= 0.5028 |   2872 ep/s | 57.1m
[Ep  10150000/50000000] avg_r= -0.034 | h2h=188.9500 | br= 2.3670 | avg= 0.4994 |   2859 ep/s | 57.4m
[Ep  10200000/50000000] avg_r=  0.026 | h2h=188.9500 | br= 2.3437 | avg= 0.5018 |   2908 ep/s | 57.7m
[Ep  10250000/50000000] avg_r=  0.055 | h2h=188.9500 | br= 2.3405 | avg= 0.5011 |   2944 ep/s | 58.0m
[Ep  10300000/50000000] avg_r= -0.027 | h2h=188.9500 | br= 2.3395 | avg= 0.5014 |   2943 ep/s | 58.3m
[Ep  10350000/50000000] avg_r=  0.060 | h2h=188.9500 | br= 2.3423 | avg= 0.5008 |   2919 ep/s | 58.6m
[Ep  10400000/50000000] avg_r=  0.060 | h2h=188.9500 | br= 2.3414 | avg= 0.5030 |   2962 ep/s | 58.8m
[Ep  10450000/50000000] avg_r=  0.122 | h2h=188.9500 | br= 2.3439 | avg= 0.5011 |   2966 ep/s | 59.1m
[Ep  10500000/50000000] avg_r= -0.004 | h2h=188.9500 | br= 2.3438 | avg= 0.5012 |   2958 ep/s | 59.4m
[Ep  10550000/50000000] avg_r= -0.050 | h2h=188.9500 | br= 2.3433 | avg= 0.5028 |   2982 ep/s | 59.7m
[Ep  10600000/50000000] avg_r=  0.049 | h2h=188.9500 | br= 2.3396 | avg= 0.5035 |   2947 ep/s | 60.0m
[Ep  10650000/50000000] avg_r=  0.054 | h2h=188.9500 | br= 2.3428 | avg= 0.5026 |   2950 ep/s | 60.2m
[Ep  10700000/50000000] avg_r=  0.113 | h2h=188.9500 | br= 2.3389 | avg= 0.5027 |   2961 ep/s | 60.5m
[Ep  10750000/50000000] avg_r=  0.030 | h2h=188.9500 | br= 2.3416 | avg= 0.5020 |   2998 ep/s | 60.8m
[Ep  10800000/50000000] avg_r=  0.065 | h2h=188.9500 | br= 2.3450 | avg= 0.5036 |   2979 ep/s | 61.1m
[Ep  10850000/50000000] avg_r= -0.061 | h2h=188.9500 | br= 2.3431 | avg= 0.5032 |   2963 ep/s | 61.4m
[Ep  10900000/50000000] avg_r= -0.060 | h2h=188.9500 | br= 2.3473 | avg= 0.5035 |   2993 ep/s | 61.6m
[Ep  10950000/50000000] avg_r=  0.034 | h2h=188.9500 | br= 2.3439 | avg= 0.5031 |   2961 ep/s | 61.9m
[Ep  11000000/50000000] avg_r=  0.015 | h2h=188.9500 | br= 2.3396 | avg= 0.5027 |   3013 ep/s | 62.2m
[Ep  11050000/50000000] avg_r=  0.063 | h2h=188.9500 | br= 2.3398 | avg= 0.5034 |   2984 ep/s | 62.5m
[Ep  11100000/50000000] avg_r=  0.056 | h2h=188.9500 | br= 2.3402 | avg= 0.5020 |   2990 ep/s | 62.8m
[Ep  11150000/50000000] avg_r= -0.018 | h2h=188.9500 | br= 2.3398 | avg= 0.5023 |   2993 ep/s | 63.0m
[Ep  11200000/50000000] avg_r=  0.013 | h2h=188.9500 | br= 2.3460 | avg= 0.5039 |   2970 ep/s | 63.3m
[Ep  11250000/50000000] avg_r= -0.003 | h2h=188.9500 | br= 2.3433 | avg= 0.5024 |   2975 ep/s | 63.6m
[Ep  11300000/50000000] avg_r= -0.069 | h2h=188.9500 | br= 2.3378 | avg= 0.5015 |   2957 ep/s | 63.9m
[Ep  11350000/50000000] avg_r=  0.024 | h2h=188.9500 | br= 2.3394 | avg= 0.5017 |   2949 ep/s | 64.2m
[Ep  11400000/50000000] avg_r= -0.014 | h2h=188.9500 | br= 2.3368 | avg= 0.5026 |   2920 ep/s | 64.4m
[Ep  11450000/50000000] avg_r=  0.017 | h2h=188.9500 | br= 2.3407 | avg= 0.5020 |   2946 ep/s | 64.7m
[Ep  11500000/50000000] avg_r=  0.054 | h2h=188.9500 | br= 2.3412 | avg= 0.5019 |   2927 ep/s | 65.0m
[Ep  11550000/50000000] avg_r=  0.031 | h2h=188.9500 | br= 2.3392 | avg= 0.5019 |   2947 ep/s | 65.3m
[Ep  11600000/50000000] avg_r=  0.096 | h2h=188.9500 | br= 2.3398 | avg= 0.5014 |   2988 ep/s | 65.6m
[Ep  11650000/50000000] avg_r= -0.020 | h2h=188.9500 | br= 2.3409 | avg= 0.5021 |   2975 ep/s | 65.9m
[Ep  11700000/50000000] avg_r= -0.078 | h2h=188.9500 | br= 2.3422 | avg= 0.5002 |   2936 ep/s | 66.1m
[Ep  11750000/50000000] avg_r=  0.035 | h2h=188.9500 | br= 2.3406 | avg= 0.4995 |   2986 ep/s | 66.4m
[Ep  11800000/50000000] avg_r=  0.059 | h2h=188.9500 | br= 2.3419 | avg= 0.5014 |   2978 ep/s | 66.7m
[Ep  11850000/50000000] avg_r= -0.063 | h2h=188.9500 | br= 2.3395 | avg= 0.5010 |   2981 ep/s | 67.0m
[Ep  11900000/50000000] avg_r= -0.036 | h2h=188.9500 | br= 2.3398 | avg= 0.4998 |   2940 ep/s | 67.3m
[Ep  11950000/50000000] avg_r= -0.012 | h2h=188.9500 | br= 2.3391 | avg= 0.4988 |   2947 ep/s | 67.5m
[Ep  12000000/50000000] avg_r=  0.036 | h2h=188.9500 | br= 2.3372 | avg= 0.4984 |   2942 ep/s | 67.8m
[Ep  12050000/50000000] avg_r=  0.023 | h2h=188.9500 | br= 2.3389 | avg= 0.4978 |   2951 ep/s | 68.1m
[Ep  12100000/50000000] avg_r=  0.039 | h2h=188.9500 | br= 2.3410 | avg= 0.4985 |   2962 ep/s | 68.4m
[Ep  12150000/50000000] avg_r=  0.016 | h2h=188.9500 | br= 2.3421 | avg= 0.4989 |   2927 ep/s | 68.7m
[Ep  12200000/50000000] avg_r= -0.057 | h2h=188.9500 | br= 2.3607 | avg= 0.4980 |   2881 ep/s | 69.0m
[Ep  12250000/50000000] avg_r= -0.021 | h2h=188.9500 | br= 2.3751 | avg= 0.4991 |   2909 ep/s | 69.2m
[Ep  12300000/50000000] avg_r= -0.001 | h2h=188.9500 | br= 2.3774 | avg= 0.4996 |   2926 ep/s | 69.5m
[Ep  12350000/50000000] avg_r=  0.029 | h2h=188.9500 | br= 2.3826 | avg= 0.4978 |   2890 ep/s | 69.8m
[Ep  12400000/50000000] avg_r=  0.030 | h2h=188.9500 | br= 2.3790 | avg= 0.4995 |   2936 ep/s | 70.1m
[Ep  12450000/50000000] avg_r= -0.074 | h2h=188.9500 | br= 2.3774 | avg= 0.4993 |   2876 ep/s | 70.4m
[Ep  12500000/50000000] avg_r=  0.095 | h2h=188.9500 | br= 2.3791 | avg= 0.4995 |   2897 ep/s | 70.7m
[Ep  12550000/50000000] avg_r= -0.047 | h2h=188.9500 | br= 2.3794 | avg= 0.4992 |   2915 ep/s | 71.0m
[Ep  12600000/50000000] avg_r=  0.097 | h2h=188.9500 | br= 2.3795 | avg= 0.4989 |   2916 ep/s | 71.3m
[Ep  12650000/50000000] avg_r= -0.045 | h2h=188.9500 | br= 2.3793 | avg= 0.4979 |   2961 ep/s | 71.5m
[Ep  12700000/50000000] avg_r=  0.059 | h2h=188.9500 | br= 2.3768 | avg= 0.4977 |   2925 ep/s | 71.8m
[Ep  12750000/50000000] avg_r=  0.013 | h2h=188.9500 | br= 2.3771 | avg= 0.4988 |   2924 ep/s | 72.1m
[Ep  12800000/50000000] avg_r= -0.017 | h2h=188.9500 | br= 2.3780 | avg= 0.4991 |   2909 ep/s | 72.4m
[Ep  12850000/50000000] avg_r=  0.013 | h2h=188.9500 | br= 2.3825 | avg= 0.4988 |   2914 ep/s | 72.7m
[Ep  12900000/50000000] avg_r=  0.033 | h2h=188.9500 | br= 2.3836 | avg= 0.4972 |   2933 ep/s | 73.0m
[Ep  12950000/50000000] avg_r= -0.047 | h2h=188.9500 | br= 2.3787 | avg= 0.4970 |   2919 ep/s | 73.2m
[Ep  13000000/50000000] avg_r= -0.038 | h2h=188.9500 | br= 2.3808 | avg= 0.4968 |   2920 ep/s | 73.5m
[Ep  13050000/50000000] avg_r= -0.078 | h2h=188.9500 | br= 2.3817 | avg= 0.4976 |   2912 ep/s | 73.8m
[Ep  13100000/50000000] avg_r= -0.029 | h2h=188.9500 | br= 2.3754 | avg= 0.4971 |   2968 ep/s | 74.1m
[Ep  13150000/50000000] avg_r= -0.095 | h2h=188.9500 | br= 2.3783 | avg= 0.4967 |   2900 ep/s | 74.4m
[Ep  13200000/50000000] avg_r=  0.028 | h2h=188.9500 | br= 2.3805 | avg= 0.4970 |   2927 ep/s | 74.7m
[Ep  13250000/50000000] avg_r= -0.108 | h2h=188.9500 | br= 2.3804 | avg= 0.4966 |   2948 ep/s | 75.0m
[Ep  13300000/50000000] avg_r= -0.031 | h2h=188.9500 | br= 2.3807 | avg= 0.4966 |   2883 ep/s | 75.2m
[Ep  13350000/50000000] avg_r=  0.004 | h2h=188.9500 | br= 2.3803 | avg= 0.4974 |   2985 ep/s | 75.5m
[Ep  13400000/50000000] avg_r=  0.031 | h2h=188.9500 | br= 2.3801 | avg= 0.4960 |   2964 ep/s | 75.8m
[Ep  13450000/50000000] avg_r= -0.024 | h2h=188.9500 | br= 2.3838 | avg= 0.4957 |   2916 ep/s | 76.1m
[Ep  13500000/50000000] avg_r=  0.044 | h2h=188.9500 | br= 2.3825 | avg= 0.4953 |   2936 ep/s | 76.4m
[Ep  13550000/50000000] avg_r= -0.027 | h2h=188.9500 | br= 2.3794 | avg= 0.4965 |   2910 ep/s | 76.7m
[Ep  13600000/50000000] avg_r= -0.025 | h2h=188.9500 | br= 2.3814 | avg= 0.5015 |   2869 ep/s | 77.0m
[Ep  13650000/50000000] avg_r= -0.046 | h2h=188.9500 | br= 2.3819 | avg= 0.5019 |   2919 ep/s | 77.2m
[Ep  13700000/50000000] avg_r= -0.066 | h2h=188.9500 | br= 2.3780 | avg= 0.5015 |   2904 ep/s | 77.5m
[Ep  13750000/50000000] avg_r= -0.111 | h2h=188.9500 | br= 2.3793 | avg= 0.5021 |   2929 ep/s | 77.8m
[Ep  13800000/50000000] avg_r=  0.010 | h2h=188.9500 | br= 2.3843 | avg= 0.5005 |   2901 ep/s | 78.1m
[Ep  13850000/50000000] avg_r=  0.102 | h2h=188.9500 | br= 2.3847 | avg= 0.4969 |   2881 ep/s | 78.4m
[Ep  13900000/50000000] avg_r=  0.038 | h2h=188.9500 | br= 2.3859 | avg= 0.4944 |   2874 ep/s | 78.7m
[Ep  13950000/50000000] avg_r=  0.102 | h2h=188.9500 | br= 2.3873 | avg= 0.4951 |   2921 ep/s | 79.0m
[Ep  14000000/50000000] avg_r=  0.097 | h2h=188.9500 | br= 2.3879 | avg= 0.4932 |   2880 ep/s | 79.2m
[Ep  14050000/50000000] avg_r=  0.085 | h2h=188.9500 | br= 2.3857 | avg= 0.4940 |   2826 ep/s | 79.5m
[Ep  14100000/50000000] avg_r=  0.141 | h2h=188.9500 | br= 2.3877 | avg= 0.4949 |   2912 ep/s | 79.8m
[Ep  14150000/50000000] avg_r=  0.091 | h2h=188.9500 | br= 2.3854 | avg= 0.4929 |   2909 ep/s | 80.1m
[Ep  14200000/50000000] avg_r=  0.048 | h2h=188.9500 | br= 2.3850 | avg= 0.4958 |   2898 ep/s | 80.4m
[Ep  14250000/50000000] avg_r=  0.106 | h2h=188.9500 | br= 2.3847 | avg= 0.4944 |   2934 ep/s | 80.7m
[Ep  14300000/50000000] avg_r=  0.133 | h2h=188.9500 | br= 2.3845 | avg= 0.4933 |   2906 ep/s | 81.0m
[Ep  14350000/50000000] avg_r=  0.194 | h2h=188.9500 | br= 2.3845 | avg= 0.4945 |   2883 ep/s | 81.3m
[Ep  14400000/50000000] avg_r=  0.146 | h2h=188.9500 | br= 2.3829 | avg= 0.4932 |   2907 ep/s | 81.6m
[Ep  14450000/50000000] avg_r=  0.086 | h2h=188.9500 | br= 2.3841 | avg= 0.4928 |   2889 ep/s | 81.8m
[Ep  14500000/50000000] avg_r=  0.232 | h2h=188.9500 | br= 2.3850 | avg= 0.4924 |   2887 ep/s | 82.1m
[Ep  14550000/50000000] avg_r=  0.180 | h2h=188.9500 | br= 2.3834 | avg= 0.4938 |   2867 ep/s | 82.4m
[Ep  14600000/50000000] avg_r=  0.129 | h2h=188.9500 | br= 2.3805 | avg= 0.4934 |   2879 ep/s | 82.7m
[Ep  14650000/50000000] avg_r=  0.152 | h2h=188.9500 | br= 2.3832 | avg= 0.4938 |   2909 ep/s | 83.0m
[Ep  14700000/50000000] avg_r=  0.083 | h2h=188.9500 | br= 2.3830 | avg= 0.4926 |   2899 ep/s | 83.3m
[Ep  14750000/50000000] avg_r=  0.117 | h2h=188.9500 | br= 2.3844 | avg= 0.4935 |   2860 ep/s | 83.6m
[Ep  14800000/50000000] avg_r=  0.093 | h2h=188.9500 | br= 2.3845 | avg= 0.4912 |   2846 ep/s | 83.9m
[Ep  14850000/50000000] avg_r=  0.137 | h2h=188.9500 | br= 2.3851 | avg= 0.4921 |   2919 ep/s | 84.2m
[Ep  14900000/50000000] avg_r=  0.096 | h2h=188.9500 | br= 2.3794 | avg= 0.4929 |   2913 ep/s | 84.4m
[Ep  14950000/50000000] avg_r=  0.020 | h2h=188.9500 | br= 2.3830 | avg= 0.4908 |   2899 ep/s | 84.7m
[Ep  15000000/50000000] avg_r=  0.144 | h2h=188.9500 | br= 2.3849 | avg= 0.4900 |   2873 ep/s | 85.0m
[Ep  15050000/50000000] avg_r=  0.100 | h2h=188.9500 | br= 2.3852 | avg= 0.4863 |   2888 ep/s | 85.3m
[Ep  15100000/50000000] avg_r=  0.204 | h2h=188.9500 | br= 2.3829 | avg= 0.4862 |   2886 ep/s | 85.6m
[Ep  15150000/50000000] avg_r=  0.078 | h2h=188.9500 | br= 2.3826 | avg= 0.4865 |   2880 ep/s | 85.9m
[Ep  15200000/50000000] avg_r=  0.095 | h2h=188.9500 | br= 2.3835 | avg= 0.4860 |   2905 ep/s | 86.2m
[Ep  15250000/50000000] avg_r=  0.087 | h2h=188.9500 | br= 2.3786 | avg= 0.4871 |   2858 ep/s | 86.5m
[Ep  15300000/50000000] avg_r=  0.056 | h2h=188.9500 | br= 2.4021 | avg= 0.4900 |   2892 ep/s | 86.7m
[Ep  15350000/50000000] avg_r=  0.090 | h2h=188.9500 | br= 2.4330 | avg= 0.4913 |   2891 ep/s | 87.0m
[Ep  15400000/50000000] avg_r=  0.010 | h2h=188.9500 | br= 2.4368 | avg= 0.4906 |   2848 ep/s | 87.3m
[Ep  15450000/50000000] avg_r=  0.086 | h2h=188.9500 | br= 2.4338 | avg= 0.4885 |   2864 ep/s | 87.6m
[Ep  15500000/50000000] avg_r=  0.056 | h2h=188.9500 | br= 2.4357 | avg= 0.4888 |   2869 ep/s | 87.9m
[Ep  15550000/50000000] avg_r=  0.058 | h2h=188.9500 | br= 2.4362 | avg= 0.4903 |   2844 ep/s | 88.2m
[Ep  15600000/50000000] avg_r=  0.104 | h2h=188.9500 | br= 2.4386 | avg= 0.4894 |   2895 ep/s | 88.5m
[Ep  15650000/50000000] avg_r=  0.051 | h2h=188.9500 | br= 2.4401 | avg= 0.4887 |   2893 ep/s | 88.8m
[Ep  15700000/50000000] avg_r=  0.076 | h2h=188.9500 | br= 2.4390 | avg= 0.4896 |   2871 ep/s | 89.1m
[Ep  15750000/50000000] avg_r=  0.075 | h2h=188.9500 | br= 2.4339 | avg= 0.4894 |   2850 ep/s | 89.4m
[Ep  15800000/50000000] avg_r=  0.133 | h2h=188.9500 | br= 2.4317 | avg= 0.4869 |   2887 ep/s | 89.7m
[Ep  15850000/50000000] avg_r=  0.089 | h2h=188.9500 | br= 2.4333 | avg= 0.4876 |   2862 ep/s | 89.9m
[Ep  15900000/50000000] avg_r=  0.064 | h2h=188.9500 | br= 2.4348 | avg= 0.4878 |   2863 ep/s | 90.2m
[Ep  15950000/50000000] avg_r=  0.050 | h2h=188.9500 | br= 2.4386 | avg= 0.4885 |   2833 ep/s | 90.5m
[Ep  16000000/50000000] avg_r= -0.001 | h2h=188.9500 | br= 2.4362 | avg= 0.4887 |   2871 ep/s | 90.8m
[Ep  16050000/50000000] avg_r=  0.131 | h2h=188.9500 | br= 2.4365 | avg= 0.4886 |   2872 ep/s | 91.1m
[Ep  16100000/50000000] avg_r=  0.135 | h2h=188.9500 | br= 2.4393 | avg= 0.4885 |   2843 ep/s | 91.4m
[Ep  16150000/50000000] avg_r=  0.081 | h2h=188.9500 | br= 2.4375 | avg= 0.4888 |   2858 ep/s | 91.7m
[Ep  16200000/50000000] avg_r=  0.109 | h2h=188.9500 | br= 2.4376 | avg= 0.4866 |   2844 ep/s | 92.0m
[Ep  16250000/50000000] avg_r=  0.073 | h2h=188.9500 | br= 2.4388 | avg= 0.4855 |   2853 ep/s | 92.3m
[Ep  16300000/50000000] avg_r=  0.099 | h2h=188.9500 | br= 2.4386 | avg= 0.4852 |   2882 ep/s | 92.6m
[Ep  16350000/50000000] avg_r=  0.109 | h2h=188.9500 | br= 2.4338 | avg= 0.4857 |   2852 ep/s | 92.9m
[Ep  16400000/50000000] avg_r=  0.120 | h2h=188.9500 | br= 2.4339 | avg= 0.4848 |   2864 ep/s | 93.1m
[Ep  16450000/50000000] avg_r=  0.153 | h2h=188.9500 | br= 2.4358 | avg= 0.4853 |   2820 ep/s | 93.4m
[Ep  16500000/50000000] avg_r=  0.152 | h2h=188.9500 | br= 2.4391 | avg= 0.4837 |   2865 ep/s | 93.7m
[Ep  16550000/50000000] avg_r=  0.075 | h2h=188.9500 | br= 2.4403 | avg= 0.4843 |   2910 ep/s | 94.0m
[Ep  16600000/50000000] avg_r=  0.095 | h2h=188.9500 | br= 2.4392 | avg= 0.4841 |   2882 ep/s | 94.3m
[Ep  16650000/50000000] avg_r=  0.017 | h2h=188.9500 | br= 2.4340 | avg= 0.4838 |   2839 ep/s | 94.6m
[Ep  16700000/50000000] avg_r=  0.060 | h2h=188.9500 | br= 2.4377 | avg= 0.4831 |   2847 ep/s | 94.9m
[Ep  16750000/50000000] avg_r=  0.128 | h2h=188.9500 | br= 2.4398 | avg= 0.4827 |   2838 ep/s | 95.2m
[Ep  16800000/50000000] avg_r=  0.119 | h2h=188.9500 | br= 2.4373 | avg= 0.4825 |   2839 ep/s | 95.5m
[Ep  16850000/50000000] avg_r=  0.119 | h2h=188.9500 | br= 2.4375 | avg= 0.4824 |   2880 ep/s | 95.8m
[Ep  16900000/50000000] avg_r=  0.104 | h2h=188.9500 | br= 2.4403 | avg= 0.4824 |   2866 ep/s | 96.1m
[Ep  16950000/50000000] avg_r=  0.191 | h2h=188.9500 | br= 2.4409 | avg= 0.4809 |   2851 ep/s | 96.4m
[Ep  17000000/50000000] avg_r=  0.094 | h2h=188.9500 | br= 2.4371 | avg= 0.4801 |   2872 ep/s | 96.6m
[Ep  17050000/50000000] avg_r=  0.006 | h2h=188.9500 | br= 2.4394 | avg= 0.4813 |   2863 ep/s | 96.9m
[Ep  17100000/50000000] avg_r=  0.090 | h2h=188.9500 | br= 2.4393 | avg= 0.4813 |   2829 ep/s | 97.2m
[Ep  17150000/50000000] avg_r=  0.029 | h2h=188.9500 | br= 2.4344 | avg= 0.4804 |   2832 ep/s | 97.5m
[Ep  17200000/50000000] avg_r=  0.144 | h2h=188.9500 | br= 2.4350 | avg= 0.4796 |   2893 ep/s | 97.8m
[Ep  17250000/50000000] avg_r=  0.110 | h2h=188.9500 | br= 2.4393 | avg= 0.4795 |   2874 ep/s | 98.1m
[Ep  17300000/50000000] avg_r=  0.128 | h2h=188.9500 | br= 2.4384 | avg= 0.4792 |   2872 ep/s | 98.4m
[Ep  17350000/50000000] avg_r=  0.129 | h2h=188.9500 | br= 2.4361 | avg= 0.4790 |   2898 ep/s | 98.7m
[Ep  17400000/50000000] avg_r=  0.063 | h2h=188.9500 | br= 2.4362 | avg= 0.4793 |   2870 ep/s | 99.0m
[Ep  17450000/50000000] avg_r= -0.031 | h2h=188.9500 | br= 2.4368 | avg= 0.4794 |   2869 ep/s | 99.3m
[Ep  17500000/50000000] avg_r=  0.118 | h2h=188.9500 | br= 2.4380 | avg= 0.4790 |   2868 ep/s | 99.6m
[Ep  17550000/50000000] avg_r=  0.137 | h2h=188.9500 | br= 2.4423 | avg= 0.4781 |   2846 ep/s | 99.8m
[Ep  17600000/50000000] avg_r=  0.137 | h2h=188.9500 | br= 2.4402 | avg= 0.4761 |   2879 ep/s | 100.1m
[Ep  17650000/50000000] avg_r=  0.050 | h2h=188.9500 | br= 2.4354 | avg= 0.4765 |   2811 ep/s | 100.4m
[Ep  17700000/50000000] avg_r=  0.097 | h2h=188.9500 | br= 2.4345 | avg= 0.4768 |   2836 ep/s | 100.7m
[Ep  17750000/50000000] avg_r=  0.135 | h2h=188.9500 | br= 2.4396 | avg= 0.4763 |   2766 ep/s | 101.0m
[Ep  17800000/50000000] avg_r=  0.146 | h2h=188.9500 | br= 2.4382 | avg= 0.4763 |   2840 ep/s | 101.3m
[Ep  17850000/50000000] avg_r= -0.087 | h2h=188.9500 | br= 2.4360 | avg= 0.4763 |   2765 ep/s | 101.6m
[Ep  17900000/50000000] avg_r=  0.155 | h2h=188.9500 | br= 2.4354 | avg= 0.4762 |   2834 ep/s | 101.9m
[Ep  17950000/50000000] avg_r=  0.028 | h2h=188.9500 | br= 2.4335 | avg= 0.4751 |   2815 ep/s | 102.2m
[Ep  18000000/50000000] avg_r=  0.084 | h2h=188.9500 | br= 2.4391 | avg= 0.4741 |   2786 ep/s | 102.5m
[Ep  18050000/50000000] avg_r=  0.061 | h2h=188.9500 | br= 2.4364 | avg= 0.4746 |   2896 ep/s | 102.8m
[Ep  18100000/50000000] avg_r=  0.099 | h2h=188.9500 | br= 2.4357 | avg= 0.4737 |   2737 ep/s | 103.1m
[Ep  18150000/50000000] avg_r=  0.109 | h2h=188.9500 | br= 2.4378 | avg= 0.4744 |   2753 ep/s | 103.4m
[Ep  18200000/50000000] avg_r=  0.077 | h2h=188.9500 | br= 2.4394 | avg= 0.4719 |   2810 ep/s | 103.7m
[Ep  18250000/50000000] avg_r=  0.160 | h2h=188.9500 | br= 2.4375 | avg= 0.4721 |   2795 ep/s | 104.0m
[Ep  18300000/50000000] avg_r=  0.193 | h2h=188.9500 | br= 2.4378 | avg= 0.4718 |   2731 ep/s | 104.3m
[Ep  18350000/50000000] avg_r=  0.207 | h2h=188.9500 | br= 2.4359 | avg= 0.4717 |   2743 ep/s | 104.6m
[Ep  18400000/50000000] avg_r=  0.060 | h2h=188.9500 | br= 2.4357 | avg= 0.4717 |   2762 ep/s | 104.9m
[Ep  18450000/50000000] avg_r=  0.082 | h2h=188.9500 | br= 2.4370 | avg= 0.4713 |   2778 ep/s | 105.2m
[Ep  18500000/50000000] avg_r=  0.138 | h2h=188.9500 | br= 2.4355 | avg= 0.4742 |   2866 ep/s | 105.5m
[Ep  18550000/50000000] avg_r=  0.240 | h2h=188.9500 | br= 2.4336 | avg= 0.4815 |   2806 ep/s | 105.8m
[Ep  18600000/50000000] avg_r=  0.167 | h2h=188.9500 | br= 2.4348 | avg= 0.4820 |   2795 ep/s | 106.1m
[Ep  18650000/50000000] avg_r=  0.003 | h2h=188.9500 | br= 2.4361 | avg= 0.4830 |   2959 ep/s | 106.4m
[Ep  18700000/50000000] avg_r=  0.050 | h2h=188.9500 | br= 2.4383 | avg= 0.4820 |   3267 ep/s | 106.6m
[Ep  18750000/50000000] avg_r=  0.023 | h2h=188.9500 | br= 2.4402 | avg= 0.4809 |   3253 ep/s | 106.9m
[Ep  18800000/50000000] avg_r=  0.060 | h2h=188.9500 | br= 2.4361 | avg= 0.4549 |   3232 ep/s | 107.1m
[Ep  18850000/50000000] avg_r=  0.025 | h2h=188.9500 | br= 2.4333 | avg= 0.4466 |   3187 ep/s | 107.4m
[Ep  18900000/50000000] avg_r=  0.143 | h2h=188.9500 | br= 2.4334 | avg= 0.4438 |   2820 ep/s | 107.7m
[Ep  18950000/50000000] avg_r=  0.111 | h2h=188.9500 | br= 2.4329 | avg= 0.4338 |   2824 ep/s | 108.0m
[Ep  19000000/50000000] avg_r=  0.107 | h2h=188.9500 | br= 2.4328 | avg= 0.4337 |   2825 ep/s | 108.3m
[Ep  19050000/50000000] avg_r=  0.167 | h2h=188.9500 | br= 2.4280 | avg= 0.4329 |   2827 ep/s | 108.6m
[Ep  19100000/50000000] avg_r=  0.087 | h2h=188.9500 | br= 2.4010 | avg= 0.4624 |   2788 ep/s | 108.9m
[Ep  19150000/50000000] avg_r=  0.047 | h2h=188.9500 | br= 2.4172 | avg= 0.4678 |   2847 ep/s | 109.2m
[Ep  19200000/50000000] avg_r=  0.021 | h2h=188.9500 | br= 2.4269 | avg= 0.4679 |   2983 ep/s | 109.5m
[Ep  19250000/50000000] avg_r=  0.093 | h2h=188.9500 | br= 2.4286 | avg= 0.4685 |   3747 ep/s | 109.7m
[Ep  19300000/50000000] avg_r=  0.090 | h2h=188.9500 | br= 2.4304 | avg= 0.4657 |   3968 ep/s | 109.9m
[Ep  19350000/50000000] avg_r=  0.097 | h2h=188.9500 | br= 2.4295 | avg= 0.4682 |   3938 ep/s | 110.1m
[Ep  19400000/50000000] avg_r=  0.113 | h2h=188.9500 | br= 2.4223 | avg= 0.4665 |   3973 ep/s | 110.3m
[Ep  19450000/50000000] avg_r=  0.094 | h2h=188.9500 | br= 2.4249 | avg= 0.4690 |   3127 ep/s | 110.6m
[Ep  19500000/50000000] avg_r=  0.101 | h2h=188.9500 | br= 2.4284 | avg= 0.4688 |   2807 ep/s | 110.9m
[Ep  19550000/50000000] avg_r=  0.157 | h2h=188.9500 | br= 2.4292 | avg= 0.4691 |   2810 ep/s | 111.2m
[Ep  19600000/50000000] avg_r=  0.083 | h2h=188.9500 | br= 2.4258 | avg= 0.4687 |   2838 ep/s | 111.5m
[Ep  19650000/50000000] avg_r=  0.100 | h2h=188.9500 | br= 2.4273 | avg= 0.4683 |   2864 ep/s | 111.8m
[Ep  19700000/50000000] avg_r=  0.052 | h2h=188.9500 | br= 2.4311 | avg= 0.4693 |   2865 ep/s | 112.1m
[Ep  19750000/50000000] avg_r=  0.048 | h2h=188.9500 | br= 2.4302 | avg= 0.4688 |   2865 ep/s | 112.3m
[Ep  19800000/50000000] avg_r=  0.031 | h2h=188.9500 | br= 2.4238 | avg= 0.4685 |   2840 ep/s | 112.6m
[Ep  19850000/50000000] avg_r=  0.064 | h2h=188.9500 | br= 2.4263 | avg= 0.4676 |   2832 ep/s | 112.9m
[Ep  19900000/50000000] avg_r=  0.025 | h2h=188.9500 | br= 2.4284 | avg= 0.4688 |   2834 ep/s | 113.2m
[Ep  19950000/50000000] avg_r=  0.164 | h2h=188.9500 | br= 2.4297 | avg= 0.4687 |   2844 ep/s | 113.5m
[Ep  20000000/50000000] avg_r= -0.034 | h2h=188.9500 | br= 2.4280 | avg= 0.4692 |   2888 ep/s | 113.8m
[H2H] ep=20000000 | avg_reward=187.4500 over 1000 games
  >>> H2H WINRATE @ ep 20000000: 187.4500
  [CHECKPOINT] saved at ep 20000000
[snapshot] ep=20000000 -> /home/anthonyn/cos435/cpp-implementation/snapshots/holdem_64x64_iqn_neutral/ep20000000
[Ep  20050000/50000000] avg_r=  0.117 | h2h=187.4500 | br= 2.4257 | avg= 0.4681 |    512 ep/s | 115.4m
[Ep  20100000/50000000] avg_r=  0.151 | h2h=187.4500 | br= 2.4277 | avg= 0.4699 |   2755 ep/s | 115.7m
[Ep  20150000/50000000] avg_r= -0.020 | h2h=187.4500 | br= 2.4265 | avg= 0.4682 |   2722 ep/s | 116.0m
[Ep  20200000/50000000] avg_r= -0.001 | h2h=187.4500 | br= 2.4237 | avg= 0.4671 |   2721 ep/s | 116.3m
[Ep  20250000/50000000] avg_r=  0.182 | h2h=187.4500 | br= 2.4244 | avg= 0.4694 |   2830 ep/s | 116.6m
[Ep  20300000/50000000] avg_r=  0.025 | h2h=187.4500 | br= 2.4277 | avg= 0.4687 |   2866 ep/s | 116.9m
[Ep  20350000/50000000] avg_r=  0.068 | h2h=187.4500 | br= 2.4292 | avg= 0.4698 |   2776 ep/s | 117.2m
[Ep  20400000/50000000] avg_r=  0.082 | h2h=187.4500 | br= 2.4232 | avg= 0.4694 |   2813 ep/s | 117.5m
[Ep  20450000/50000000] avg_r=  0.115 | h2h=187.4500 | br= 2.4261 | avg= 0.4690 |   2804 ep/s | 117.8m
[Ep  20500000/50000000] avg_r= -0.026 | h2h=187.4500 | br= 2.4272 | avg= 0.4693 |   2827 ep/s | 118.1m
[Ep  20550000/50000000] avg_r=  0.053 | h2h=187.4500 | br= 2.4226 | avg= 0.4675 |   2799 ep/s | 118.4m
[Ep  20600000/50000000] avg_r=  0.048 | h2h=187.4500 | br= 2.4226 | avg= 0.4677 |   2758 ep/s | 118.7m
[Ep  20650000/50000000] avg_r=  0.049 | h2h=187.4500 | br= 2.4263 | avg= 0.4697 |   2789 ep/s | 119.0m
[Ep  20700000/50000000] avg_r=  0.096 | h2h=187.4500 | br= 2.4266 | avg= 0.4689 |   2804 ep/s | 119.3m
[Ep  20750000/50000000] avg_r=  0.135 | h2h=187.4500 | br= 2.4285 | avg= 0.4680 |   2788 ep/s | 119.6m
[Ep  20800000/50000000] avg_r=  0.011 | h2h=187.4500 | br= 2.4277 | avg= 0.4685 |   2789 ep/s | 119.9m
[Ep  20850000/50000000] avg_r=  0.080 | h2h=187.4500 | br= 2.4267 | avg= 0.4687 |   2811 ep/s | 120.2m
[Ep  20900000/50000000] avg_r=  0.013 | h2h=187.4500 | br= 2.4266 | avg= 0.4682 |   2838 ep/s | 120.5m
[Ep  20950000/50000000] avg_r=  0.041 | h2h=187.4500 | br= 2.4309 | avg= 0.4685 |   2839 ep/s | 120.8m
[Ep  21000000/50000000] avg_r=  0.076 | h2h=187.4500 | br= 2.4275 | avg= 0.4689 |   2840 ep/s | 121.1m
[Ep  21050000/50000000] avg_r=  0.104 | h2h=187.4500 | br= 2.4312 | avg= 0.4672 |   2830 ep/s | 121.4m
[Ep  21100000/50000000] avg_r=  0.134 | h2h=187.4500 | br= 2.4288 | avg= 0.4685 |   2847 ep/s | 121.7m
[Ep  21150000/50000000] avg_r=  0.052 | h2h=187.4500 | br= 2.4309 | avg= 0.4678 |   2840 ep/s | 122.0m
[Ep  21200000/50000000] avg_r=  0.087 | h2h=187.4500 | br= 2.4287 | avg= 0.4676 |   2817 ep/s | 122.3m
[Ep  21250000/50000000] avg_r= -0.005 | h2h=187.4500 | br= 2.4281 | avg= 0.4680 |   2794 ep/s | 122.6m
[Ep  21300000/50000000] avg_r=  0.059 | h2h=187.4500 | br= 2.4260 | avg= 0.4680 |   2792 ep/s | 122.9m
[Ep  21350000/50000000] avg_r=  0.091 | h2h=187.4500 | br= 2.4269 | avg= 0.4665 |   2797 ep/s | 123.2m
[Ep  21400000/50000000] avg_r=  0.054 | h2h=187.4500 | br= 2.4278 | avg= 0.4671 |   2829 ep/s | 123.5m
[Ep  21450000/50000000] avg_r=  0.055 | h2h=187.4500 | br= 2.4264 | avg= 0.4659 |   2825 ep/s | 123.8m
[Ep  21500000/50000000] avg_r=  0.018 | h2h=187.4500 | br= 2.4256 | avg= 0.4682 |   2818 ep/s | 124.0m
[Ep  21550000/50000000] avg_r=  0.100 | h2h=187.4500 | br= 2.4278 | avg= 0.4662 |   2827 ep/s | 124.3m
[Ep  21600000/50000000] avg_r=  0.046 | h2h=187.4500 | br= 2.4261 | avg= 0.4674 |   2850 ep/s | 124.6m
[Ep  21650000/50000000] avg_r=  0.052 | h2h=187.4500 | br= 2.4232 | avg= 0.4680 |   2841 ep/s | 124.9m
[Ep  21700000/50000000] avg_r=  0.040 | h2h=187.4500 | br= 2.4228 | avg= 0.4665 |   2819 ep/s | 125.2m
[Ep  21750000/50000000] avg_r=  0.055 | h2h=187.4500 | br= 2.4237 | avg= 0.4676 |   2799 ep/s | 125.5m
[Ep  21800000/50000000] avg_r=  0.041 | h2h=187.4500 | br= 2.4270 | avg= 0.4663 |   2821 ep/s | 125.8m
[Ep  21850000/50000000] avg_r=  0.097 | h2h=187.4500 | br= 2.4295 | avg= 0.4654 |   2849 ep/s | 126.1m
[Ep  21900000/50000000] avg_r=  0.010 | h2h=187.4500 | br= 2.4295 | avg= 0.4670 |   2838 ep/s | 126.4m
[Ep  21950000/50000000] avg_r=  0.095 | h2h=187.4500 | br= 2.4296 | avg= 0.4664 |   2851 ep/s | 126.7m
[Ep  22000000/50000000] avg_r=  0.039 | h2h=187.4500 | br= 2.4284 | avg= 0.4668 |   2829 ep/s | 127.0m
[Ep  22050000/50000000] avg_r= -0.005 | h2h=187.4500 | br= 2.4256 | avg= 0.4654 |   2849 ep/s | 127.3m
[Ep  22100000/50000000] avg_r=  0.070 | h2h=187.4500 | br= 2.4279 | avg= 0.4653 |   2837 ep/s | 127.6m
[Ep  22150000/50000000] avg_r=  0.083 | h2h=187.4500 | br= 2.4247 | avg= 0.4650 |   2833 ep/s | 127.9m
[Ep  22200000/50000000] avg_r=  0.076 | h2h=187.4500 | br= 2.4267 | avg= 0.4652 |   2809 ep/s | 128.2m
[Ep  22250000/50000000] avg_r=  0.019 | h2h=187.4500 | br= 2.4307 | avg= 0.4654 |   2862 ep/s | 128.5m
[Ep  22300000/50000000] avg_r=  0.052 | h2h=187.4500 | br= 2.4302 | avg= 0.4655 |   2846 ep/s | 128.8m
[Ep  22350000/50000000] avg_r=  0.153 | h2h=187.4500 | br= 2.4266 | avg= 0.4639 |   2814 ep/s | 129.0m
[Ep  22400000/50000000] avg_r=  0.032 | h2h=187.4500 | br= 2.4259 | avg= 0.4651 |   2825 ep/s | 129.3m
[Ep  22450000/50000000] avg_r=  0.112 | h2h=187.4500 | br= 2.4250 | avg= 0.4652 |   2824 ep/s | 129.6m
[Ep  22500000/50000000] avg_r=  0.091 | h2h=187.4500 | br= 2.4260 | avg= 0.4648 |   2823 ep/s | 129.9m
[Ep  22550000/50000000] avg_r=  0.100 | h2h=187.4500 | br= 2.4255 | avg= 0.4638 |   2834 ep/s | 130.2m
[Ep  22600000/50000000] avg_r=  0.160 | h2h=187.4500 | br= 2.4311 | avg= 0.4639 |   2890 ep/s | 130.5m
[Ep  22650000/50000000] avg_r=  0.085 | h2h=187.4500 | br= 2.4259 | avg= 0.4650 |   2828 ep/s | 130.8m
[Ep  22700000/50000000] avg_r=  0.103 | h2h=187.4500 | br= 2.4254 | avg= 0.4641 |   2827 ep/s | 131.1m
[Ep  22750000/50000000] avg_r= -0.079 | h2h=187.4500 | br= 2.4276 | avg= 0.4643 |   2800 ep/s | 131.4m
[Ep  22800000/50000000] avg_r=  0.100 | h2h=187.4500 | br= 2.4245 | avg= 0.4628 |   2859 ep/s | 131.7m
[Ep  22850000/50000000] avg_r=  0.049 | h2h=187.4500 | br= 2.4249 | avg= 0.4636 |   2878 ep/s | 132.0m
[Ep  22900000/50000000] avg_r=  0.015 | h2h=187.4500 | br= 2.4274 | avg= 0.4625 |   2845 ep/s | 132.3m
[Ep  22950000/50000000] avg_r=  0.073 | h2h=187.4500 | br= 2.4313 | avg= 0.4624 |   2845 ep/s | 132.6m
[Ep  23000000/50000000] avg_r=  0.045 | h2h=187.4500 | br= 2.4296 | avg= 0.4628 |   2855 ep/s | 132.9m
[Ep  23050000/50000000] avg_r=  0.093 | h2h=187.4500 | br= 2.4276 | avg= 0.4638 |   2866 ep/s | 133.2m
[Ep  23100000/50000000] avg_r=  0.067 | h2h=187.4500 | br= 2.4269 | avg= 0.4615 |   2851 ep/s | 133.4m
[Ep  23150000/50000000] avg_r=  0.065 | h2h=187.4500 | br= 2.4279 | avg= 0.4623 |   2808 ep/s | 133.7m
[Ep  23200000/50000000] avg_r=  0.024 | h2h=187.4500 | br= 2.4242 | avg= 0.4623 |   2863 ep/s | 134.0m
[Ep  23250000/50000000] avg_r=  0.114 | h2h=187.4500 | br= 2.4246 | avg= 0.4632 |   2866 ep/s | 134.3m
[Ep  23300000/50000000] avg_r=  0.061 | h2h=187.4500 | br= 2.4271 | avg= 0.4746 |   2808 ep/s | 134.6m
[Ep  23350000/50000000] avg_r=  0.172 | h2h=187.4500 | br= 2.4305 | avg= 0.4775 |   2807 ep/s | 134.9m
[Ep  23400000/50000000] avg_r=  0.157 | h2h=187.4500 | br= 2.4256 | avg= 0.4774 |   2784 ep/s | 135.2m
[Ep  23450000/50000000] avg_r=  0.061 | h2h=187.4500 | br= 2.4234 | avg= 0.4779 |   2800 ep/s | 135.5m
[Ep  23500000/50000000] avg_r=  0.095 | h2h=187.4500 | br= 2.4244 | avg= 0.4781 |   2819 ep/s | 135.8m
[Ep  23550000/50000000] avg_r=  0.080 | h2h=187.4500 | br= 2.4268 | avg= 0.4763 |   2788 ep/s | 136.1m
[Ep  23600000/50000000] avg_r=  0.069 | h2h=187.4500 | br= 2.4249 | avg= 0.4769 |   2782 ep/s | 136.4m
[Ep  23650000/50000000] avg_r=  0.118 | h2h=187.4500 | br= 2.4274 | avg= 0.4734 |   2797 ep/s | 136.7m
[Ep  23700000/50000000] avg_r= -0.016 | h2h=187.4500 | br= 2.4204 | avg= 0.4618 |   2905 ep/s | 137.0m
[Ep  23750000/50000000] avg_r=  0.099 | h2h=187.4500 | br= 2.4084 | avg= 0.4616 |   2857 ep/s | 137.3m
[Ep  23800000/50000000] avg_r= -0.040 | h2h=187.4500 | br= 2.4149 | avg= 0.4610 |   2869 ep/s | 137.6m
[Ep  23850000/50000000] avg_r= -0.084 | h2h=187.4500 | br= 2.4119 | avg= 0.4616 |   2857 ep/s | 137.9m
[Ep  23900000/50000000] avg_r=  0.032 | h2h=187.4500 | br= 2.4089 | avg= 0.4622 |   2821 ep/s | 138.2m
[Ep  23950000/50000000] avg_r=  0.084 | h2h=187.4500 | br= 2.4061 | avg= 0.4623 |   2879 ep/s | 138.5m
[Ep  24000000/50000000] avg_r=  0.091 | h2h=187.4500 | br= 2.4043 | avg= 0.4604 |   2847 ep/s | 138.7m
[Ep  24050000/50000000] avg_r=  0.028 | h2h=187.4500 | br= 2.4101 | avg= 0.4620 |   2880 ep/s | 139.0m
[Ep  24100000/50000000] avg_r=  0.109 | h2h=187.4500 | br= 2.4097 | avg= 0.4623 |   2816 ep/s | 139.3m
[Ep  24150000/50000000] avg_r= -0.003 | h2h=187.4500 | br= 2.4060 | avg= 0.4604 |   2876 ep/s | 139.6m
[Ep  24200000/50000000] avg_r=  0.025 | h2h=187.4500 | br= 2.4041 | avg= 0.4615 |   2836 ep/s | 139.9m
[Ep  24250000/50000000] avg_r=  0.003 | h2h=187.4500 | br= 2.4097 | avg= 0.4600 |   2829 ep/s | 140.2m
[Ep  24300000/50000000] avg_r=  0.058 | h2h=187.4500 | br= 2.4127 | avg= 0.4614 |   2849 ep/s | 140.5m
[Ep  24350000/50000000] avg_r= -0.071 | h2h=187.4500 | br= 2.4133 | avg= 0.4602 |   2854 ep/s | 140.8m
[Ep  24400000/50000000] avg_r= -0.012 | h2h=187.4500 | br= 2.4163 | avg= 0.4611 |   2868 ep/s | 141.1m
[Ep  24450000/50000000] avg_r=  0.004 | h2h=187.4500 | br= 2.4133 | avg= 0.4601 |   2859 ep/s | 141.4m
[Ep  24500000/50000000] avg_r=  0.032 | h2h=187.4500 | br= 2.4100 | avg= 0.4609 |   2875 ep/s | 141.7m
[Ep  24550000/50000000] avg_r=  0.078 | h2h=187.4500 | br= 2.4082 | avg= 0.4609 |   2879 ep/s | 142.0m
[Ep  24600000/50000000] avg_r=  0.032 | h2h=187.4500 | br= 2.4042 | avg= 0.4609 |   2871 ep/s | 142.2m
[Ep  24650000/50000000] avg_r=  0.099 | h2h=187.4500 | br= 2.4048 | avg= 0.4609 |   2876 ep/s | 142.5m
[Ep  24700000/50000000] avg_r=  0.034 | h2h=187.4500 | br= 2.4095 | avg= 0.4608 |   2914 ep/s | 142.8m
[Ep  24750000/50000000] avg_r=  0.024 | h2h=187.4500 | br= 2.4092 | avg= 0.4610 |   2846 ep/s | 143.1m
[Ep  24800000/50000000] avg_r= -0.034 | h2h=187.4500 | br= 2.4087 | avg= 0.4606 |   2834 ep/s | 143.4m
[Ep  24850000/50000000] avg_r=  0.073 | h2h=187.4500 | br= 2.4073 | avg= 0.4592 |   2854 ep/s | 143.7m
[Ep  24900000/50000000] avg_r= -0.010 | h2h=187.4500 | br= 2.4078 | avg= 0.4606 |   2873 ep/s | 144.0m
[Ep  24950000/50000000] avg_r=  0.011 | h2h=187.4500 | br= 2.4103 | avg= 0.4605 |   2872 ep/s | 144.3m
[Ep  25000000/50000000] avg_r= -0.007 | h2h=187.4500 | br= 2.4111 | avg= 0.4599 |   2812 ep/s | 144.6m
[Ep  25050000/50000000] avg_r= -0.093 | h2h=187.4500 | br= 2.4104 | avg= 0.4597 |   2824 ep/s | 144.9m
[Ep  25100000/50000000] avg_r=  0.041 | h2h=187.4500 | br= 2.4098 | avg= 0.4597 |   2839 ep/s | 145.2m
[Ep  25150000/50000000] avg_r= -0.007 | h2h=187.4500 | br= 2.4118 | avg= 0.4602 |   2847 ep/s | 145.5m
[Ep  25200000/50000000] avg_r=  0.073 | h2h=187.4500 | br= 2.4084 | avg= 0.4605 |   2886 ep/s | 145.7m
[Ep  25250000/50000000] avg_r=  0.066 | h2h=187.4500 | br= 2.4080 | avg= 0.4600 |   2870 ep/s | 146.0m
[Ep  25300000/50000000] avg_r= -0.014 | h2h=187.4500 | br= 2.4074 | avg= 0.4595 |   2826 ep/s | 146.3m
[Ep  25350000/50000000] avg_r=  0.040 | h2h=187.4500 | br= 2.4071 | avg= 0.4464 |   2884 ep/s | 146.6m
[Ep  25400000/50000000] avg_r=  0.036 | h2h=187.4500 | br= 2.4094 | avg= 0.4436 |   2836 ep/s | 146.9m
[Ep  25450000/50000000] avg_r= -0.016 | h2h=187.4500 | br= 2.4064 | avg= 0.4447 |   2840 ep/s | 147.2m
[Ep  25500000/50000000] avg_r= -0.036 | h2h=187.4500 | br= 2.4050 | avg= 0.4438 |   2861 ep/s | 147.5m
[Ep  25550000/50000000] avg_r= -0.025 | h2h=187.4500 | br= 2.4043 | avg= 0.4437 |   2824 ep/s | 147.8m
[Ep  25600000/50000000] avg_r=  0.039 | h2h=187.4500 | br= 2.4062 | avg= 0.4437 |   2825 ep/s | 148.1m
[Ep  25650000/50000000] avg_r=  0.056 | h2h=187.4500 | br= 2.4070 | avg= 0.4435 |   2817 ep/s | 148.4m
[Ep  25700000/50000000] avg_r=  0.021 | h2h=187.4500 | br= 2.4046 | avg= 0.4441 |   2833 ep/s | 148.7m
[Ep  25750000/50000000] avg_r=  0.025 | h2h=187.4500 | br= 2.4077 | avg= 0.4436 |   2850 ep/s | 149.0m
[Ep  25800000/50000000] avg_r= -0.028 | h2h=187.4500 | br= 2.4096 | avg= 0.4437 |   2838 ep/s | 149.3m
[Ep  25850000/50000000] avg_r=  0.009 | h2h=187.4500 | br= 2.4108 | avg= 0.4445 |   2862 ep/s | 149.6m
[Ep  25900000/50000000] avg_r=  0.116 | h2h=187.4500 | br= 2.3901 | avg= 0.4577 |   2869 ep/s | 149.8m
[Ep  25950000/50000000] avg_r=  0.026 | h2h=187.4500 | br= 2.3698 | avg= 0.4584 |   2855 ep/s | 150.1m
[Ep  26000000/50000000] avg_r=  0.158 | h2h=187.4500 | br= 2.3579 | avg= 0.4577 |   2892 ep/s | 150.4m
[Ep  26050000/50000000] avg_r=  0.115 | h2h=187.4500 | br= 2.3566 | avg= 0.4576 |   2853 ep/s | 150.7m
[Ep  26100000/50000000] avg_r=  0.130 | h2h=187.4500 | br= 2.3547 | avg= 0.4597 |   2891 ep/s | 151.0m
[Ep  26150000/50000000] avg_r=  0.124 | h2h=187.4500 | br= 2.3576 | avg= 0.4593 |   2902 ep/s | 151.3m
[Ep  26200000/50000000] avg_r=  0.068 | h2h=187.4500 | br= 2.3563 | avg= 0.4590 |   2884 ep/s | 151.6m
[Ep  26250000/50000000] avg_r= -0.010 | h2h=187.4500 | br= 2.3541 | avg= 0.4607 |   2876 ep/s | 151.9m
[Ep  26300000/50000000] avg_r=  0.017 | h2h=187.4500 | br= 2.3574 | avg= 0.4590 |   2884 ep/s | 152.2m
[Ep  26350000/50000000] avg_r=  0.035 | h2h=187.4500 | br= 2.3623 | avg= 0.4594 |   2868 ep/s | 152.5m
[Ep  26400000/50000000] avg_r=  0.004 | h2h=187.4500 | br= 2.3589 | avg= 0.4595 |   2872 ep/s | 152.7m
[Ep  26450000/50000000] avg_r=  0.084 | h2h=187.4500 | br= 2.3589 | avg= 0.4603 |   2885 ep/s | 153.0m
[Ep  26500000/50000000] avg_r=  0.120 | h2h=187.4500 | br= 2.3571 | avg= 0.4601 |   2877 ep/s | 153.3m
[Ep  26550000/50000000] avg_r=  0.061 | h2h=187.4500 | br= 2.3537 | avg= 0.4590 |   2864 ep/s | 153.6m
[Ep  26600000/50000000] avg_r=  0.051 | h2h=187.4500 | br= 2.3507 | avg= 0.4606 |   2907 ep/s | 153.9m
[Ep  26650000/50000000] avg_r=  0.080 | h2h=187.4500 | br= 2.3509 | avg= 0.4595 |   2850 ep/s | 154.2m
[Ep  26700000/50000000] avg_r=  0.076 | h2h=187.4500 | br= 2.3565 | avg= 0.4602 |   2847 ep/s | 154.5m
[Ep  26750000/50000000] avg_r=  0.131 | h2h=187.4500 | br= 2.3589 | avg= 0.4604 |   2899 ep/s | 154.8m
[Ep  26800000/50000000] avg_r=  0.134 | h2h=187.4500 | br= 2.3555 | avg= 0.4605 |   2817 ep/s | 155.1m
[Ep  26850000/50000000] avg_r=  0.011 | h2h=187.4500 | br= 2.3577 | avg= 0.4600 |   2820 ep/s | 155.4m
[Ep  26900000/50000000] avg_r=  0.019 | h2h=187.4500 | br= 2.3573 | avg= 0.4593 |   2874 ep/s | 155.7m
[Ep  26950000/50000000] avg_r=  0.062 | h2h=187.4500 | br= 2.3569 | avg= 0.4594 |   2869 ep/s | 155.9m
[Ep  27000000/50000000] avg_r=  0.036 | h2h=187.4500 | br= 2.3551 | avg= 0.4608 |   2886 ep/s | 156.2m
[Ep  27050000/50000000] avg_r=  0.099 | h2h=187.4500 | br= 2.3559 | avg= 0.4612 |   2890 ep/s | 156.5m
[Ep  27100000/50000000] avg_r=  0.053 | h2h=187.4500 | br= 2.3553 | avg= 0.4604 |   2861 ep/s | 156.8m
[Ep  27150000/50000000] avg_r=  0.072 | h2h=187.4500 | br= 2.3537 | avg= 0.4611 |   2896 ep/s | 157.1m
[Ep  27200000/50000000] avg_r=  0.173 | h2h=187.4500 | br= 2.3568 | avg= 0.4598 |   2887 ep/s | 157.4m
[Ep  27250000/50000000] avg_r=  0.063 | h2h=187.4500 | br= 2.3560 | avg= 0.4596 |   2851 ep/s | 157.7m
[Ep  27300000/50000000] avg_r=  0.094 | h2h=187.4500 | br= 2.3593 | avg= 0.4606 |   2856 ep/s | 158.0m
[Ep  27350000/50000000] avg_r=  0.112 | h2h=187.4500 | br= 2.3560 | avg= 0.4598 |   2877 ep/s | 158.3m
[Ep  27400000/50000000] avg_r=  0.101 | h2h=187.4500 | br= 2.3576 | avg= 0.4599 |   2865 ep/s | 158.6m
[Ep  27450000/50000000] avg_r=  0.090 | h2h=187.4500 | br= 2.3550 | avg= 0.4607 |   2887 ep/s | 158.8m
[Ep  27500000/50000000] avg_r=  0.062 | h2h=187.4500 | br= 2.3561 | avg= 0.4610 |   2864 ep/s | 159.1m
[Ep  27550000/50000000] avg_r=  0.107 | h2h=187.4500 | br= 2.3571 | avg= 0.4594 |   2861 ep/s | 159.4m
[Ep  27600000/50000000] avg_r=  0.048 | h2h=187.4500 | br= 2.3584 | avg= 0.4607 |   2859 ep/s | 159.7m
[Ep  27650000/50000000] avg_r=  0.053 | h2h=187.4500 | br= 2.3568 | avg= 0.4605 |   2956 ep/s | 160.0m
[Ep  27700000/50000000] avg_r=  0.101 | h2h=187.4500 | br= 2.3577 | avg= 0.4611 |   3220 ep/s | 160.3m
[Ep  27750000/50000000] avg_r=  0.111 | h2h=187.4500 | br= 2.3565 | avg= 0.4600 |   3210 ep/s | 160.5m
[Ep  27800000/50000000] avg_r=  0.111 | h2h=187.4500 | br= 2.3534 | avg= 0.4608 |   3252 ep/s | 160.8m
[Ep  27850000/50000000] avg_r=  0.098 | h2h=187.4500 | br= 2.3533 | avg= 0.4595 |   3276 ep/s | 161.0m
[Ep  27900000/50000000] avg_r=  0.142 | h2h=187.4500 | br= 2.3590 | avg= 0.4610 |   3260 ep/s | 161.3m
[Ep  27950000/50000000] avg_r=  0.142 | h2h=187.4500 | br= 2.3567 | avg= 0.4608 |   3239 ep/s | 161.5m
[Ep  28000000/50000000] avg_r=  0.069 | h2h=187.4500 | br= 2.3557 | avg= 0.4597 |   2848 ep/s | 161.8m
[Ep  28050000/50000000] avg_r=  0.158 | h2h=187.4500 | br= 2.3579 | avg= 0.4606 |   2831 ep/s | 162.1m
[Ep  28100000/50000000] avg_r=  0.060 | h2h=187.4500 | br= 2.3574 | avg= 0.4589 |   2874 ep/s | 162.4m
[Ep  28150000/50000000] avg_r=  0.115 | h2h=187.4500 | br= 2.3579 | avg= 0.4604 |   2891 ep/s | 162.7m
[Ep  28200000/50000000] avg_r= -0.046 | h2h=187.4500 | br= 2.3581 | avg= 0.4605 |   2870 ep/s | 163.0m
[Ep  28250000/50000000] avg_r=  0.011 | h2h=187.4500 | br= 2.3558 | avg= 0.4603 |   2887 ep/s | 163.3m
[Ep  28300000/50000000] avg_r=  0.132 | h2h=187.4500 | br= 2.3583 | avg= 0.4586 |   2877 ep/s | 163.6m
[Ep  28350000/50000000] avg_r=  0.097 | h2h=187.4500 | br= 2.3573 | avg= 0.4595 |   2838 ep/s | 163.9m
[Ep  28400000/50000000] avg_r=  0.082 | h2h=187.4500 | br= 2.3569 | avg= 0.4592 |   2884 ep/s | 164.2m
[Ep  28450000/50000000] avg_r=  0.139 | h2h=187.4500 | br= 2.3578 | avg= 0.4607 |   2910 ep/s | 164.4m
[Ep  28500000/50000000] avg_r=  0.070 | h2h=187.4500 | br= 2.3541 | avg= 0.4599 |   2917 ep/s | 164.7m
[Ep  28550000/50000000] avg_r=  0.098 | h2h=187.4500 | br= 2.3530 | avg= 0.4595 |   3513 ep/s | 165.0m
[Ep  28600000/50000000] avg_r=  0.102 | h2h=187.4500 | br= 2.3556 | avg= 0.4577 |   3917 ep/s | 165.2m
[Ep  28650000/50000000] avg_r=  0.054 | h2h=187.4500 | br= 2.3557 | avg= 0.4614 |   4042 ep/s | 165.4m
[Ep  28700000/50000000] avg_r=  0.140 | h2h=187.4500 | br= 2.3560 | avg= 0.4571 |   4104 ep/s | 165.6m
[Ep  28750000/50000000] avg_r=  0.145 | h2h=187.4500 | br= 2.3586 | avg= 0.4591 |   4025 ep/s | 165.8m
[Ep  28800000/50000000] avg_r=  0.192 | h2h=187.4500 | br= 2.3556 | avg= 0.4588 |   4053 ep/s | 166.0m
[Ep  28850000/50000000] avg_r=  0.128 | h2h=187.4500 | br= 2.3592 | avg= 0.4591 |   4027 ep/s | 166.2m
[Ep  28900000/50000000] avg_r=  0.130 | h2h=187.4500 | br= 2.3554 | avg= 0.4571 |   4082 ep/s | 166.4m
[Ep  28950000/50000000] avg_r=  0.068 | h2h=187.4500 | br= 2.3540 | avg= 0.4589 |   3130 ep/s | 166.7m
[Ep  29000000/50000000] avg_r=  0.173 | h2h=187.4500 | br= 2.3488 | avg= 0.4584 |   2848 ep/s | 167.0m
[Ep  29050000/50000000] avg_r=  0.173 | h2h=187.4500 | br= 2.3529 | avg= 0.4592 |   2828 ep/s | 167.3m
[Ep  29100000/50000000] avg_r=  0.031 | h2h=187.4500 | br= 2.3557 | avg= 0.4590 |   2872 ep/s | 167.6m
[Ep  29150000/50000000] avg_r=  0.104 | h2h=187.4500 | br= 2.3558 | avg= 0.4623 |   2887 ep/s | 167.8m
[Ep  29200000/50000000] avg_r=  0.041 | h2h=187.4500 | br= 2.3572 | avg= 0.4633 |   2849 ep/s | 168.1m
[Ep  29250000/50000000] avg_r=  0.046 | h2h=187.4500 | br= 2.3584 | avg= 0.4631 |   2898 ep/s | 168.4m
[Ep  29300000/50000000] avg_r=  0.146 | h2h=187.4500 | br= 2.3542 | avg= 0.4631 |   2875 ep/s | 168.7m
[Ep  29350000/50000000] avg_r= -0.003 | h2h=187.4500 | br= 2.3499 | avg= 0.4634 |   2894 ep/s | 169.0m
[Ep  29400000/50000000] avg_r=  0.091 | h2h=187.4500 | br= 2.3533 | avg= 0.4645 |   2881 ep/s | 169.3m
[Ep  29450000/50000000] avg_r=  0.147 | h2h=187.4500 | br= 2.3562 | avg= 0.4630 |   2886 ep/s | 169.6m
[Ep  29500000/50000000] avg_r=  0.048 | h2h=187.4500 | br= 2.3560 | avg= 0.4629 |   2852 ep/s | 169.9m
[Ep  29550000/50000000] avg_r= -0.001 | h2h=187.4500 | br= 2.3562 | avg= 0.4595 |   2845 ep/s | 170.2m
[Ep  29600000/50000000] avg_r=  0.128 | h2h=187.4500 | br= 2.3714 | avg= 0.4582 |   2848 ep/s | 170.5m
[Ep  29650000/50000000] avg_r=  0.076 | h2h=187.4500 | br= 2.3793 | avg= 0.4584 |   2887 ep/s | 170.7m
[Ep  29700000/50000000] avg_r=  0.047 | h2h=187.4500 | br= 2.3760 | avg= 0.4580 |   2875 ep/s | 171.0m
[Ep  29750000/50000000] avg_r=  0.037 | h2h=187.4500 | br= 2.3759 | avg= 0.4579 |   2881 ep/s | 171.3m
[Ep  29800000/50000000] avg_r=  0.072 | h2h=187.4500 | br= 2.3796 | avg= 0.4579 |   2861 ep/s | 171.6m
[Ep  29850000/50000000] avg_r=  0.009 | h2h=187.4500 | br= 2.3787 | avg= 0.4578 |   2839 ep/s | 171.9m
[Ep  29900000/50000000] avg_r=  0.015 | h2h=187.4500 | br= 2.3774 | avg= 0.4570 |   2848 ep/s | 172.2m
[Ep  29950000/50000000] avg_r= -0.041 | h2h=187.4500 | br= 2.3794 | avg= 0.4587 |   2851 ep/s | 172.5m
[Ep  30000000/50000000] avg_r=  0.055 | h2h=187.4500 | br= 2.3764 | avg= 0.4567 |   2895 ep/s | 172.8m
[H2H] ep=30000000 | avg_reward=206.7500 over 1000 games
  >>> H2H WINRATE @ ep 30000000: 206.7500
  [CHECKPOINT] saved at ep 30000000
[Ep  30050000/50000000] avg_r=  0.099 | h2h=206.7500 | br= 2.3731 | avg= 0.4570 |    541 ep/s | 174.3m
[snapshot] ep=30000000 -> /home/anthonyn/cos435/cpp-implementation/snapshots/holdem_64x64_iqn_neutral/ep30000000
[Ep  30100000/50000000] avg_r= -0.023 | h2h=206.7500 | br= 2.3761 | avg= 0.4594 |   2719 ep/s | 174.6m
[Ep  30150000/50000000] avg_r= -0.038 | h2h=206.7500 | br= 2.3739 | avg= 0.4583 |   2800 ep/s | 174.9m
[Ep  30200000/50000000] avg_r=  0.046 | h2h=206.7500 | br= 2.3753 | avg= 0.4574 |   2801 ep/s | 175.2m
[Ep  30250000/50000000] avg_r=  0.017 | h2h=206.7500 | br= 2.3751 | avg= 0.4574 |   2854 ep/s | 175.5m
[Ep  30300000/50000000] avg_r=  0.060 | h2h=206.7500 | br= 2.3786 | avg= 0.4565 |   2875 ep/s | 175.8m
[Ep  30350000/50000000] avg_r=  0.121 | h2h=206.7500 | br= 2.3792 | avg= 0.4572 |   2841 ep/s | 176.1m
[Ep  30400000/50000000] avg_r=  0.038 | h2h=206.7500 | br= 2.3774 | avg= 0.4581 |   2868 ep/s | 176.4m
[Ep  30450000/50000000] avg_r= -0.029 | h2h=206.7500 | br= 2.3760 | avg= 0.4581 |   2888 ep/s | 176.7m
[Ep  30500000/50000000] avg_r=  0.068 | h2h=206.7500 | br= 2.3755 | avg= 0.4570 |   2895 ep/s | 177.0m
[Ep  30550000/50000000] avg_r=  0.027 | h2h=206.7500 | br= 2.3774 | avg= 0.4567 |   2891 ep/s | 177.3m
[Ep  30600000/50000000] avg_r=  0.021 | h2h=206.7500 | br= 2.3763 | avg= 0.4564 |   2861 ep/s | 177.5m
[Ep  30650000/50000000] avg_r=  0.095 | h2h=206.7500 | br= 2.3755 | avg= 0.4574 |   2886 ep/s | 177.8m
[Ep  30700000/50000000] avg_r= -0.003 | h2h=206.7500 | br= 2.3799 | avg= 0.4580 |   2887 ep/s | 178.1m
[Ep  30750000/50000000] avg_r=  0.009 | h2h=206.7500 | br= 2.3775 | avg= 0.4574 |   2859 ep/s | 178.4m
[Ep  30800000/50000000] avg_r=  0.082 | h2h=206.7500 | br= 2.3741 | avg= 0.4563 |   2860 ep/s | 178.7m
[Ep  30850000/50000000] avg_r= -0.026 | h2h=206.7500 | br= 2.3741 | avg= 0.4552 |   2888 ep/s | 179.0m
[Ep  30900000/50000000] avg_r=  0.072 | h2h=206.7500 | br= 2.3779 | avg= 0.4572 |   2853 ep/s | 179.3m
[Ep  30950000/50000000] avg_r=  0.033 | h2h=206.7500 | br= 2.3763 | avg= 0.4568 |   2904 ep/s | 179.6m
[Ep  31000000/50000000] avg_r=  0.016 | h2h=206.7500 | br= 2.3775 | avg= 0.4563 |   2907 ep/s | 179.9m
[Ep  31050000/50000000] avg_r=  0.023 | h2h=206.7500 | br= 2.3764 | avg= 0.4558 |   2882 ep/s | 180.1m
[Ep  31100000/50000000] avg_r=  0.090 | h2h=206.7500 | br= 2.3755 | avg= 0.4559 |   2874 ep/s | 180.4m
[Ep  31150000/50000000] avg_r=  0.014 | h2h=206.7500 | br= 2.3770 | avg= 0.4565 |   2865 ep/s | 180.7m
[Ep  31200000/50000000] avg_r=  0.035 | h2h=206.7500 | br= 2.3778 | avg= 0.4552 |   2899 ep/s | 181.0m
[Ep  31250000/50000000] avg_r=  0.049 | h2h=206.7500 | br= 2.3754 | avg= 0.4565 |   2881 ep/s | 181.3m
[Ep  31300000/50000000] avg_r=  0.010 | h2h=206.7500 | br= 2.3733 | avg= 0.4559 |   2853 ep/s | 181.6m
[Ep  31350000/50000000] avg_r=  0.083 | h2h=206.7500 | br= 2.3779 | avg= 0.4553 |   2895 ep/s | 181.9m
[Ep  31400000/50000000] avg_r=  0.076 | h2h=206.7500 | br= 2.3773 | avg= 0.4545 |   2893 ep/s | 182.2m
[Ep  31450000/50000000] avg_r=  0.076 | h2h=206.7500 | br= 2.3768 | avg= 0.4554 |   2855 ep/s | 182.5m
[Ep  31500000/50000000] avg_r=  0.007 | h2h=206.7500 | br= 2.3795 | avg= 0.4559 |   2834 ep/s | 182.8m
[Ep  31550000/50000000] avg_r= -0.032 | h2h=206.7500 | br= 2.3769 | avg= 0.4568 |   2899 ep/s | 183.0m
[Ep  31600000/50000000] avg_r=  0.016 | h2h=206.7500 | br= 2.3743 | avg= 0.4561 |   2872 ep/s | 183.3m
[Ep  31650000/50000000] avg_r=  0.018 | h2h=206.7500 | br= 2.3731 | avg= 0.4546 |   2869 ep/s | 183.6m
[Ep  31700000/50000000] avg_r=  0.008 | h2h=206.7500 | br= 2.3768 | avg= 0.4569 |   2866 ep/s | 183.9m
[Ep  31750000/50000000] avg_r=  0.085 | h2h=206.7500 | br= 2.3782 | avg= 0.4546 |   2877 ep/s | 184.2m
[Ep  31800000/50000000] avg_r=  0.051 | h2h=206.7500 | br= 2.3751 | avg= 0.4544 |   2866 ep/s | 184.5m
[Ep  31850000/50000000] avg_r= -0.009 | h2h=206.7500 | br= 2.3722 | avg= 0.4555 |   2882 ep/s | 184.8m
[Ep  31900000/50000000] avg_r=  0.089 | h2h=206.7500 | br= 2.3770 | avg= 0.4549 |   2840 ep/s | 185.1m
[Ep  31950000/50000000] avg_r=  0.034 | h2h=206.7500 | br= 2.3776 | avg= 0.4556 |   2833 ep/s | 185.4m
[Ep  32000000/50000000] avg_r=  0.033 | h2h=206.7500 | br= 2.3800 | avg= 0.4540 |   2899 ep/s | 185.7m
[Ep  32050000/50000000] avg_r= -0.012 | h2h=206.7500 | br= 2.3759 | avg= 0.4540 |   2893 ep/s | 186.0m
[Ep  32100000/50000000] avg_r=  0.084 | h2h=206.7500 | br= 2.3780 | avg= 0.4539 |   2834 ep/s | 186.2m
[Ep  32150000/50000000] avg_r=  0.066 | h2h=206.7500 | br= 2.3813 | avg= 0.4540 |   2870 ep/s | 186.5m
[Ep  32200000/50000000] avg_r=  0.057 | h2h=206.7500 | br= 2.3819 | avg= 0.4541 |   2895 ep/s | 186.8m
[Ep  32250000/50000000] avg_r=  0.133 | h2h=206.7500 | br= 2.3752 | avg= 0.4551 |   2806 ep/s | 187.1m
[Ep  32300000/50000000] avg_r=  0.136 | h2h=206.7500 | br= 2.3770 | avg= 0.4551 |   2844 ep/s | 187.4m
[Ep  32350000/50000000] avg_r=  0.055 | h2h=206.7500 | br= 2.3762 | avg= 0.4549 |   2871 ep/s | 187.7m
[Ep  32400000/50000000] avg_r= -0.001 | h2h=206.7500 | br= 2.3812 | avg= 0.4538 |   2867 ep/s | 188.0m
[Ep  32450000/50000000] avg_r=  0.098 | h2h=206.7500 | br= 2.3790 | avg= 0.4546 |   2879 ep/s | 188.3m
[Ep  32500000/50000000] avg_r=  0.046 | h2h=206.7500 | br= 2.3771 | avg= 0.4535 |   2880 ep/s | 188.6m
[Ep  32550000/50000000] avg_r=  0.097 | h2h=206.7500 | br= 2.3788 | avg= 0.4532 |   2918 ep/s | 188.9m
[Ep  32600000/50000000] avg_r=  0.126 | h2h=206.7500 | br= 2.3786 | avg= 0.4534 |   2915 ep/s | 189.1m
[Ep  32650000/50000000] avg_r=  0.070 | h2h=206.7500 | br= 2.3774 | avg= 0.4536 |   2874 ep/s | 189.4m
[Ep  32700000/50000000] avg_r=  0.031 | h2h=206.7500 | br= 2.3752 | avg= 0.4539 |   2909 ep/s | 189.7m
[Ep  32750000/50000000] avg_r=  0.039 | h2h=206.7500 | br= 2.3766 | avg= 0.4542 |   2874 ep/s | 190.0m
[Ep  32800000/50000000] avg_r= -0.011 | h2h=206.7500 | br= 2.3792 | avg= 0.4537 |   2865 ep/s | 190.3m
[Ep  32850000/50000000] avg_r=  0.053 | h2h=206.7500 | br= 2.3773 | avg= 0.4517 |   2921 ep/s | 190.6m
[Ep  32900000/50000000] avg_r=  0.051 | h2h=206.7500 | br= 2.3777 | avg= 0.4523 |   2933 ep/s | 190.9m
[Ep  32950000/50000000] avg_r=  0.029 | h2h=206.7500 | br= 2.3732 | avg= 0.4523 |   2908 ep/s | 191.2m
[Ep  33000000/50000000] avg_r=  0.081 | h2h=206.7500 | br= 2.3773 | avg= 0.4525 |   2910 ep/s | 191.4m
[Ep  33050000/50000000] avg_r=  0.076 | h2h=206.7500 | br= 2.3769 | avg= 0.4525 |   2872 ep/s | 191.7m
[Ep  33100000/50000000] avg_r=  0.052 | h2h=206.7500 | br= 2.3771 | avg= 0.4528 |   2913 ep/s | 192.0m
[Ep  33150000/50000000] avg_r=  0.070 | h2h=206.7500 | br= 2.3785 | avg= 0.4531 |   2894 ep/s | 192.3m
[Ep  33200000/50000000] avg_r=  0.043 | h2h=206.7500 | br= 2.3790 | avg= 0.4540 |   2853 ep/s | 192.6m
[Ep  33250000/50000000] avg_r=  0.049 | h2h=206.7500 | br= 2.3785 | avg= 0.4521 |   2851 ep/s | 192.9m
[Ep  33300000/50000000] avg_r=  0.023 | h2h=206.7500 | br= 2.3749 | avg= 0.4530 |   2871 ep/s | 193.2m
[Ep  33350000/50000000] avg_r=  0.072 | h2h=206.7500 | br= 2.3751 | avg= 0.4512 |   2868 ep/s | 193.5m
[Ep  33400000/50000000] avg_r=  0.049 | h2h=206.7500 | br= 2.3776 | avg= 0.4521 |   2873 ep/s | 193.8m
[Ep  33450000/50000000] avg_r=  0.094 | h2h=206.7500 | br= 2.3766 | avg= 0.4514 |   2859 ep/s | 194.1m
[Ep  33500000/50000000] avg_r=  0.043 | h2h=206.7500 | br= 2.3768 | avg= 0.4517 |   2858 ep/s | 194.3m
[Ep  33550000/50000000] avg_r=  0.037 | h2h=206.7500 | br= 2.3785 | avg= 0.4509 |   2883 ep/s | 194.6m
[Ep  33600000/50000000] avg_r=  0.027 | h2h=206.7500 | br= 2.3777 | avg= 0.4518 |   2862 ep/s | 194.9m
[Ep  33650000/50000000] avg_r=  0.066 | h2h=206.7500 | br= 2.3769 | avg= 0.4507 |   2834 ep/s | 195.2m
[Ep  33700000/50000000] avg_r=  0.021 | h2h=206.7500 | br= 2.3779 | avg= 0.4500 |   2856 ep/s | 195.5m
[Ep  33750000/50000000] avg_r=  0.048 | h2h=206.7500 | br= 2.3756 | avg= 0.4494 |   2879 ep/s | 195.8m
[Ep  33800000/50000000] avg_r=  0.023 | h2h=206.7500 | br= 2.3762 | avg= 0.4499 |   2891 ep/s | 196.1m
[Ep  33850000/50000000] avg_r=  0.054 | h2h=206.7500 | br= 2.3735 | avg= 0.4520 |   2843 ep/s | 196.4m
[Ep  33900000/50000000] avg_r= -0.006 | h2h=206.7500 | br= 2.3723 | avg= 0.4510 |   2864 ep/s | 196.7m
[Ep  33950000/50000000] avg_r=  0.088 | h2h=206.7500 | br= 2.3747 | avg= 0.4503 |   2884 ep/s | 197.0m
[Ep  34000000/50000000] avg_r=  0.144 | h2h=206.7500 | br= 2.3763 | avg= 0.4489 |   2859 ep/s | 197.3m
[Ep  34050000/50000000] avg_r=  0.029 | h2h=206.7500 | br= 2.3777 | avg= 0.4500 |   2874 ep/s | 197.5m
[Ep  34100000/50000000] avg_r= -0.016 | h2h=206.7500 | br= 2.3733 | avg= 0.4491 |   2875 ep/s | 197.8m
[Ep  34150000/50000000] avg_r=  0.030 | h2h=206.7500 | br= 2.3749 | avg= 0.4502 |   2861 ep/s | 198.1m
[Ep  34200000/50000000] avg_r=  0.054 | h2h=206.7500 | br= 2.3773 | avg= 0.4489 |   2855 ep/s | 198.4m
[Ep  34250000/50000000] avg_r= -0.001 | h2h=206.7500 | br= 2.3753 | avg= 0.4498 |   2878 ep/s | 198.7m
[Ep  34300000/50000000] avg_r=  0.017 | h2h=206.7500 | br= 2.3767 | avg= 0.4486 |   2885 ep/s | 199.0m
[Ep  34350000/50000000] avg_r=  0.046 | h2h=206.7500 | br= 2.3770 | avg= 0.4483 |   2867 ep/s | 199.3m
[Ep  34400000/50000000] avg_r=  0.061 | h2h=206.7500 | br= 2.3752 | avg= 0.4494 |   2850 ep/s | 199.6m
[Ep  34450000/50000000] avg_r=  0.035 | h2h=206.7500 | br= 2.3749 | avg= 0.4480 |   2886 ep/s | 199.9m
[Ep  34500000/50000000] avg_r=  0.036 | h2h=206.7500 | br= 2.3766 | avg= 0.4494 |   2876 ep/s | 200.2m
[Ep  34550000/50000000] avg_r= -0.010 | h2h=206.7500 | br= 2.3789 | avg= 0.4483 |   2869 ep/s | 200.4m
[Ep  34600000/50000000] avg_r=  0.023 | h2h=206.7500 | br= 2.3762 | avg= 0.4504 |   2870 ep/s | 200.7m
[Ep  34650000/50000000] avg_r= -0.071 | h2h=206.7500 | br= 2.3731 | avg= 0.4483 |   2884 ep/s | 201.0m
[Ep  34700000/50000000] avg_r=  0.035 | h2h=206.7500 | br= 2.3758 | avg= 0.4486 |   2862 ep/s | 201.3m
[Ep  34750000/50000000] avg_r=  0.044 | h2h=206.7500 | br= 2.3765 | avg= 0.4484 |   2888 ep/s | 201.6m
[Ep  34800000/50000000] avg_r=  0.030 | h2h=206.7500 | br= 2.3747 | avg= 0.4480 |   2908 ep/s | 201.9m
[Ep  34850000/50000000] avg_r=  0.082 | h2h=206.7500 | br= 2.3776 | avg= 0.4487 |   2848 ep/s | 202.2m
[Ep  34900000/50000000] avg_r=  0.037 | h2h=206.7500 | br= 2.3758 | avg= 0.4486 |   2874 ep/s | 202.5m
[Ep  34950000/50000000] avg_r=  0.062 | h2h=206.7500 | br= 2.3732 | avg= 0.4450 |   2903 ep/s | 202.8m
[Ep  35000000/50000000] avg_r=  0.082 | h2h=206.7500 | br= 2.3714 | avg= 0.4476 |   2893 ep/s | 203.1m
[Ep  35050000/50000000] avg_r=  0.065 | h2h=206.7500 | br= 2.3735 | avg= 0.4506 |   2845 ep/s | 203.3m
[Ep  35100000/50000000] avg_r=  0.100 | h2h=206.7500 | br= 2.3744 | avg= 0.4520 |   2883 ep/s | 203.6m
[Ep  35150000/50000000] avg_r=  0.082 | h2h=206.7500 | br= 2.3749 | avg= 0.4535 |   2854 ep/s | 203.9m
[Ep  35200000/50000000] avg_r=  0.125 | h2h=206.7500 | br= 2.3775 | avg= 0.4524 |   2840 ep/s | 204.2m
[Ep  35250000/50000000] avg_r=  0.025 | h2h=206.7500 | br= 2.3764 | avg= 0.4524 |   2864 ep/s | 204.5m
[Ep  35300000/50000000] avg_r= -0.081 | h2h=206.7500 | br= 2.3808 | avg= 0.4515 |   2835 ep/s | 204.8m
[Ep  35350000/50000000] avg_r=  0.140 | h2h=206.7500 | br= 2.3761 | avg= 0.4522 |   2806 ep/s | 205.1m
[Ep  35400000/50000000] avg_r= -0.021 | h2h=206.7500 | br= 2.3805 | avg= 0.4520 |   2855 ep/s | 205.4m
[Ep  35450000/50000000] avg_r=  0.047 | h2h=206.7500 | br= 2.3789 | avg= 0.4526 |   2869 ep/s | 205.7m
[Ep  35500000/50000000] avg_r=  0.081 | h2h=206.7500 | br= 2.3784 | avg= 0.4522 |   2834 ep/s | 206.0m
[Ep  35550000/50000000] avg_r=  0.039 | h2h=206.7500 | br= 2.3781 | avg= 0.4512 |   2814 ep/s | 206.3m
[Ep  35600000/50000000] avg_r=  0.106 | h2h=206.7500 | br= 2.3813 | avg= 0.4514 |   2820 ep/s | 206.6m
[Ep  35650000/50000000] avg_r=  0.039 | h2h=206.7500 | br= 2.3763 | avg= 0.4518 |   2846 ep/s | 206.9m
[Ep  35700000/50000000] avg_r=  0.019 | h2h=206.7500 | br= 2.3758 | avg= 0.4522 |   2862 ep/s | 207.2m
[Ep  35750000/50000000] avg_r=  0.042 | h2h=206.7500 | br= 2.3778 | avg= 0.4514 |   2863 ep/s | 207.4m
[Ep  35800000/50000000] avg_r= -0.013 | h2h=206.7500 | br= 2.3599 | avg= 0.4482 |   2881 ep/s | 207.7m
[Ep  35850000/50000000] avg_r=  0.155 | h2h=206.7500 | br= 2.3018 | avg= 0.4449 |   2927 ep/s | 208.0m
[Ep  35900000/50000000] avg_r=  0.090 | h2h=206.7500 | br= 2.2589 | avg= 0.4457 |   2880 ep/s | 208.3m
[Ep  35950000/50000000] avg_r=  0.196 | h2h=206.7500 | br= 2.2511 | avg= 0.4448 |   2904 ep/s | 208.6m
[Ep  36000000/50000000] avg_r=  0.058 | h2h=206.7500 | br= 2.2495 | avg= 0.4461 |   2912 ep/s | 208.9m
[Ep  36050000/50000000] avg_r=  0.163 | h2h=206.7500 | br= 2.2561 | avg= 0.4443 |   2882 ep/s | 209.2m
[Ep  36100000/50000000] avg_r=  0.206 | h2h=206.7500 | br= 2.2510 | avg= 0.4362 |   2879 ep/s | 209.5m
[Ep  36150000/50000000] avg_r=  0.231 | h2h=206.7500 | br= 2.2524 | avg= 0.4359 |   2886 ep/s | 209.7m
[Ep  36200000/50000000] avg_r=  0.245 | h2h=206.7500 | br= 2.2556 | avg= 0.4350 |   2923 ep/s | 210.0m
[Ep  36250000/50000000] avg_r=  0.100 | h2h=206.7500 | br= 2.2540 | avg= 0.4359 |   2896 ep/s | 210.3m
[Ep  36300000/50000000] avg_r=  0.204 | h2h=206.7500 | br= 2.2503 | avg= 0.4366 |   2892 ep/s | 210.6m
[Ep  36350000/50000000] avg_r=  0.141 | h2h=206.7500 | br= 2.2505 | avg= 0.4350 |   2889 ep/s | 210.9m
[Ep  36400000/50000000] avg_r=  0.130 | h2h=206.7500 | br= 2.2553 | avg= 0.4357 |   2865 ep/s | 211.2m
[Ep  36450000/50000000] avg_r=  0.179 | h2h=206.7500 | br= 2.2535 | avg= 0.4365 |   2862 ep/s | 211.5m
[Ep  36500000/50000000] avg_r=  0.160 | h2h=206.7500 | br= 2.2577 | avg= 0.4357 |   2912 ep/s | 211.8m
[Ep  36550000/50000000] avg_r=  0.170 | h2h=206.7500 | br= 2.2518 | avg= 0.4352 |   2848 ep/s | 212.1m
[Ep  36600000/50000000] avg_r=  0.197 | h2h=206.7500 | br= 2.2489 | avg= 0.4362 |   2855 ep/s | 212.3m
[Ep  36650000/50000000] avg_r=  0.062 | h2h=206.7500 | br= 2.2489 | avg= 0.4435 |   2952 ep/s | 212.6m
[Ep  36700000/50000000] avg_r=  0.002 | h2h=206.7500 | br= 2.2408 | avg= 0.4455 |   2936 ep/s | 212.9m
[Ep  36750000/50000000] avg_r= -0.011 | h2h=206.7500 | br= 2.2355 | avg= 0.4449 |   2921 ep/s | 213.2m
[Ep  36800000/50000000] avg_r=  0.162 | h2h=206.7500 | br= 2.2310 | avg= 0.4457 |   2899 ep/s | 213.5m
[Ep  36850000/50000000] avg_r= -0.087 | h2h=206.7500 | br= 2.2289 | avg= 0.4454 |   2916 ep/s | 213.8m
[Ep  36900000/50000000] avg_r=  0.118 | h2h=206.7500 | br= 2.2373 | avg= 0.4453 |   2934 ep/s | 214.1m
[Ep  36950000/50000000] avg_r=  0.051 | h2h=206.7500 | br= 2.2335 | avg= 0.4451 |   2920 ep/s | 214.3m
[Ep  37000000/50000000] avg_r=  0.006 | h2h=206.7500 | br= 2.2306 | avg= 0.4451 |   2970 ep/s | 214.6m
[Ep  37050000/50000000] avg_r=  0.056 | h2h=206.7500 | br= 2.2296 | avg= 0.4454 |   2897 ep/s | 214.9m
[Ep  37100000/50000000] avg_r=  0.048 | h2h=206.7500 | br= 2.2302 | avg= 0.4456 |   3025 ep/s | 215.2m
[Ep  37150000/50000000] avg_r=  0.060 | h2h=206.7500 | br= 2.2279 | avg= 0.4471 |   3278 ep/s | 215.4m
[Ep  37200000/50000000] avg_r= -0.079 | h2h=206.7500 | br= 2.2271 | avg= 0.4476 |   3309 ep/s | 215.7m
[Ep  37250000/50000000] avg_r=  0.049 | h2h=206.7500 | br= 2.2331 | avg= 0.4468 |   3345 ep/s | 215.9m
[Ep  37300000/50000000] avg_r=  0.099 | h2h=206.7500 | br= 2.2312 | avg= 0.4464 |   3300 ep/s | 216.2m
[Ep  37350000/50000000] avg_r=  0.084 | h2h=206.7500 | br= 2.2311 | avg= 0.4455 |   2979 ep/s | 216.5m
[Ep  37400000/50000000] avg_r=  0.176 | h2h=206.7500 | br= 2.2351 | avg= 0.4448 |   2910 ep/s | 216.8m
[Ep  37450000/50000000] avg_r=  0.028 | h2h=206.7500 | br= 2.2322 | avg= 0.4457 |   2920 ep/s | 217.0m
[Ep  37500000/50000000] avg_r=  0.053 | h2h=206.7500 | br= 2.2315 | avg= 0.4461 |   2963 ep/s | 217.3m
[Ep  37550000/50000000] avg_r=  0.047 | h2h=206.7500 | br= 2.2318 | avg= 0.4449 |   2945 ep/s | 217.6m
[Ep  37600000/50000000] avg_r=  0.044 | h2h=206.7500 | br= 2.2325 | avg= 0.4452 |   2938 ep/s | 217.9m
[Ep  37650000/50000000] avg_r=  0.084 | h2h=206.7500 | br= 2.2336 | avg= 0.4472 |   2917 ep/s | 218.2m
[Ep  37700000/50000000] avg_r=  0.007 | h2h=206.7500 | br= 2.2334 | avg= 0.4450 |   2918 ep/s | 218.5m
[Ep  37750000/50000000] avg_r= -0.021 | h2h=206.7500 | br= 2.2325 | avg= 0.4464 |   2914 ep/s | 218.8m
[Ep  37800000/50000000] avg_r=  0.035 | h2h=206.7500 | br= 2.2319 | avg= 0.4463 |   2921 ep/s | 219.0m
[Ep  37850000/50000000] avg_r=  0.034 | h2h=206.7500 | br= 2.2358 | avg= 0.4458 |   2910 ep/s | 219.3m
[Ep  37900000/50000000] avg_r=  0.003 | h2h=206.7500 | br= 2.2341 | avg= 0.4463 |   2871 ep/s | 219.6m
[Ep  37950000/50000000] avg_r=  0.048 | h2h=206.7500 | br= 2.2365 | avg= 0.4456 |   2904 ep/s | 219.9m
[Ep  38000000/50000000] avg_r=  0.053 | h2h=206.7500 | br= 2.2357 | avg= 0.4468 |   2934 ep/s | 220.2m
[Ep  38050000/50000000] avg_r=  0.032 | h2h=206.7500 | br= 2.2332 | avg= 0.4462 |   2933 ep/s | 220.5m
[Ep  38100000/50000000] avg_r=  0.074 | h2h=206.7500 | br= 2.2352 | avg= 0.4454 |   3718 ep/s | 220.7m
[Ep  38150000/50000000] avg_r= -0.017 | h2h=206.7500 | br= 2.2316 | avg= 0.4458 |   4075 ep/s | 220.9m
[Ep  38200000/50000000] avg_r= -0.044 | h2h=206.7500 | br= 2.2304 | avg= 0.4446 |   4077 ep/s | 221.1m
[Ep  38250000/50000000] avg_r=  0.017 | h2h=206.7500 | br= 2.2323 | avg= 0.4459 |   4076 ep/s | 221.3m
[Ep  38300000/50000000] avg_r=  0.053 | h2h=206.7500 | br= 2.2309 | avg= 0.4452 |   4053 ep/s | 221.5m
[Ep  38350000/50000000] avg_r=  0.051 | h2h=206.7500 | br= 2.2334 | avg= 0.4472 |   4033 ep/s | 221.7m
[Ep  38400000/50000000] avg_r=  0.034 | h2h=206.7500 | br= 2.2351 | avg= 0.4452 |   4070 ep/s | 221.9m
[Ep  38450000/50000000] avg_r=  0.009 | h2h=206.7500 | br= 2.2316 | avg= 0.4466 |   4002 ep/s | 222.1m
[Ep  38500000/50000000] avg_r=  0.072 | h2h=206.7500 | br= 2.2302 | avg= 0.4469 |   3313 ep/s | 222.4m
[Ep  38550000/50000000] avg_r=  0.017 | h2h=206.7500 | br= 2.2344 | avg= 0.4446 |   2914 ep/s | 222.7m
[Ep  38600000/50000000] avg_r= -0.022 | h2h=206.7500 | br= 2.2330 | avg= 0.4457 |   2878 ep/s | 223.0m
[Ep  38650000/50000000] avg_r=  0.062 | h2h=206.7500 | br= 2.2292 | avg= 0.4455 |   2918 ep/s | 223.2m
[Ep  38700000/50000000] avg_r=  0.100 | h2h=206.7500 | br= 2.2282 | avg= 0.4458 |   2972 ep/s | 223.5m
[Ep  38750000/50000000] avg_r= -0.013 | h2h=206.7500 | br= 2.2305 | avg= 0.4479 |   2939 ep/s | 223.8m
[Ep  38800000/50000000] avg_r=  0.077 | h2h=206.7500 | br= 2.2305 | avg= 0.4455 |   2925 ep/s | 224.1m
[Ep  38850000/50000000] avg_r=  0.021 | h2h=206.7500 | br= 2.2293 | avg= 0.4460 |   2932 ep/s | 224.4m
[Ep  38900000/50000000] avg_r= -0.005 | h2h=206.7500 | br= 2.2299 | avg= 0.4462 |   2943 ep/s | 224.7m
[Ep  38950000/50000000] avg_r=  0.059 | h2h=206.7500 | br= 2.2305 | avg= 0.4471 |   2901 ep/s | 224.9m
[Ep  39000000/50000000] avg_r=  0.047 | h2h=206.7500 | br= 2.2282 | avg= 0.4469 |   2933 ep/s | 225.2m
[Ep  39050000/50000000] avg_r=  0.054 | h2h=206.7500 | br= 2.2315 | avg= 0.4451 |   2923 ep/s | 225.5m
[Ep  39100000/50000000] avg_r=  0.006 | h2h=206.7500 | br= 2.2308 | avg= 0.4456 |   2913 ep/s | 225.8m
[Ep  39150000/50000000] avg_r=  0.043 | h2h=206.7500 | br= 2.2317 | avg= 0.4446 |   2910 ep/s | 226.1m
[Ep  39200000/50000000] avg_r=  0.137 | h2h=206.7500 | br= 2.2322 | avg= 0.4453 |   2889 ep/s | 226.4m
[Ep  39250000/50000000] avg_r=  0.104 | h2h=206.7500 | br= 2.2289 | avg= 0.4457 |   2905 ep/s | 226.7m
[Ep  39300000/50000000] avg_r=  0.039 | h2h=206.7500 | br= 2.2289 | avg= 0.4472 |   2950 ep/s | 226.9m
[Ep  39350000/50000000] avg_r=  0.063 | h2h=206.7500 | br= 2.2296 | avg= 0.4449 |   2927 ep/s | 227.2m
[Ep  39400000/50000000] avg_r=  0.034 | h2h=206.7500 | br= 2.2323 | avg= 0.4452 |   2895 ep/s | 227.5m
[Ep  39450000/50000000] avg_r=  0.056 | h2h=206.7500 | br= 2.2346 | avg= 0.4460 |   2906 ep/s | 227.8m
[Ep  39500000/50000000] avg_r=  0.027 | h2h=206.7500 | br= 2.2381 | avg= 0.4457 |   2917 ep/s | 228.1m
[Ep  39550000/50000000] avg_r=  0.077 | h2h=206.7500 | br= 2.2383 | avg= 0.4454 |   2904 ep/s | 228.4m
[Ep  39600000/50000000] avg_r=  0.081 | h2h=206.7500 | br= 2.2403 | avg= 0.4451 |   2917 ep/s | 228.7m
[Ep  39650000/50000000] avg_r= -0.010 | h2h=206.7500 | br= 2.2339 | avg= 0.4439 |   2917 ep/s | 228.9m
[Ep  39700000/50000000] avg_r=  0.032 | h2h=206.7500 | br= 2.2371 | avg= 0.4454 |   2890 ep/s | 229.2m
[Ep  39750000/50000000] avg_r=  0.056 | h2h=206.7500 | br= 2.2336 | avg= 0.4432 |   2925 ep/s | 229.5m
[Ep  39800000/50000000] avg_r=  0.022 | h2h=206.7500 | br= 2.2292 | avg= 0.4455 |   2923 ep/s | 229.8m
[Ep  39850000/50000000] avg_r=  0.153 | h2h=206.7500 | br= 2.2311 | avg= 0.4446 |   2917 ep/s | 230.1m
[Ep  39900000/50000000] avg_r=  0.057 | h2h=206.7500 | br= 2.2337 | avg= 0.4456 |   2893 ep/s | 230.4m
[Ep  39950000/50000000] avg_r= -0.013 | h2h=206.7500 | br= 2.2342 | avg= 0.4453 |   2964 ep/s | 230.7m
[Ep  40000000/50000000] avg_r=  0.105 | h2h=206.7500 | br= 2.2311 | avg= 0.4454 |   2892 ep/s | 231.0m
[H2H] ep=40000000 | avg_reward=208.8500 over 1000 games
  >>> H2H WINRATE @ ep 40000000: 208.8500
  [CHECKPOINT] saved at ep 40000000
[snapshot] ep=40000000 -> /home/anthonyn/cos435/cpp-implementation/snapshots/holdem_64x64_iqn_neutral/ep40000000
[Ep  40050000/50000000] avg_r=  0.072 | h2h=208.8500 | br= 2.2294 | avg= 0.4445 |    422 ep/s | 232.9m
[Ep  40100000/50000000] avg_r=  0.077 | h2h=208.8500 | br= 2.2340 | avg= 0.4464 |   2935 ep/s | 233.2m
[Ep  40150000/50000000] avg_r= -0.055 | h2h=208.8500 | br= 2.2323 | avg= 0.4438 |   2837 ep/s | 233.5m
[Ep  40200000/50000000] avg_r=  0.085 | h2h=208.8500 | br= 2.2297 | avg= 0.4446 |   2861 ep/s | 233.8m
[Ep  40250000/50000000] avg_r=  0.077 | h2h=208.8500 | br= 2.2313 | avg= 0.4459 |   2807 ep/s | 234.1m
[Ep  40300000/50000000] avg_r= -0.015 | h2h=208.8500 | br= 2.2358 | avg= 0.4440 |   2837 ep/s | 234.4m
[Ep  40350000/50000000] avg_r=  0.000 | h2h=208.8500 | br= 2.2375 | avg= 0.4452 |   2894 ep/s | 234.7m
[Ep  40400000/50000000] avg_r=  0.013 | h2h=208.8500 | br= 2.2364 | avg= 0.4443 |   2912 ep/s | 235.0m
[Ep  40450000/50000000] avg_r=  0.055 | h2h=208.8500 | br= 2.2352 | avg= 0.4450 |   2893 ep/s | 235.2m
[Ep  40500000/50000000] avg_r=  0.099 | h2h=208.8500 | br= 2.2340 | avg= 0.4450 |   2904 ep/s | 235.5m
[Ep  40550000/50000000] avg_r=  0.070 | h2h=208.8500 | br= 2.2347 | avg= 0.4440 |   2960 ep/s | 235.8m
[Ep  40600000/50000000] avg_r= -0.021 | h2h=208.8500 | br= 2.2320 | avg= 0.4455 |   2907 ep/s | 236.1m
[Ep  40650000/50000000] avg_r=  0.031 | h2h=208.8500 | br= 2.2333 | avg= 0.4444 |   2902 ep/s | 236.4m
[Ep  40700000/50000000] avg_r=  0.008 | h2h=208.8500 | br= 2.2329 | avg= 0.4433 |   2949 ep/s | 236.7m
[Ep  40750000/50000000] avg_r=  0.055 | h2h=208.8500 | br= 2.2329 | avg= 0.4440 |   2896 ep/s | 237.0m
[Ep  40800000/50000000] avg_r=  0.014 | h2h=208.8500 | br= 2.2305 | avg= 0.4437 |   2913 ep/s | 237.2m
[Ep  40850000/50000000] avg_r=  0.039 | h2h=208.8500 | br= 2.2306 | avg= 0.4438 |   2936 ep/s | 237.5m
[Ep  40900000/50000000] avg_r=  0.030 | h2h=208.8500 | br= 2.2339 | avg= 0.4445 |   2936 ep/s | 237.8m
[Ep  40950000/50000000] avg_r= -0.007 | h2h=208.8500 | br= 2.2344 | avg= 0.4444 |   2896 ep/s | 238.1m
[Ep  41000000/50000000] avg_r=  0.076 | h2h=208.8500 | br= 2.2366 | avg= 0.4445 |   2917 ep/s | 238.4m
[Ep  41050000/50000000] avg_r=  0.020 | h2h=208.8500 | br= 2.2360 | avg= 0.4451 |   2914 ep/s | 238.7m
[Ep  41100000/50000000] avg_r=  0.134 | h2h=208.8500 | br= 2.2370 | avg= 0.4448 |   2913 ep/s | 239.0m
[Ep  41150000/50000000] avg_r= -0.031 | h2h=208.8500 | br= 2.2329 | avg= 0.4433 |   2916 ep/s | 239.2m
[Ep  41200000/50000000] avg_r=  0.045 | h2h=208.8500 | br= 2.2318 | avg= 0.4439 |   2951 ep/s | 239.5m
[Ep  41250000/50000000] avg_r=  0.051 | h2h=208.8500 | br= 2.2311 | avg= 0.4440 |   2925 ep/s | 239.8m
[Ep  41300000/50000000] avg_r=  0.078 | h2h=208.8500 | br= 2.2318 | avg= 0.4442 |   2885 ep/s | 240.1m
[Ep  41350000/50000000] avg_r=  0.050 | h2h=208.8500 | br= 2.2321 | avg= 0.4442 |   2907 ep/s | 240.4m
[Ep  41400000/50000000] avg_r= -0.040 | h2h=208.8500 | br= 2.2306 | avg= 0.4433 |   2925 ep/s | 240.7m
[Ep  41450000/50000000] avg_r=  0.011 | h2h=208.8500 | br= 2.2314 | avg= 0.4433 |   2889 ep/s | 241.0m
[Ep  41500000/50000000] avg_r=  0.070 | h2h=208.8500 | br= 2.2299 | avg= 0.4446 |   2910 ep/s | 241.2m
[Ep  41550000/50000000] avg_r=  0.088 | h2h=208.8500 | br= 2.2294 | avg= 0.4452 |   2930 ep/s | 241.5m
[Ep  41600000/50000000] avg_r=  0.076 | h2h=208.8500 | br= 2.2294 | avg= 0.4434 |   2904 ep/s | 241.8m
[Ep  41650000/50000000] avg_r= -0.042 | h2h=208.8500 | br= 2.2349 | avg= 0.4440 |   2912 ep/s | 242.1m
[Ep  41700000/50000000] avg_r=  0.037 | h2h=208.8500 | br= 2.2316 | avg= 0.4423 |   2892 ep/s | 242.4m
[Ep  41750000/50000000] avg_r=  0.017 | h2h=208.8500 | br= 2.2301 | avg= 0.4432 |   2942 ep/s | 242.7m
[Ep  41800000/50000000] avg_r=  0.007 | h2h=208.8500 | br= 2.2285 | avg= 0.4439 |   2873 ep/s | 243.0m
[Ep  41850000/50000000] avg_r=  0.009 | h2h=208.8500 | br= 2.2298 | avg= 0.4434 |   2903 ep/s | 243.3m
[Ep  41900000/50000000] avg_r=  0.021 | h2h=208.8500 | br= 2.2317 | avg= 0.4423 |   2950 ep/s | 243.5m
[Ep  41950000/50000000] avg_r=  0.003 | h2h=208.8500 | br= 2.2316 | avg= 0.4441 |   2877 ep/s | 243.8m
[Ep  42000000/50000000] avg_r=  0.090 | h2h=208.8500 | br= 2.2322 | avg= 0.4427 |   2926 ep/s | 244.1m
[Ep  42050000/50000000] avg_r=  0.060 | h2h=208.8500 | br= 2.2354 | avg= 0.4434 |   2881 ep/s | 244.4m
[Ep  42100000/50000000] avg_r=  0.073 | h2h=208.8500 | br= 2.2323 | avg= 0.4426 |   2905 ep/s | 244.7m
[Ep  42150000/50000000] avg_r=  0.034 | h2h=208.8500 | br= 2.2320 | avg= 0.4431 |   2934 ep/s | 245.0m
[Ep  42200000/50000000] avg_r=  0.065 | h2h=208.8500 | br= 2.2313 | avg= 0.4428 |   2919 ep/s | 245.3m
[Ep  42250000/50000000] avg_r=  0.049 | h2h=208.8500 | br= 2.2298 | avg= 0.4429 |   2874 ep/s | 245.5m
[Ep  42300000/50000000] avg_r=  0.063 | h2h=208.8500 | br= 2.2297 | avg= 0.4423 |   2882 ep/s | 245.8m
[Ep  42350000/50000000] avg_r=  0.023 | h2h=208.8500 | br= 2.2282 | avg= 0.4424 |   2880 ep/s | 246.1m
[Ep  42400000/50000000] avg_r= -0.005 | h2h=208.8500 | br= 2.2296 | avg= 0.4423 |   2893 ep/s | 246.4m
[Ep  42450000/50000000] avg_r=  0.104 | h2h=208.8500 | br= 2.2302 | avg= 0.4422 |   2913 ep/s | 246.7m
[Ep  42500000/50000000] avg_r= -0.023 | h2h=208.8500 | br= 2.2287 | avg= 0.4424 |   2930 ep/s | 247.0m
[Ep  42550000/50000000] avg_r=  0.053 | h2h=208.8500 | br= 2.2294 | avg= 0.4413 |   2897 ep/s | 247.3m
[Ep  42600000/50000000] avg_r=  0.039 | h2h=208.8500 | br= 2.2308 | avg= 0.4416 |   2897 ep/s | 247.6m
[Ep  42650000/50000000] avg_r= -0.014 | h2h=208.8500 | br= 2.2313 | avg= 0.4423 |   2920 ep/s | 247.8m
[Ep  42700000/50000000] avg_r=  0.020 | h2h=208.8500 | br= 2.2368 | avg= 0.4426 |   2924 ep/s | 248.1m
[Ep  42750000/50000000] avg_r=  0.064 | h2h=208.8500 | br= 2.2361 | avg= 0.4412 |   2942 ep/s | 248.4m
[Ep  42800000/50000000] avg_r=  0.006 | h2h=208.8500 | br= 2.2326 | avg= 0.4404 |   2913 ep/s | 248.7m
[Ep  42850000/50000000] avg_r=  0.045 | h2h=208.8500 | br= 2.2328 | avg= 0.4413 |   2922 ep/s | 249.0m
[Ep  42900000/50000000] avg_r=  0.003 | h2h=208.8500 | br= 2.2305 | avg= 0.4417 |   2939 ep/s | 249.3m
[Ep  42950000/50000000] avg_r= -0.001 | h2h=208.8500 | br= 2.2306 | avg= 0.4424 |   2927 ep/s | 249.6m
[Ep  43000000/50000000] avg_r= -0.041 | h2h=208.8500 | br= 2.2302 | avg= 0.4419 |   2919 ep/s | 249.8m
[Ep  43050000/50000000] avg_r=  0.108 | h2h=208.8500 | br= 2.2321 | avg= 0.4421 |   2902 ep/s | 250.1m
[Ep  43100000/50000000] avg_r=  0.133 | h2h=208.8500 | br= 2.2323 | avg= 0.4430 |   2921 ep/s | 250.4m
[Ep  43150000/50000000] avg_r=  0.029 | h2h=208.8500 | br= 2.2370 | avg= 0.4415 |   2925 ep/s | 250.7m
[Ep  43200000/50000000] avg_r=  0.004 | h2h=208.8500 | br= 2.2344 | avg= 0.4413 |   2910 ep/s | 251.0m
[Ep  43250000/50000000] avg_r=  0.057 | h2h=208.8500 | br= 2.2346 | avg= 0.4420 |   2906 ep/s | 251.3m
[Ep  43300000/50000000] avg_r=  0.033 | h2h=208.8500 | br= 2.2330 | avg= 0.4416 |   2955 ep/s | 251.5m
[Ep  43350000/50000000] avg_r=  0.028 | h2h=208.8500 | br= 2.2324 | avg= 0.4405 |   2919 ep/s | 251.8m
[Ep  43400000/50000000] avg_r=  0.033 | h2h=208.8500 | br= 2.2331 | avg= 0.4404 |   2904 ep/s | 252.1m
[Ep  43450000/50000000] avg_r=  0.072 | h2h=208.8500 | br= 2.2344 | avg= 0.4421 |   2904 ep/s | 252.4m
[Ep  43500000/50000000] avg_r=  0.043 | h2h=208.8500 | br= 2.2335 | avg= 0.4395 |   2920 ep/s | 252.7m
[Ep  43550000/50000000] avg_r=  0.054 | h2h=208.8500 | br= 2.2320 | avg= 0.4411 |   2903 ep/s | 253.0m
[Ep  43600000/50000000] avg_r=  0.000 | h2h=208.8500 | br= 2.2331 | avg= 0.4415 |   2931 ep/s | 253.3m
[Ep  43650000/50000000] avg_r=  0.118 | h2h=208.8500 | br= 2.2310 | avg= 0.4406 |   2923 ep/s | 253.6m
[Ep  43700000/50000000] avg_r=  0.105 | h2h=208.8500 | br= 2.2305 | avg= 0.4402 |   2941 ep/s | 253.8m
[Ep  43750000/50000000] avg_r=  0.058 | h2h=208.8500 | br= 2.2332 | avg= 0.4397 |   2914 ep/s | 254.1m
[Ep  43800000/50000000] avg_r=  0.053 | h2h=208.8500 | br= 2.2318 | avg= 0.4397 |   2876 ep/s | 254.4m
[Ep  43850000/50000000] avg_r=  0.044 | h2h=208.8500 | br= 2.2332 | avg= 0.4391 |   2919 ep/s | 254.7m
[Ep  43900000/50000000] avg_r=  0.141 | h2h=208.8500 | br= 2.2366 | avg= 0.4395 |   2954 ep/s | 255.0m
[Ep  43950000/50000000] avg_r=  0.075 | h2h=208.8500 | br= 2.2364 | avg= 0.4391 |   2932 ep/s | 255.3m
[Ep  44000000/50000000] avg_r=  0.063 | h2h=208.8500 | br= 2.2328 | avg= 0.4401 |   2877 ep/s | 255.6m
[Ep  44050000/50000000] avg_r=  0.046 | h2h=208.8500 | br= 2.2304 | avg= 0.4415 |   2890 ep/s | 255.8m
[Ep  44100000/50000000] avg_r= -0.003 | h2h=208.8500 | br= 2.2308 | avg= 0.4385 |   2892 ep/s | 256.1m
[Ep  44150000/50000000] avg_r=  0.104 | h2h=208.8500 | br= 2.2351 | avg= 0.4400 |   2921 ep/s | 256.4m
[Ep  44200000/50000000] avg_r= -0.013 | h2h=208.8500 | br= 2.2346 | avg= 0.4391 |   2909 ep/s | 256.7m
[Ep  44250000/50000000] avg_r=  0.048 | h2h=208.8500 | br= 2.2326 | avg= 0.4402 |   2925 ep/s | 257.0m
[Ep  44300000/50000000] avg_r=  0.067 | h2h=208.8500 | br= 2.2346 | avg= 0.4391 |   2900 ep/s | 257.3m
[Ep  44350000/50000000] avg_r=  0.084 | h2h=208.8500 | br= 2.2333 | avg= 0.4385 |   2913 ep/s | 257.6m
[Ep  44400000/50000000] avg_r=  0.029 | h2h=208.8500 | br= 2.2304 | avg= 0.4393 |   2940 ep/s | 257.8m
[Ep  44450000/50000000] avg_r=  0.038 | h2h=208.8500 | br= 2.2301 | avg= 0.4381 |   2902 ep/s | 258.1m
[Ep  44500000/50000000] avg_r=  0.052 | h2h=208.8500 | br= 2.2315 | avg= 0.4387 |   2923 ep/s | 258.4m
[Ep  44550000/50000000] avg_r=  0.103 | h2h=208.8500 | br= 2.2330 | avg= 0.4389 |   2905 ep/s | 258.7m
[Ep  44600000/50000000] avg_r=  0.098 | h2h=208.8500 | br= 2.2306 | avg= 0.4398 |   2947 ep/s | 259.0m
[Ep  44650000/50000000] avg_r=  0.054 | h2h=208.8500 | br= 2.2284 | avg= 0.4326 |   2917 ep/s | 259.3m
[Ep  44700000/50000000] avg_r=  0.021 | h2h=208.8500 | br= 2.2310 | avg= 0.4257 |   2912 ep/s | 259.6m
[Ep  44750000/50000000] avg_r=  0.106 | h2h=208.8500 | br= 2.2287 | avg= 0.4254 |   2920 ep/s | 259.8m
[Ep  44800000/50000000] avg_r=  0.053 | h2h=208.8500 | br= 2.2310 | avg= 0.4257 |   2898 ep/s | 260.1m
[Ep  44850000/50000000] avg_r= -0.036 | h2h=208.8500 | br= 2.2340 | avg= 0.4267 |   2927 ep/s | 260.4m
[Ep  44900000/50000000] avg_r=  0.098 | h2h=208.8500 | br= 2.2335 | avg= 0.4247 |   2933 ep/s | 260.7m
[Ep  44950000/50000000] avg_r=  0.060 | h2h=208.8500 | br= 2.2270 | avg= 0.4250 |   2919 ep/s | 261.0m
[Ep  45000000/50000000] avg_r=  0.063 | h2h=208.8500 | br= 2.2275 | avg= 0.4250 |   2913 ep/s | 261.3m
[Ep  45050000/50000000] avg_r=  0.043 | h2h=208.8500 | br= 2.2309 | avg= 0.4253 |   2912 ep/s | 261.6m
[Ep  45100000/50000000] avg_r=  0.047 | h2h=208.8500 | br= 2.2359 | avg= 0.4260 |   2913 ep/s | 261.8m
[Ep  45150000/50000000] avg_r= -0.019 | h2h=208.8500 | br= 2.2354 | avg= 0.4261 |   2879 ep/s | 262.1m
[Ep  45200000/50000000] avg_r=  0.027 | h2h=208.8500 | br= 2.2324 | avg= 0.4255 |   2935 ep/s | 262.4m
[Ep  45250000/50000000] avg_r=  0.111 | h2h=208.8500 | br= 2.2317 | avg= 0.4254 |   2893 ep/s | 262.7m
[Ep  45300000/50000000] avg_r=  0.059 | h2h=208.8500 | br= 2.2326 | avg= 0.4254 |   2903 ep/s | 263.0m
[Ep  45350000/50000000] avg_r=  0.122 | h2h=208.8500 | br= 2.2518 | avg= 0.4370 |   2887 ep/s | 263.3m
[Ep  45400000/50000000] avg_r=  0.085 | h2h=208.8500 | br= 2.2740 | avg= 0.4373 |   2908 ep/s | 263.6m
[Ep  45450000/50000000] avg_r=  0.073 | h2h=208.8500 | br= 2.2836 | avg= 0.4385 |   2914 ep/s | 263.9m
[Ep  45500000/50000000] avg_r=  0.081 | h2h=208.8500 | br= 2.2830 | avg= 0.4373 |   2894 ep/s | 264.1m
[Ep  45550000/50000000] avg_r=  0.105 | h2h=208.8500 | br= 2.2774 | avg= 0.4376 |   2881 ep/s | 264.4m
[Ep  45600000/50000000] avg_r=  0.032 | h2h=208.8500 | br= 2.2761 | avg= 0.4384 |   2912 ep/s | 264.7m
[Ep  45650000/50000000] avg_r=  0.177 | h2h=208.8500 | br= 2.2769 | avg= 0.4364 |   2915 ep/s | 265.0m
[Ep  45700000/50000000] avg_r=  0.127 | h2h=208.8500 | br= 2.2798 | avg= 0.4364 |   2900 ep/s | 265.3m
[Ep  45750000/50000000] avg_r=  0.075 | h2h=208.8500 | br= 2.2790 | avg= 0.4364 |   2875 ep/s | 265.6m
[Ep  45800000/50000000] avg_r=  0.150 | h2h=208.8500 | br= 2.2761 | avg= 0.4352 |   2925 ep/s | 265.9m
[Ep  45850000/50000000] avg_r=  0.089 | h2h=208.8500 | br= 2.2831 | avg= 0.4366 |   2892 ep/s | 266.1m
[Ep  45900000/50000000] avg_r=  0.161 | h2h=208.8500 | br= 2.2837 | avg= 0.4367 |   2895 ep/s | 266.4m
[Ep  45950000/50000000] avg_r=  0.148 | h2h=208.8500 | br= 2.2787 | avg= 0.4377 |   2886 ep/s | 266.7m
[Ep  46000000/50000000] avg_r=  0.072 | h2h=208.8500 | br= 2.2778 | avg= 0.4365 |   2919 ep/s | 267.0m
[Ep  46050000/50000000] avg_r=  0.046 | h2h=208.8500 | br= 2.2785 | avg= 0.4361 |   2968 ep/s | 267.3m
[Ep  46100000/50000000] avg_r=  0.122 | h2h=208.8500 | br= 2.2772 | avg= 0.4365 |   2948 ep/s | 267.6m
[Ep  46150000/50000000] avg_r=  0.145 | h2h=208.8500 | br= 2.2798 | avg= 0.4358 |   2889 ep/s | 267.9m
[Ep  46200000/50000000] avg_r=  0.135 | h2h=208.8500 | br= 2.2784 | avg= 0.4366 |   2884 ep/s | 268.2m
[Ep  46250000/50000000] avg_r= -0.009 | h2h=208.8500 | br= 2.2791 | avg= 0.4357 |   2926 ep/s | 268.4m
[Ep  46300000/50000000] avg_r=  0.128 | h2h=208.8500 | br= 2.2774 | avg= 0.4344 |   2921 ep/s | 268.7m
[Ep  46350000/50000000] avg_r=  0.052 | h2h=208.8500 | br= 2.2786 | avg= 0.4350 |   2975 ep/s | 269.0m
[Ep  46400000/50000000] avg_r=  0.101 | h2h=208.8500 | br= 2.2786 | avg= 0.4351 |   3316 ep/s | 269.3m
[Ep  46450000/50000000] avg_r=  0.109 | h2h=208.8500 | br= 2.2777 | avg= 0.4354 |   3259 ep/s | 269.5m
[Ep  46500000/50000000] avg_r=  0.094 | h2h=208.8500 | br= 2.2807 | avg= 0.4341 |   3216 ep/s | 269.8m
[Ep  46550000/50000000] avg_r=  0.173 | h2h=208.8500 | br= 2.2813 | avg= 0.4348 |   3249 ep/s | 270.0m
[Ep  46600000/50000000] avg_r=  0.123 | h2h=208.8500 | br= 2.2822 | avg= 0.4348 |   3335 ep/s | 270.3m
[Ep  46650000/50000000] avg_r=  0.117 | h2h=208.8500 | br= 2.2797 | avg= 0.4338 |   3365 ep/s | 270.5m
[Ep  46700000/50000000] avg_r=  0.130 | h2h=208.8500 | br= 2.2759 | avg= 0.4335 |   3334 ep/s | 270.8m
[Ep  46750000/50000000] avg_r=  0.053 | h2h=208.8500 | br= 2.2778 | avg= 0.4344 |   3317 ep/s | 271.0m
[Ep  46800000/50000000] avg_r=  0.099 | h2h=208.8500 | br= 2.2794 | avg= 0.4341 |   3307 ep/s | 271.3m
[Ep  46850000/50000000] avg_r=  0.120 | h2h=208.8500 | br= 2.2820 | avg= 0.4351 |   3352 ep/s | 271.5m
[Ep  46900000/50000000] avg_r=  0.050 | h2h=208.8500 | br= 2.2858 | avg= 0.4347 |   3355 ep/s | 271.8m
[Ep  46950000/50000000] avg_r=  0.061 | h2h=208.8500 | br= 2.2827 | avg= 0.4344 |   3343 ep/s | 272.0m
[Ep  47000000/50000000] avg_r=  0.147 | h2h=208.8500 | br= 2.2791 | avg= 0.4348 |   3332 ep/s | 272.3m
[Ep  47050000/50000000] avg_r=  0.132 | h2h=208.8500 | br= 2.2797 | avg= 0.4331 |   3318 ep/s | 272.5m
[Ep  47100000/50000000] avg_r=  0.147 | h2h=208.8500 | br= 2.2766 | avg= 0.4331 |   3360 ep/s | 272.8m
[Ep  47150000/50000000] avg_r=  0.122 | h2h=208.8500 | br= 2.2775 | avg= 0.4338 |   3337 ep/s | 273.0m
[Ep  47200000/50000000] avg_r=  0.108 | h2h=208.8500 | br= 2.2803 | avg= 0.4330 |   3356 ep/s | 273.3m
[Ep  47250000/50000000] avg_r= -0.005 | h2h=208.8500 | br= 2.2821 | avg= 0.4342 |   3329 ep/s | 273.5m
[Ep  47300000/50000000] avg_r=  0.159 | h2h=208.8500 | br= 2.2814 | avg= 0.4332 |   3298 ep/s | 273.8m
[Ep  47350000/50000000] avg_r=  0.072 | h2h=208.8500 | br= 2.2842 | avg= 0.4333 |   3337 ep/s | 274.0m
[Ep  47400000/50000000] avg_r= -0.004 | h2h=208.8500 | br= 2.2835 | avg= 0.4312 |   3339 ep/s | 274.3m
[Ep  47450000/50000000] avg_r=  0.081 | h2h=208.8500 | br= 2.2762 | avg= 0.4312 |   3321 ep/s | 274.5m
[Ep  47500000/50000000] avg_r=  0.055 | h2h=208.8500 | br= 2.2747 | avg= 0.4329 |   4691 ep/s | 274.7m
[Ep  47550000/50000000] avg_r=  0.015 | h2h=208.8500 | br= 2.2761 | avg= 0.4321 |   6224 ep/s | 274.8m
[Ep  47600000/50000000] avg_r=  0.061 | h2h=208.8500 | br= 2.2769 | avg= 0.4319 |   6397 ep/s | 275.0m
[Ep  47650000/50000000] avg_r=  0.099 | h2h=208.8500 | br= 2.2766 | avg= 0.4317 |   6212 ep/s | 275.1m
[Ep  47700000/50000000] avg_r= -0.014 | h2h=208.8500 | br= 2.2775 | avg= 0.4315 |   6330 ep/s | 275.2m
[Ep  47750000/50000000] avg_r=  0.063 | h2h=208.8500 | br= 2.2794 | avg= 0.4318 |   6377 ep/s | 275.4m
[Ep  47800000/50000000] avg_r=  0.056 | h2h=208.8500 | br= 2.2787 | avg= 0.4331 |   6448 ep/s | 275.5m
[Ep  47850000/50000000] avg_r=  0.028 | h2h=208.8500 | br= 2.2808 | avg= 0.4304 |   6410 ep/s | 275.6m
[Ep  47900000/50000000] avg_r=  0.128 | h2h=208.8500 | br= 2.2769 | avg= 0.4310 |   6401 ep/s | 275.8m
[Ep  47950000/50000000] avg_r=  0.089 | h2h=208.8500 | br= 2.2778 | avg= 0.4314 |   6334 ep/s | 275.9m
[Ep  48000000/50000000] avg_r=  0.069 | h2h=208.8500 | br= 2.2765 | avg= 0.4309 |   6510 ep/s | 276.0m
[Ep  48050000/50000000] avg_r=  0.134 | h2h=208.8500 | br= 2.2770 | avg= 0.4323 |   6657 ep/s | 276.1m
[Ep  48100000/50000000] avg_r=  0.135 | h2h=208.8500 | br= 2.2816 | avg= 0.4313 |   6644 ep/s | 276.3m
[Ep  48150000/50000000] avg_r=  0.016 | h2h=208.8500 | br= 2.2759 | avg= 0.4315 |   6647 ep/s | 276.4m
[Ep  48200000/50000000] avg_r=  0.133 | h2h=208.8500 | br= 2.2771 | avg= 0.4298 |   6624 ep/s | 276.5m
[Ep  48250000/50000000] avg_r=  0.075 | h2h=208.8500 | br= 2.2832 | avg= 0.4306 |   6669 ep/s | 276.6m
[Ep  48300000/50000000] avg_r=  0.170 | h2h=208.8500 | br= 2.2845 | avg= 0.4305 |   6710 ep/s | 276.8m
[Ep  48350000/50000000] avg_r=  0.194 | h2h=208.8500 | br= 2.2821 | avg= 0.4304 |   6656 ep/s | 276.9m
[Ep  48400000/50000000] avg_r=  0.126 | h2h=208.8500 | br= 2.2829 | avg= 0.4306 |   6767 ep/s | 277.0m
[Ep  48450000/50000000] avg_r=  0.062 | h2h=208.8500 | br= 2.2795 | avg= 0.4308 |   6758 ep/s | 277.1m
[Ep  48500000/50000000] avg_r=  0.049 | h2h=208.8500 | br= 2.2796 | avg= 0.4286 |   6713 ep/s | 277.3m
[Ep  48550000/50000000] avg_r=  0.060 | h2h=208.8500 | br= 2.2781 | avg= 0.4298 |   6780 ep/s | 277.4m
[Ep  48600000/50000000] avg_r=  0.081 | h2h=208.8500 | br= 2.2795 | avg= 0.4287 |   6740 ep/s | 277.5m
[Ep  48650000/50000000] avg_r=  0.044 | h2h=208.8500 | br= 2.2786 | avg= 0.4292 |   6797 ep/s | 277.6m
[Ep  48700000/50000000] avg_r=  0.096 | h2h=208.8500 | br= 2.2760 | avg= 0.4304 |   6736 ep/s | 277.7m
[Ep  48750000/50000000] avg_r=  0.120 | h2h=208.8500 | br= 2.2772 | avg= 0.4298 |   6729 ep/s | 277.9m
[Ep  48800000/50000000] avg_r=  0.192 | h2h=208.8500 | br= 2.2778 | avg= 0.4304 |   6683 ep/s | 278.0m
[Ep  48850000/50000000] avg_r=  0.084 | h2h=208.8500 | br= 2.2772 | avg= 0.4296 |   6674 ep/s | 278.1m
[Ep  48900000/50000000] avg_r=  0.073 | h2h=208.8500 | br= 2.2853 | avg= 0.4310 |   6612 ep/s | 278.2m
[Ep  48950000/50000000] avg_r=  0.004 | h2h=208.8500 | br= 2.2838 | avg= 0.4288 |   6686 ep/s | 278.4m
[Ep  49000000/50000000] avg_r=  0.149 | h2h=208.8500 | br= 2.2845 | avg= 0.4294 |   6690 ep/s | 278.5m
[Ep  49050000/50000000] avg_r=  0.128 | h2h=208.8500 | br= 2.2816 | avg= 0.4274 |   6680 ep/s | 278.6m
[Ep  49100000/50000000] avg_r=  0.148 | h2h=208.8500 | br= 2.2779 | avg= 0.4290 |   6718 ep/s | 278.7m
[Ep  49150000/50000000] avg_r=  0.135 | h2h=208.8500 | br= 2.2792 | avg= 0.4292 |   6703 ep/s | 278.9m
[Ep  49200000/50000000] avg_r=  0.122 | h2h=208.8500 | br= 2.2819 | avg= 0.4288 |   6767 ep/s | 279.0m
[Ep  49250000/50000000] avg_r=  0.038 | h2h=208.8500 | br= 2.2794 | avg= 0.4301 |   6738 ep/s | 279.1m
[Ep  49300000/50000000] avg_r=  0.116 | h2h=208.8500 | br= 2.2804 | avg= 0.4292 |   6733 ep/s | 279.2m
[Ep  49350000/50000000] avg_r=  0.103 | h2h=208.8500 | br= 2.2768 | avg= 0.4274 |   6776 ep/s | 279.4m
[Ep  49400000/50000000] avg_r=  0.119 | h2h=208.8500 | br= 2.2737 | avg= 0.4282 |   6729 ep/s | 279.5m
[Ep  49450000/50000000] avg_r=  0.124 | h2h=208.8500 | br= 2.2735 | avg= 0.4277 |   6748 ep/s | 279.6m
[Ep  49500000/50000000] avg_r=  0.079 | h2h=208.8500 | br= 2.2743 | avg= 0.4280 |   6750 ep/s | 279.7m
[Ep  49550000/50000000] avg_r=  0.055 | h2h=208.8500 | br= 2.2798 | avg= 0.4265 |   6743 ep/s | 279.9m
[Ep  49600000/50000000] avg_r=  0.202 | h2h=208.8500 | br= 2.2804 | avg= 0.4296 |   6584 ep/s | 280.0m
[Ep  49650000/50000000] avg_r=  0.094 | h2h=208.8500 | br= 2.2844 | avg= 0.4267 |   6701 ep/s | 280.1m
[Ep  49700000/50000000] avg_r=  0.065 | h2h=208.8500 | br= 2.2799 | avg= 0.4279 |   6760 ep/s | 280.2m
[Ep  49750000/50000000] avg_r=  0.108 | h2h=208.8500 | br= 2.2803 | avg= 0.4262 |   6754 ep/s | 280.4m
[Ep  49800000/50000000] avg_r=  0.154 | h2h=208.8500 | br= 2.2789 | avg= 0.4254 |   6720 ep/s | 280.5m
[Ep  49850000/50000000] avg_r=  0.136 | h2h=208.8500 | br= 2.2816 | avg= 0.4288 |   6717 ep/s | 280.6m
[Ep  49900000/50000000] avg_r=  0.134 | h2h=208.8500 | br= 2.2799 | avg= 0.4278 |   6658 ep/s | 280.7m
[Ep  49950000/50000000] avg_r=  0.161 | h2h=208.8500 | br= 2.2806 | avg= 0.4280 |   6644 ep/s | 280.9m
[Ep  50000000/50000000] avg_r=  0.096 | h2h=208.8500 | br= 2.2820 | avg= 0.4265 |   6757 ep/s | 281.0m
[H2H] ep=50000000 | avg_reward=156.3500 over 1000 games
  >>> H2H WINRATE @ ep 50000000: 156.3500
  [CHECKPOINT] saved at ep 50000000
[snapshot] ep=50000000 -> /home/anthonyn/cos435/cpp-implementation/snapshots/holdem_64x64_iqn_neutral/ep50000000
==========================================================================================
DONE holdem_64x64_iqn_neutral | 305.9m
H2H log saved to results/logs/holdem_64x64_iqn_neutral_seed42_h2h.csv
