NFSP C++ Hold'em holdem_64x64_mv_train_std_10 (nfsp_iqn) | seed=42 | 50000000 episodes | 3 workers | arch=[64,64] | batch=256 | learn_every=256 | target=128000 | dqn_lr=0.002 | sl_lr=0.0002 | dqn_buf=600000 | res_buf=15000000
==========================================================================================
[Ep     50000/50000000] avg_r=  0.710 | h2h=  0.0000 | br= 0.4293 | avg= 0.3159 | fc=0.020 |   2336 ep/s | 0.4m
[Ep    100000/50000000] avg_r=  0.792 | h2h=  0.0000 | br= 0.5314 | avg= 0.3025 | fc=0.023 |   2085 ep/s | 0.8m
[Ep    150000/50000000] avg_r=  0.906 | h2h=  0.0000 | br= 0.5451 | avg= 0.3152 | fc=0.018 |   2176 ep/s | 1.1m
[Ep    200000/50000000] avg_r=  0.677 | h2h=  0.0000 | br= 0.5424 | avg= 0.3452 | fc=0.020 |   2099 ep/s | 1.5m
[Ep    250000/50000000] avg_r=  0.562 | h2h=  0.0000 | br= 0.5365 | avg= 0.3618 | fc=0.016 |   2193 ep/s | 1.9m
[Ep    300000/50000000] avg_r=  0.532 | h2h=  0.0000 | br= 0.5318 | avg= 0.3708 | fc=0.018 |   2266 ep/s | 2.3m
[Ep    350000/50000000] avg_r=  0.618 | h2h=  0.0000 | br= 0.5223 | avg= 0.3691 | fc=0.027 |   2160 ep/s | 2.7m
[Ep    400000/50000000] avg_r=  0.512 | h2h=  0.0000 | br= 0.5626 | avg= 0.3680 | fc=0.166 |   2203 ep/s | 3.0m
[Ep    450000/50000000] avg_r=  0.445 | h2h=  0.0000 | br= 0.8255 | avg= 0.3701 | fc=0.336 |   2181 ep/s | 3.4m
[Ep    500000/50000000] avg_r=  0.370 | h2h=  0.0000 | br= 0.8854 | avg= 0.3688 | fc=0.322 |   2229 ep/s | 3.8m
[Ep    550000/50000000] avg_r=  0.345 | h2h=  0.0000 | br= 0.8758 | avg= 0.3676 | fc=0.299 |   2177 ep/s | 4.2m
[Ep    600000/50000000] avg_r=  0.262 | h2h=  0.0000 | br= 0.8702 | avg= 0.3639 | fc=0.340 |   2175 ep/s | 4.6m
[Ep    650000/50000000] avg_r=  0.392 | h2h=  0.0000 | br= 0.8667 | avg= 0.3620 | fc=0.336 |   2259 ep/s | 4.9m
[Ep    700000/50000000] avg_r=  0.363 | h2h=  0.0000 | br= 0.8673 | avg= 0.3602 | fc=0.346 |   2259 ep/s | 5.3m
[Ep    750000/50000000] avg_r=  0.348 | h2h=  0.0000 | br= 0.8664 | avg= 0.3548 | fc=0.293 |   2241 ep/s | 5.7m
[Ep    800000/50000000] avg_r=  0.474 | h2h=  0.0000 | br= 0.9280 | avg= 0.3489 | fc=0.393 |   2183 ep/s | 6.1m
[Ep    850000/50000000] avg_r=  0.521 | h2h=  0.0000 | br= 1.0088 | avg= 0.3547 | fc=0.398 |   2218 ep/s | 6.4m
[Ep    900000/50000000] avg_r=  0.384 | h2h=  0.0000 | br= 1.1115 | avg= 0.3640 | fc=0.391 |   2224 ep/s | 6.8m
[Ep    950000/50000000] avg_r=  0.414 | h2h=  0.0000 | br= 1.1337 | avg= 0.3694 | fc=0.383 |   2225 ep/s | 7.2m
[Ep   1000000/50000000] avg_r=  0.471 | h2h=  0.0000 | br= 1.1434 | avg= 0.3724 | fc=0.363 |   2219 ep/s | 7.6m
[Ep   1050000/50000000] avg_r=  0.426 | h2h=  0.0000 | br= 1.1395 | avg= 0.3742 | fc=0.359 |   2179 ep/s | 7.9m
[Ep   1100000/50000000] avg_r=  0.429 | h2h=  0.0000 | br= 1.1433 | avg= 0.3755 | fc=0.383 |   2232 ep/s | 8.3m
[Ep   1150000/50000000] avg_r=  0.484 | h2h=  0.0000 | br= 1.1407 | avg= 0.3774 | fc=0.367 |   2186 ep/s | 8.7m
[Ep   1200000/50000000] avg_r=  0.405 | h2h=  0.0000 | br= 1.1365 | avg= 0.3749 | fc=0.336 |   2167 ep/s | 9.1m
[Ep   1250000/50000000] avg_r=  0.287 | h2h=  0.0000 | br= 1.1392 | avg= 0.3742 | fc=0.381 |   2209 ep/s | 9.5m
[Ep   1300000/50000000] avg_r=  0.347 | h2h=  0.0000 | br= 1.1372 | avg= 0.3730 | fc=0.350 |   2148 ep/s | 9.8m
[Ep   1350000/50000000] avg_r=  0.350 | h2h=  0.0000 | br= 1.1386 | avg= 0.3708 | fc=0.371 |   2256 ep/s | 10.2m
[Ep   1400000/50000000] avg_r=  0.191 | h2h=  0.0000 | br= 1.1425 | avg= 0.3707 | fc=0.344 |   2273 ep/s | 10.6m
[Ep   1450000/50000000] avg_r=  0.479 | h2h=  0.0000 | br= 1.1398 | avg= 0.3697 | fc=0.381 |   2206 ep/s | 11.0m
[Ep   1500000/50000000] avg_r=  0.388 | h2h=  0.0000 | br= 1.1369 | avg= 0.3648 | fc=0.396 |   2180 ep/s | 11.3m
[Ep   1550000/50000000] avg_r=  0.404 | h2h=  0.0000 | br= 1.1375 | avg= 0.3422 | fc=0.379 |   2198 ep/s | 11.7m
[Ep   1600000/50000000] avg_r=  0.218 | h2h=  0.0000 | br= 1.1624 | avg= 0.3666 | fc=0.324 |   2303 ep/s | 12.1m
[Ep   1650000/50000000] avg_r=  0.334 | h2h=  0.0000 | br= 1.0967 | avg= 0.3799 | fc=0.295 |   2354 ep/s | 12.4m
[Ep   1700000/50000000] avg_r=  0.299 | h2h=  0.0000 | br= 1.0544 | avg= 0.4018 | fc=0.314 |   2356 ep/s | 12.8m
[Ep   1750000/50000000] avg_r=  0.252 | h2h=  0.0000 | br= 1.1655 | avg= 0.3832 | fc=0.365 |   2233 ep/s | 13.2m
[Ep   1800000/50000000] avg_r=  0.335 | h2h=  0.0000 | br= 1.2054 | avg= 0.3780 | fc=0.357 |   2247 ep/s | 13.5m
[Ep   1850000/50000000] avg_r=  0.421 | h2h=  0.0000 | br= 1.2165 | avg= 0.3798 | fc=0.375 |   2257 ep/s | 13.9m
[Ep   1900000/50000000] avg_r=  0.330 | h2h=  0.0000 | br= 1.2182 | avg= 0.3823 | fc=0.359 |   2237 ep/s | 14.3m
[Ep   1950000/50000000] avg_r=  0.299 | h2h=  0.0000 | br= 1.2199 | avg= 0.3836 | fc=0.324 |   2313 ep/s | 14.6m
[Ep   2000000/50000000] avg_r=  0.340 | h2h=  0.0000 | br= 1.2201 | avg= 0.3841 | fc=0.361 |   2350 ep/s | 15.0m
[Ep   2050000/50000000] avg_r=  0.306 | h2h=  0.0000 | br= 1.2179 | avg= 0.3841 | fc=0.307 |   2298 ep/s | 15.4m
[Ep   2100000/50000000] avg_r=  0.384 | h2h=  0.0000 | br= 1.2163 | avg= 0.3837 | fc=0.361 |   2239 ep/s | 15.7m
[Ep   2150000/50000000] avg_r=  0.365 | h2h=  0.0000 | br= 1.2172 | avg= 0.3843 | fc=0.355 |   2218 ep/s | 16.1m
[Ep   2200000/50000000] avg_r=  0.273 | h2h=  0.0000 | br= 1.2150 | avg= 0.3838 | fc=0.365 |   2221 ep/s | 16.5m
[Ep   2250000/50000000] avg_r=  0.283 | h2h=  0.0000 | br= 1.2178 | avg= 0.3824 | fc=0.369 |   2216 ep/s | 16.9m
[Ep   2300000/50000000] avg_r=  0.290 | h2h=  0.0000 | br= 1.2154 | avg= 0.3841 | fc=0.330 |   2235 ep/s | 17.2m
[Ep   2350000/50000000] avg_r=  0.283 | h2h=  0.0000 | br= 1.2145 | avg= 0.3789 | fc=0.354 |   2259 ep/s | 17.6m
[Ep   2400000/50000000] avg_r=  0.315 | h2h=  0.0000 | br= 1.2142 | avg= 0.3794 | fc=0.348 |   2199 ep/s | 18.0m
[Ep   2450000/50000000] avg_r=  0.315 | h2h=  0.0000 | br= 1.2183 | avg= 0.3795 | fc=0.379 |   2283 ep/s | 18.3m
[Ep   2500000/50000000] avg_r=  0.298 | h2h=  0.0000 | br= 1.2150 | avg= 0.3791 | fc=0.352 |   2287 ep/s | 18.7m
[Ep   2550000/50000000] avg_r=  0.332 | h2h=  0.0000 | br= 1.2131 | avg= 0.3776 | fc=0.355 |   2252 ep/s | 19.1m
[Ep   2600000/50000000] avg_r=  0.309 | h2h=  0.0000 | br= 1.2147 | avg= 0.3753 | fc=0.361 |   2282 ep/s | 19.4m
[Ep   2650000/50000000] avg_r=  0.203 | h2h=  0.0000 | br= 1.2167 | avg= 0.3741 | fc=0.389 |   2211 ep/s | 19.8m
[Ep   2700000/50000000] avg_r=  0.242 | h2h=  0.0000 | br= 1.2132 | avg= 0.3748 | fc=0.342 |   2297 ep/s | 20.2m
[Ep   2750000/50000000] avg_r=  0.254 | h2h=  0.0000 | br= 1.2157 | avg= 0.3707 | fc=0.318 |   2287 ep/s | 20.5m
[Ep   2800000/50000000] avg_r=  0.296 | h2h=  0.0000 | br= 1.2121 | avg= 0.3704 | fc=0.373 |   2184 ep/s | 20.9m
[Ep   2850000/50000000] avg_r=  0.239 | h2h=  0.0000 | br= 1.2105 | avg= 0.3678 | fc=0.375 |   2268 ep/s | 21.3m
[Ep   2900000/50000000] avg_r=  0.333 | h2h=  0.0000 | br= 1.2146 | avg= 0.3662 | fc=0.346 |   2256 ep/s | 21.7m
[Ep   2950000/50000000] avg_r=  0.337 | h2h=  0.0000 | br= 1.2160 | avg= 0.3669 | fc=0.316 |   2258 ep/s | 22.0m
[Ep   3000000/50000000] avg_r=  0.282 | h2h=  0.0000 | br= 1.2119 | avg= 0.3653 | fc=0.400 |   2296 ep/s | 22.4m
[Ep   3050000/50000000] avg_r=  0.263 | h2h=  0.0000 | br= 1.2149 | avg= 0.3843 | fc=0.357 |   2253 ep/s | 22.8m
[Ep   3100000/50000000] avg_r=  0.276 | h2h=  0.0000 | br= 1.2095 | avg= 0.3879 | fc=0.350 |   2316 ep/s | 23.1m
[Ep   3150000/50000000] avg_r=  0.289 | h2h=  0.0000 | br= 1.2190 | avg= 0.3653 | fc=0.447 |   2334 ep/s | 23.5m
[Ep   3200000/50000000] avg_r=  0.348 | h2h=  0.0000 | br= 1.1554 | avg= 0.3651 | fc=0.449 |   2305 ep/s | 23.8m
[Ep   3250000/50000000] avg_r=  0.236 | h2h=  0.0000 | br= 1.1131 | avg= 0.3662 | fc=0.455 |   2269 ep/s | 24.2m
[Ep   3300000/50000000] avg_r=  0.317 | h2h=  0.0000 | br= 1.1110 | avg= 0.3676 | fc=0.475 |   2334 ep/s | 24.6m
[Ep   3350000/50000000] avg_r=  0.245 | h2h=  0.0000 | br= 1.1138 | avg= 0.3729 | fc=0.424 |   2377 ep/s | 24.9m
[Ep   3400000/50000000] avg_r=  0.271 | h2h=  0.0000 | br= 1.1103 | avg= 0.3752 | fc=0.432 |   2319 ep/s | 25.3m
[Ep   3450000/50000000] avg_r=  0.160 | h2h=  0.0000 | br= 1.1071 | avg= 0.3769 | fc=0.443 |   2368 ep/s | 25.6m
[Ep   3500000/50000000] avg_r=  0.208 | h2h=  0.0000 | br= 1.1593 | avg= 0.3733 | fc=0.549 |   2365 ep/s | 26.0m
[Ep   3550000/50000000] avg_r=  0.345 | h2h=  0.0000 | br= 1.1910 | avg= 0.3728 | fc=0.496 |   2337 ep/s | 26.3m
[Ep   3600000/50000000] avg_r=  0.324 | h2h=  0.0000 | br= 1.1988 | avg= 0.3759 | fc=0.564 |   2315 ep/s | 26.7m
[Ep   3650000/50000000] avg_r=  0.321 | h2h=  0.0000 | br= 1.1975 | avg= 0.3774 | fc=0.510 |   2354 ep/s | 27.1m
[Ep   3700000/50000000] avg_r=  0.343 | h2h=  0.0000 | br= 1.1999 | avg= 0.3809 | fc=0.500 |   2358 ep/s | 27.4m
[Ep   3750000/50000000] avg_r=  0.302 | h2h=  0.0000 | br= 1.2004 | avg= 0.3814 | fc=0.500 |   2293 ep/s | 27.8m
[Ep   3800000/50000000] avg_r=  0.315 | h2h=  0.0000 | br= 1.2000 | avg= 0.3813 | fc=0.502 |   2352 ep/s | 28.1m
[Ep   3850000/50000000] avg_r=  0.348 | h2h=  0.0000 | br= 1.2000 | avg= 0.3839 | fc=0.518 |   2272 ep/s | 28.5m
[Ep   3900000/50000000] avg_r=  0.373 | h2h=  0.0000 | br= 1.2026 | avg= 0.3850 | fc=0.475 |   2304 ep/s | 28.9m
[Ep   3950000/50000000] avg_r=  0.247 | h2h=  0.0000 | br= 1.1982 | avg= 0.3854 | fc=0.510 |   2331 ep/s | 29.2m
[Ep   4000000/50000000] avg_r=  0.268 | h2h=  0.0000 | br= 1.2016 | avg= 0.3836 | fc=0.496 |   2307 ep/s | 29.6m
[Ep   4050000/50000000] avg_r=  0.313 | h2h=  0.0000 | br= 1.1978 | avg= 0.3858 | fc=0.531 |   2335 ep/s | 29.9m
[Ep   4100000/50000000] avg_r=  0.336 | h2h=  0.0000 | br= 1.1982 | avg= 0.3883 | fc=0.502 |   2293 ep/s | 30.3m
[Ep   4150000/50000000] avg_r=  0.360 | h2h=  0.0000 | br= 1.1960 | avg= 0.3854 | fc=0.465 |   2280 ep/s | 30.7m
[Ep   4200000/50000000] avg_r=  0.308 | h2h=  0.0000 | br= 1.1972 | avg= 0.3858 | fc=0.486 |   2294 ep/s | 31.0m
[Ep   4250000/50000000] avg_r=  0.321 | h2h=  0.0000 | br= 1.1959 | avg= 0.3888 | fc=0.486 |   2310 ep/s | 31.4m
[Ep   4300000/50000000] avg_r=  0.324 | h2h=  0.0000 | br= 1.1979 | avg= 0.3874 | fc=0.484 |   2290 ep/s | 31.7m
[Ep   4350000/50000000] avg_r=  0.279 | h2h=  0.0000 | br= 1.1936 | avg= 0.3881 | fc=0.490 |   2309 ep/s | 32.1m
[Ep   4400000/50000000] avg_r=  0.295 | h2h=  0.0000 | br= 1.1945 | avg= 0.3881 | fc=0.492 |   2361 ep/s | 32.5m
[Ep   4450000/50000000] avg_r=  0.306 | h2h=  0.0000 | br= 1.1945 | avg= 0.3864 | fc=0.490 |   2291 ep/s | 32.8m
[Ep   4500000/50000000] avg_r=  0.318 | h2h=  0.0000 | br= 1.2001 | avg= 0.3870 | fc=0.484 |   2334 ep/s | 33.2m
[Ep   4550000/50000000] avg_r=  0.187 | h2h=  0.0000 | br= 1.1984 | avg= 0.3855 | fc=0.502 |   2300 ep/s | 33.5m
[Ep   4600000/50000000] avg_r=  0.331 | h2h=  0.0000 | br= 1.1956 | avg= 0.3846 | fc=0.502 |   2301 ep/s | 33.9m
[Ep   4650000/50000000] avg_r=  0.350 | h2h=  0.0000 | br= 1.1975 | avg= 0.3872 | fc=0.498 |   2394 ep/s | 34.3m
[Ep   4700000/50000000] avg_r=  0.349 | h2h=  0.0000 | br= 1.1946 | avg= 0.3867 | fc=0.535 |   2313 ep/s | 34.6m
[Ep   4750000/50000000] avg_r=  0.316 | h2h=  0.0000 | br= 1.1944 | avg= 0.3882 | fc=0.529 |   2350 ep/s | 35.0m
[Ep   4800000/50000000] avg_r=  0.404 | h2h=  0.0000 | br= 1.1934 | avg= 0.3851 | fc=0.502 |   2400 ep/s | 35.3m
[Ep   4850000/50000000] avg_r=  0.252 | h2h=  0.0000 | br= 1.1941 | avg= 0.3861 | fc=0.514 |   2336 ep/s | 35.7m
[Ep   4900000/50000000] avg_r=  0.378 | h2h=  0.0000 | br= 1.1921 | avg= 0.3859 | fc=0.533 |   2287 ep/s | 36.0m
[Ep   4950000/50000000] avg_r=  0.359 | h2h=  0.0000 | br= 1.1932 | avg= 0.3842 | fc=0.508 |   2318 ep/s | 36.4m
[Ep   5000000/50000000] avg_r=  0.346 | h2h=  0.0000 | br= 1.1933 | avg= 0.3853 | fc=0.518 |   2337 ep/s | 36.8m
[Ep   5050000/50000000] avg_r=  0.285 | h2h=  0.0000 | br= 1.1952 | avg= 0.3828 | fc=0.512 |   2252 ep/s | 37.1m
[Ep   5100000/50000000] avg_r=  0.343 | h2h=  0.0000 | br= 1.1937 | avg= 0.3825 | fc=0.473 |   2380 ep/s | 37.5m
[Ep   5150000/50000000] avg_r=  0.343 | h2h=  0.0000 | br= 1.1910 | avg= 0.3827 | fc=0.477 |   2272 ep/s | 37.8m
[Ep   5200000/50000000] avg_r=  0.372 | h2h=  0.0000 | br= 1.1945 | avg= 0.3822 | fc=0.543 |   2324 ep/s | 38.2m
[Ep   5250000/50000000] avg_r=  0.257 | h2h=  0.0000 | br= 1.1891 | avg= 0.3815 | fc=0.502 |   2237 ep/s | 38.6m
[Ep   5300000/50000000] avg_r=  0.389 | h2h=  0.0000 | br= 1.1883 | avg= 0.3804 | fc=0.494 |   2334 ep/s | 38.9m
[Ep   5350000/50000000] avg_r=  0.354 | h2h=  0.0000 | br= 1.1934 | avg= 0.3831 | fc=0.482 |   2291 ep/s | 39.3m
[Ep   5400000/50000000] avg_r=  0.308 | h2h=  0.0000 | br= 1.1942 | avg= 0.3798 | fc=0.496 |   2269 ep/s | 39.7m
[Ep   5450000/50000000] avg_r=  0.305 | h2h=  0.0000 | br= 1.1902 | avg= 0.3798 | fc=0.480 |   2320 ep/s | 40.0m
[Ep   5500000/50000000] avg_r=  0.299 | h2h=  0.0000 | br= 1.1910 | avg= 0.3790 | fc=0.502 |   2315 ep/s | 40.4m
[Ep   5550000/50000000] avg_r=  0.312 | h2h=  0.0000 | br= 1.1907 | avg= 0.3798 | fc=0.494 |   2296 ep/s | 40.7m
[Ep   5600000/50000000] avg_r=  0.322 | h2h=  0.0000 | br= 1.1887 | avg= 0.3784 | fc=0.488 |   2404 ep/s | 41.1m
[Ep   5650000/50000000] avg_r=  0.307 | h2h=  0.0000 | br= 1.1939 | avg= 0.3771 | fc=0.508 |   2365 ep/s | 41.4m
[Ep   5700000/50000000] avg_r=  0.357 | h2h=  0.0000 | br= 1.1918 | avg= 0.3780 | fc=0.490 |   2392 ep/s | 41.8m
[Ep   5750000/50000000] avg_r=  0.294 | h2h=  0.0000 | br= 1.1920 | avg= 0.3753 | fc=0.512 |   2312 ep/s | 42.1m
[Ep   5800000/50000000] avg_r=  0.416 | h2h=  0.0000 | br= 1.1946 | avg= 0.3767 | fc=0.518 |   2326 ep/s | 42.5m
[Ep   5850000/50000000] avg_r=  0.235 | h2h=  0.0000 | br= 1.1901 | avg= 0.3744 | fc=0.490 |   2313 ep/s | 42.9m
[Ep   5900000/50000000] avg_r=  0.330 | h2h=  0.0000 | br= 1.1919 | avg= 0.3746 | fc=0.500 |   2353 ep/s | 43.2m
[Ep   5950000/50000000] avg_r=  0.289 | h2h=  0.0000 | br= 1.1912 | avg= 0.3758 | fc=0.494 |   2332 ep/s | 43.6m
[Ep   6000000/50000000] avg_r=  0.255 | h2h=  0.0000 | br= 1.1928 | avg= 0.3750 | fc=0.498 |   2430 ep/s | 43.9m
[Ep   6050000/50000000] avg_r=  0.298 | h2h=  0.0000 | br= 1.1905 | avg= 0.3768 | fc=0.494 |   2317 ep/s | 44.3m
[Ep   6100000/50000000] avg_r=  0.296 | h2h=  0.0000 | br= 1.1919 | avg= 0.3759 | fc=0.484 |   2330 ep/s | 44.6m
[Ep   6150000/50000000] avg_r=  0.358 | h2h=  0.0000 | br= 1.1921 | avg= 0.3766 | fc=0.508 |   2288 ep/s | 45.0m
[Ep   6200000/50000000] avg_r=  0.302 | h2h=  0.0000 | br= 1.1895 | avg= 0.3750 | fc=0.531 |   2258 ep/s | 45.4m
[Ep   6250000/50000000] avg_r=  0.366 | h2h=  0.0000 | br= 1.1339 | avg= 0.3700 | fc=0.510 |   2386 ep/s | 45.7m
[Ep   6300000/50000000] avg_r=  0.501 | h2h=  0.0000 | br= 1.0741 | avg= 0.3703 | fc=0.516 |   2432 ep/s | 46.1m
[Ep   6350000/50000000] avg_r=  0.433 | h2h=  0.0000 | br= 1.0309 | avg= 0.3708 | fc=0.486 |   2404 ep/s | 46.4m
[Ep   6400000/50000000] avg_r=  0.411 | h2h=  0.0000 | br= 1.0346 | avg= 0.3714 | fc=0.439 |   2397 ep/s | 46.8m
[Ep   6450000/50000000] avg_r=  0.418 | h2h=  0.0000 | br= 1.0314 | avg= 0.3722 | fc=0.498 |   2358 ep/s | 47.1m
[Ep   6500000/50000000] avg_r=  0.352 | h2h=  0.0000 | br= 1.0284 | avg= 0.3689 | fc=0.467 |   2410 ep/s | 47.5m
[Ep   6550000/50000000] avg_r=  0.345 | h2h=  0.0000 | br= 1.0322 | avg= 0.3707 | fc=0.488 |   2406 ep/s | 47.8m
[Ep   6600000/50000000] avg_r=  0.364 | h2h=  0.0000 | br= 1.0307 | avg= 0.3707 | fc=0.457 |   2397 ep/s | 48.2m
[Ep   6650000/50000000] avg_r=  0.309 | h2h=  0.0000 | br= 1.0290 | avg= 0.3706 | fc=0.480 |   2374 ep/s | 48.5m
[Ep   6700000/50000000] avg_r=  0.319 | h2h=  0.0000 | br= 1.0316 | avg= 0.3708 | fc=0.521 |   2419 ep/s | 48.8m
[Ep   6750000/50000000] avg_r=  0.324 | h2h=  0.0000 | br= 1.0316 | avg= 0.3702 | fc=0.463 |   2384 ep/s | 49.2m
[Ep   6800000/50000000] avg_r=  0.410 | h2h=  0.0000 | br= 1.0305 | avg= 0.3815 | fc=0.520 |   2361 ep/s | 49.5m
[Ep   6850000/50000000] avg_r=  0.377 | h2h=  0.0000 | br= 1.0298 | avg= 0.3814 | fc=0.471 |   2397 ep/s | 49.9m
[Ep   6900000/50000000] avg_r=  0.296 | h2h=  0.0000 | br= 1.0321 | avg= 0.3813 | fc=0.482 |   2360 ep/s | 50.2m
[Ep   6950000/50000000] avg_r=  0.370 | h2h=  0.0000 | br= 1.0280 | avg= 0.3822 | fc=0.518 |   2325 ep/s | 50.6m
[Ep   7000000/50000000] avg_r=  0.358 | h2h=  0.0000 | br= 1.0289 | avg= 0.3818 | fc=0.502 |   2410 ep/s | 51.0m
[Ep   7050000/50000000] avg_r=  0.347 | h2h=  0.0000 | br= 1.0542 | avg= 0.3780 | fc=0.404 |   2366 ep/s | 51.3m
[Ep   7100000/50000000] avg_r=  0.193 | h2h=  0.0000 | br= 1.0860 | avg= 0.3681 | fc=0.385 |   2360 ep/s | 51.7m
[Ep   7150000/50000000] avg_r=  0.288 | h2h=  0.0000 | br= 1.0620 | avg= 0.3687 | fc=0.375 |   2366 ep/s | 52.0m
[Ep   7200000/50000000] avg_r=  0.282 | h2h=  0.0000 | br= 1.0541 | avg= 0.3669 | fc=0.377 |   2467 ep/s | 52.3m
[Ep   7250000/50000000] avg_r=  0.262 | h2h=  0.0000 | br= 1.0501 | avg= 0.3706 | fc=0.406 |   2424 ep/s | 52.7m
[Ep   7300000/50000000] avg_r=  0.317 | h2h=  0.0000 | br= 1.0519 | avg= 0.3710 | fc=0.367 |   2412 ep/s | 53.0m
[Ep   7350000/50000000] avg_r=  0.305 | h2h=  0.0000 | br= 1.0505 | avg= 0.3700 | fc=0.363 |   2387 ep/s | 53.4m
[Ep   7400000/50000000] avg_r=  0.284 | h2h=  0.0000 | br= 1.0511 | avg= 0.3710 | fc=0.412 |   2403 ep/s | 53.7m
[Ep   7450000/50000000] avg_r=  0.249 | h2h=  0.0000 | br= 1.0469 | avg= 0.3703 | fc=0.375 |   2383 ep/s | 54.1m
[Ep   7500000/50000000] avg_r=  0.229 | h2h=  0.0000 | br= 1.0518 | avg= 0.3690 | fc=0.402 |   2378 ep/s | 54.4m
[Ep   7550000/50000000] avg_r=  0.304 | h2h=  0.0000 | br= 1.0468 | avg= 0.3688 | fc=0.396 |   2340 ep/s | 54.8m
[Ep   7600000/50000000] avg_r=  0.269 | h2h=  0.0000 | br= 1.0491 | avg= 0.3695 | fc=0.375 |   2362 ep/s | 55.1m
[Ep   7650000/50000000] avg_r=  0.280 | h2h=  0.0000 | br= 1.0485 | avg= 0.3708 | fc=0.387 |   2419 ep/s | 55.5m
[Ep   7700000/50000000] avg_r=  0.235 | h2h=  0.0000 | br= 1.0490 | avg= 0.3687 | fc=0.410 |   2378 ep/s | 55.8m
[Ep   7750000/50000000] avg_r=  0.222 | h2h=  0.0000 | br= 1.0492 | avg= 0.3706 | fc=0.367 |   2386 ep/s | 56.2m
[Ep   7800000/50000000] avg_r=  0.311 | h2h=  0.0000 | br= 1.0477 | avg= 0.3699 | fc=0.381 |   2347 ep/s | 56.5m
[Ep   7850000/50000000] avg_r=  0.288 | h2h=  0.0000 | br= 1.0456 | avg= 0.3695 | fc=0.393 |   2364 ep/s | 56.9m
[Ep   7900000/50000000] avg_r=  0.266 | h2h=  0.0000 | br= 1.0460 | avg= 0.3686 | fc=0.318 |   2424 ep/s | 57.2m
[Ep   7950000/50000000] avg_r=  0.229 | h2h=  0.0000 | br= 1.0461 | avg= 0.3684 | fc=0.381 |   2420 ep/s | 57.6m
[Ep   8000000/50000000] avg_r=  0.213 | h2h=  0.0000 | br= 1.0478 | avg= 0.3694 | fc=0.395 |   2350 ep/s | 57.9m
[Ep   8050000/50000000] avg_r=  0.253 | h2h=  0.0000 | br= 1.0470 | avg= 0.3673 | fc=0.434 |   2359 ep/s | 58.3m
[Ep   8100000/50000000] avg_r=  0.239 | h2h=  0.0000 | br= 1.0501 | avg= 0.3688 | fc=0.355 |   2352 ep/s | 58.6m
[Ep   8150000/50000000] avg_r=  0.308 | h2h=  0.0000 | br= 1.0493 | avg= 0.3674 | fc=0.385 |   2360 ep/s | 59.0m
[Ep   8200000/50000000] avg_r=  0.300 | h2h=  0.0000 | br= 1.0481 | avg= 0.3683 | fc=0.336 |   2396 ep/s | 59.3m
[Ep   8250000/50000000] avg_r=  0.257 | h2h=  0.0000 | br= 1.0467 | avg= 0.3675 | fc=0.404 |   2348 ep/s | 59.7m
[Ep   8300000/50000000] avg_r=  0.198 | h2h=  0.0000 | br= 1.0464 | avg= 0.3705 | fc=0.369 |   2352 ep/s | 60.1m
[Ep   8350000/50000000] avg_r=  0.245 | h2h=  0.0000 | br= 1.0446 | avg= 0.3662 | fc=0.379 |   2373 ep/s | 60.4m
[Ep   8400000/50000000] avg_r=  0.271 | h2h=  0.0000 | br= 1.0447 | avg= 0.3684 | fc=0.395 |   2340 ep/s | 60.8m
[Ep   8450000/50000000] avg_r=  0.219 | h2h=  0.0000 | br= 1.0485 | avg= 0.3673 | fc=0.357 |   2375 ep/s | 61.1m
[Ep   8500000/50000000] avg_r=  0.284 | h2h=  0.0000 | br= 1.0484 | avg= 0.3657 | fc=0.379 |   2346 ep/s | 61.5m
[Ep   8550000/50000000] avg_r=  0.205 | h2h=  0.0000 | br= 1.0448 | avg= 0.3655 | fc=0.363 |   2336 ep/s | 61.8m
[Ep   8600000/50000000] avg_r=  0.269 | h2h=  0.0000 | br= 1.0482 | avg= 0.3671 | fc=0.383 |   2455 ep/s | 62.2m
[Ep   8650000/50000000] avg_r=  0.313 | h2h=  0.0000 | br= 1.0479 | avg= 0.3653 | fc=0.412 |   2368 ep/s | 62.5m
[Ep   8700000/50000000] avg_r=  0.273 | h2h=  0.0000 | br= 1.0490 | avg= 0.3655 | fc=0.383 |   2389 ep/s | 62.9m
[Ep   8750000/50000000] avg_r=  0.277 | h2h=  0.0000 | br= 1.0484 | avg= 0.3642 | fc=0.410 |   2388 ep/s | 63.2m
[Ep   8800000/50000000] avg_r=  0.213 | h2h=  0.0000 | br= 1.0488 | avg= 0.3635 | fc=0.359 |   2348 ep/s | 63.6m
[Ep   8850000/50000000] avg_r=  0.188 | h2h=  0.0000 | br= 1.0483 | avg= 0.3651 | fc=0.359 |   2383 ep/s | 63.9m
[Ep   8900000/50000000] avg_r=  0.251 | h2h=  0.0000 | br= 1.0471 | avg= 0.3632 | fc=0.355 |   2392 ep/s | 64.3m
[Ep   8950000/50000000] avg_r=  0.269 | h2h=  0.0000 | br= 1.0465 | avg= 0.3629 | fc=0.389 |   2450 ep/s | 64.6m
[Ep   9000000/50000000] avg_r=  0.267 | h2h=  0.0000 | br= 1.0451 | avg= 0.3627 | fc=0.385 |   2419 ep/s | 65.0m
[Ep   9050000/50000000] avg_r=  0.252 | h2h=  0.0000 | br= 1.0483 | avg= 0.3635 | fc=0.383 |   2387 ep/s | 65.3m
[Ep   9100000/50000000] avg_r=  0.242 | h2h=  0.0000 | br= 1.0451 | avg= 0.3643 | fc=0.398 |   2355 ep/s | 65.7m
[Ep   9150000/50000000] avg_r=  0.257 | h2h=  0.0000 | br= 1.0459 | avg= 0.3634 | fc=0.396 |   2356 ep/s | 66.0m
[Ep   9200000/50000000] avg_r=  0.196 | h2h=  0.0000 | br= 1.0458 | avg= 0.3623 | fc=0.373 |   2437 ep/s | 66.4m
[Ep   9250000/50000000] avg_r=  0.246 | h2h=  0.0000 | br= 1.0464 | avg= 0.3619 | fc=0.396 |   2369 ep/s | 66.7m
[Ep   9300000/50000000] avg_r=  0.228 | h2h=  0.0000 | br= 1.0462 | avg= 0.3610 | fc=0.354 |   2463 ep/s | 67.0m
[Ep   9350000/50000000] avg_r=  0.290 | h2h=  0.0000 | br= 1.0441 | avg= 0.3617 | fc=0.350 |   2364 ep/s | 67.4m
[Ep   9400000/50000000] avg_r=  0.186 | h2h=  0.0000 | br= 1.0450 | avg= 0.3606 | fc=0.373 |   2381 ep/s | 67.7m
[Ep   9450000/50000000] avg_r=  0.290 | h2h=  0.0000 | br= 1.0453 | avg= 0.3598 | fc=0.367 |   2394 ep/s | 68.1m
[Ep   9500000/50000000] avg_r=  0.238 | h2h=  0.0000 | br= 1.0472 | avg= 0.3612 | fc=0.371 |   2391 ep/s | 68.4m
[Ep   9550000/50000000] avg_r=  0.213 | h2h=  0.0000 | br= 1.0441 | avg= 0.3612 | fc=0.354 |   2408 ep/s | 68.8m
[Ep   9600000/50000000] avg_r=  0.237 | h2h=  0.0000 | br= 1.0466 | avg= 0.3593 | fc=0.400 |   2348 ep/s | 69.1m
[Ep   9650000/50000000] avg_r=  0.211 | h2h=  0.0000 | br= 1.0425 | avg= 0.3608 | fc=0.365 |   2302 ep/s | 69.5m
[Ep   9700000/50000000] avg_r=  0.264 | h2h=  0.0000 | br= 1.0462 | avg= 0.3589 | fc=0.334 |   2392 ep/s | 69.9m
[Ep   9750000/50000000] avg_r=  0.311 | h2h=  0.0000 | br= 1.0461 | avg= 0.3592 | fc=0.357 |   2517 ep/s | 70.2m
[Ep   9800000/50000000] avg_r=  0.222 | h2h=  0.0000 | br= 1.0462 | avg= 0.3572 | fc=0.410 |   2778 ep/s | 70.5m
[Ep   9850000/50000000] avg_r=  0.264 | h2h=  0.0000 | br= 1.0446 | avg= 0.3568 | fc=0.342 |   2665 ep/s | 70.8m
[Ep   9900000/50000000] avg_r=  0.266 | h2h=  0.0000 | br= 1.0458 | avg= 0.3591 | fc=0.383 |   2873 ep/s | 71.1m
[Ep   9950000/50000000] avg_r=  0.235 | h2h=  0.0000 | br= 1.0461 | avg= 0.3577 | fc=0.377 |   2837 ep/s | 71.4m
[Ep  10000000/50000000] avg_r=  0.247 | h2h=  0.0000 | br= 1.0463 | avg= 0.3591 | fc=0.361 |   2756 ep/s | 71.7m
[H2H] ep=10000000 | avg_reward=156.3000 over 1000 games
  >>> H2H WINRATE @ ep 10000000: 156.3000
  [CHECKPOINT] saved at ep 10000000
[Ep  10050000/50000000] avg_r=  0.276 | h2h=156.3000 | br= 1.0414 | avg= 0.3581 | fc=0.375 |    405 ep/s | 73.7m
[snapshot] ep=10000000 -> /home/anthonyn/cos435/cpp-implementation/snapshots/holdem_64x64_mv_train_std_10/ep10000000
[Ep  10100000/50000000] avg_r=  0.241 | h2h=156.3000 | br= 1.0422 | avg= 0.3560 | fc=0.373 |   2283 ep/s | 74.1m
[Ep  10150000/50000000] avg_r=  0.234 | h2h=156.3000 | br= 1.0486 | avg= 0.3557 | fc=0.371 |   2311 ep/s | 74.5m
[Ep  10200000/50000000] avg_r=  0.242 | h2h=156.3000 | br= 1.0466 | avg= 0.3555 | fc=0.346 |   2305 ep/s | 74.8m
[Ep  10250000/50000000] avg_r=  0.205 | h2h=156.3000 | br= 1.0461 | avg= 0.3567 | fc=0.398 |   2335 ep/s | 75.2m
[Ep  10300000/50000000] avg_r=  0.266 | h2h=156.3000 | br= 1.0431 | avg= 0.3559 | fc=0.373 |   2331 ep/s | 75.5m
[Ep  10350000/50000000] avg_r=  0.220 | h2h=156.3000 | br= 1.0465 | avg= 0.3561 | fc=0.383 |   2350 ep/s | 75.9m
[Ep  10400000/50000000] avg_r=  0.225 | h2h=156.3000 | br= 1.0432 | avg= 0.3543 | fc=0.348 |   2293 ep/s | 76.3m
[Ep  10450000/50000000] avg_r=  0.221 | h2h=156.3000 | br= 1.0437 | avg= 0.3540 | fc=0.381 |   2320 ep/s | 76.6m
[Ep  10500000/50000000] avg_r=  0.263 | h2h=156.3000 | br= 1.0438 | avg= 0.3538 | fc=0.406 |   2365 ep/s | 77.0m
[Ep  10550000/50000000] avg_r=  0.249 | h2h=156.3000 | br= 1.0418 | avg= 0.3527 | fc=0.387 |   2266 ep/s | 77.3m
[Ep  10600000/50000000] avg_r=  0.203 | h2h=156.3000 | br= 1.0417 | avg= 0.3534 | fc=0.361 |   2296 ep/s | 77.7m
[Ep  10650000/50000000] avg_r=  0.270 | h2h=156.3000 | br= 1.0419 | avg= 0.3511 | fc=0.375 |   2220 ep/s | 78.1m
[Ep  10700000/50000000] avg_r=  0.253 | h2h=156.3000 | br= 1.0434 | avg= 0.3543 | fc=0.375 |   2422 ep/s | 78.4m
[Ep  10750000/50000000] avg_r=  0.238 | h2h=156.3000 | br= 1.0415 | avg= 0.3523 | fc=0.379 |   2348 ep/s | 78.8m
[Ep  10800000/50000000] avg_r=  0.303 | h2h=156.3000 | br= 1.0473 | avg= 0.3505 | fc=0.352 |   2304 ep/s | 79.1m
[Ep  10850000/50000000] avg_r=  0.302 | h2h=156.3000 | br= 1.0449 | avg= 0.3517 | fc=0.424 |   2353 ep/s | 79.5m
[Ep  10900000/50000000] avg_r=  0.218 | h2h=156.3000 | br= 1.0431 | avg= 0.3514 | fc=0.371 |   2318 ep/s | 79.9m
[Ep  10950000/50000000] avg_r=  0.228 | h2h=156.3000 | br= 1.0447 | avg= 0.3504 | fc=0.383 |   2315 ep/s | 80.2m
[Ep  11000000/50000000] avg_r=  0.255 | h2h=156.3000 | br= 1.0431 | avg= 0.3512 | fc=0.410 |   2333 ep/s | 80.6m
[Ep  11050000/50000000] avg_r=  0.201 | h2h=156.3000 | br= 1.0407 | avg= 0.3519 | fc=0.354 |   2294 ep/s | 80.9m
[Ep  11100000/50000000] avg_r=  0.225 | h2h=156.3000 | br= 1.0446 | avg= 0.3529 | fc=0.365 |   2327 ep/s | 81.3m
[Ep  11150000/50000000] avg_r=  0.298 | h2h=156.3000 | br= 1.0419 | avg= 0.3476 | fc=0.365 |   2286 ep/s | 81.7m
[Ep  11200000/50000000] avg_r=  0.249 | h2h=156.3000 | br= 1.0439 | avg= 0.3504 | fc=0.354 |   2336 ep/s | 82.0m
[Ep  11250000/50000000] avg_r=  0.240 | h2h=156.3000 | br= 1.0449 | avg= 0.3494 | fc=0.396 |   2295 ep/s | 82.4m
[Ep  11300000/50000000] avg_r=  0.281 | h2h=156.3000 | br= 1.0397 | avg= 0.3489 | fc=0.373 |   2299 ep/s | 82.7m
[Ep  11350000/50000000] avg_r=  0.257 | h2h=156.3000 | br= 1.0426 | avg= 0.3476 | fc=0.365 |   2292 ep/s | 83.1m
[Ep  11400000/50000000] avg_r=  0.241 | h2h=156.3000 | br= 1.0402 | avg= 0.3471 | fc=0.352 |   2296 ep/s | 83.5m
[Ep  11450000/50000000] avg_r=  0.190 | h2h=156.3000 | br= 1.0423 | avg= 0.3473 | fc=0.361 |   2332 ep/s | 83.8m
[Ep  11500000/50000000] avg_r=  0.319 | h2h=156.3000 | br= 1.0418 | avg= 0.3455 | fc=0.373 |   2297 ep/s | 84.2m
[Ep  11550000/50000000] avg_r=  0.260 | h2h=156.3000 | br= 1.0417 | avg= 0.3468 | fc=0.391 |   2350 ep/s | 84.5m
[Ep  11600000/50000000] avg_r=  0.297 | h2h=156.3000 | br= 1.0446 | avg= 0.3465 | fc=0.400 |   2256 ep/s | 84.9m
[Ep  11650000/50000000] avg_r=  0.269 | h2h=156.3000 | br= 1.0440 | avg= 0.3461 | fc=0.346 |   2278 ep/s | 85.3m
[Ep  11700000/50000000] avg_r=  0.282 | h2h=156.3000 | br= 1.0421 | avg= 0.3457 | fc=0.375 |   2336 ep/s | 85.6m
[Ep  11750000/50000000] avg_r=  0.195 | h2h=156.3000 | br= 1.0416 | avg= 0.3477 | fc=0.359 |   2259 ep/s | 86.0m
[Ep  11800000/50000000] avg_r=  0.317 | h2h=156.3000 | br= 1.0428 | avg= 0.3457 | fc=0.391 |   2350 ep/s | 86.4m
[Ep  11850000/50000000] avg_r=  0.209 | h2h=156.3000 | br= 1.0446 | avg= 0.3455 | fc=0.408 |   2336 ep/s | 86.7m
[Ep  11900000/50000000] avg_r=  0.296 | h2h=156.3000 | br= 1.0432 | avg= 0.3458 | fc=0.395 |   2395 ep/s | 87.1m
[Ep  11950000/50000000] avg_r=  0.197 | h2h=156.3000 | br= 1.0433 | avg= 0.3453 | fc=0.371 |   2331 ep/s | 87.4m
[Ep  12000000/50000000] avg_r=  0.258 | h2h=156.3000 | br= 1.0431 | avg= 0.3447 | fc=0.348 |   2330 ep/s | 87.8m
[Ep  12050000/50000000] avg_r=  0.237 | h2h=156.3000 | br= 1.0396 | avg= 0.3464 | fc=0.359 |   2358 ep/s | 88.1m
[Ep  12100000/50000000] avg_r=  0.273 | h2h=156.3000 | br= 1.0407 | avg= 0.3443 | fc=0.391 |   2415 ep/s | 88.5m
[Ep  12150000/50000000] avg_r=  0.427 | h2h=156.3000 | br= 1.0149 | avg= 0.3430 | fc=0.346 |   2482 ep/s | 88.8m
[Ep  12200000/50000000] avg_r=  0.487 | h2h=156.3000 | br= 0.9814 | avg= 0.3459 | fc=0.346 |   2397 ep/s | 89.2m
[Ep  12250000/50000000] avg_r=  0.500 | h2h=156.3000 | br= 0.9562 | avg= 0.3477 | fc=0.340 |   2471 ep/s | 89.5m
[Ep  12300000/50000000] avg_r=  0.501 | h2h=156.3000 | br= 0.9537 | avg= 0.3480 | fc=0.332 |   2397 ep/s | 89.8m
[Ep  12350000/50000000] avg_r=  0.460 | h2h=156.3000 | br= 0.9542 | avg= 0.3492 | fc=0.361 |   2400 ep/s | 90.2m
[Ep  12400000/50000000] avg_r=  0.481 | h2h=156.3000 | br= 0.9552 | avg= 0.3511 | fc=0.301 |   2398 ep/s | 90.5m
[Ep  12450000/50000000] avg_r=  0.491 | h2h=156.3000 | br= 0.9551 | avg= 0.3509 | fc=0.357 |   2357 ep/s | 90.9m
[Ep  12500000/50000000] avg_r=  0.526 | h2h=156.3000 | br= 0.9526 | avg= 0.3515 | fc=0.354 |   2439 ep/s | 91.2m
[Ep  12550000/50000000] avg_r=  0.447 | h2h=156.3000 | br= 0.9547 | avg= 0.3541 | fc=0.344 |   2423 ep/s | 91.6m
[Ep  12600000/50000000] avg_r=  0.468 | h2h=156.3000 | br= 0.9534 | avg= 0.3528 | fc=0.344 |   2418 ep/s | 91.9m
[Ep  12650000/50000000] avg_r=  0.458 | h2h=156.3000 | br= 0.9525 | avg= 0.3541 | fc=0.361 |   2399 ep/s | 92.3m
[Ep  12700000/50000000] avg_r=  0.432 | h2h=156.3000 | br= 0.9513 | avg= 0.3549 | fc=0.338 |   2443 ep/s | 92.6m
[Ep  12750000/50000000] avg_r=  0.469 | h2h=156.3000 | br= 0.9505 | avg= 0.3565 | fc=0.354 |   2449 ep/s | 92.9m
[Ep  12800000/50000000] avg_r=  0.485 | h2h=156.3000 | br= 0.9498 | avg= 0.3552 | fc=0.352 |   2477 ep/s | 93.3m
[Ep  12850000/50000000] avg_r=  0.501 | h2h=156.3000 | br= 0.9510 | avg= 0.3580 | fc=0.352 |   2419 ep/s | 93.6m
[Ep  12900000/50000000] avg_r=  0.497 | h2h=156.3000 | br= 0.9507 | avg= 0.3577 | fc=0.371 |   2429 ep/s | 94.0m
[Ep  12950000/50000000] avg_r=  0.462 | h2h=156.3000 | br= 0.9522 | avg= 0.3562 | fc=0.391 |   2471 ep/s | 94.3m
[Ep  13000000/50000000] avg_r=  0.412 | h2h=156.3000 | br= 0.9534 | avg= 0.3580 | fc=0.365 |   2458 ep/s | 94.6m
[Ep  13050000/50000000] avg_r=  0.458 | h2h=156.3000 | br= 0.9522 | avg= 0.3577 | fc=0.355 |   2456 ep/s | 95.0m
[Ep  13100000/50000000] avg_r=  0.475 | h2h=156.3000 | br= 0.9496 | avg= 0.3573 | fc=0.342 |   2420 ep/s | 95.3m
[Ep  13150000/50000000] avg_r=  0.499 | h2h=156.3000 | br= 0.9504 | avg= 0.3604 | fc=0.387 |   2493 ep/s | 95.7m
[Ep  13200000/50000000] avg_r=  0.457 | h2h=156.3000 | br= 0.9530 | avg= 0.3613 | fc=0.400 |   2455 ep/s | 96.0m
[Ep  13250000/50000000] avg_r=  0.482 | h2h=156.3000 | br= 0.9516 | avg= 0.3616 | fc=0.352 |   2442 ep/s | 96.3m
[Ep  13300000/50000000] avg_r=  0.510 | h2h=156.3000 | br= 0.9502 | avg= 0.3612 | fc=0.350 |   2413 ep/s | 96.7m
[Ep  13350000/50000000] avg_r=  0.507 | h2h=156.3000 | br= 0.9527 | avg= 0.3505 | fc=0.348 |   2476 ep/s | 97.0m
[Ep  13400000/50000000] avg_r=  0.488 | h2h=156.3000 | br= 0.9518 | avg= 0.3513 | fc=0.375 |   2458 ep/s | 97.4m
[Ep  13450000/50000000] avg_r=  0.483 | h2h=156.3000 | br= 0.9530 | avg= 0.3530 | fc=0.326 |   2372 ep/s | 97.7m
[Ep  13500000/50000000] avg_r=  0.535 | h2h=156.3000 | br= 0.9477 | avg= 0.3520 | fc=0.338 |   2462 ep/s | 98.1m
[Ep  13550000/50000000] avg_r=  0.488 | h2h=156.3000 | br= 0.9505 | avg= 0.3519 | fc=0.342 |   2515 ep/s | 98.4m
[Ep  13600000/50000000] avg_r=  0.539 | h2h=156.3000 | br= 0.9524 | avg= 0.3529 | fc=0.355 |   2461 ep/s | 98.7m
[Ep  13650000/50000000] avg_r=  0.498 | h2h=156.3000 | br= 0.9539 | avg= 0.3546 | fc=0.340 |   2389 ep/s | 99.1m
[Ep  13700000/50000000] avg_r=  0.448 | h2h=156.3000 | br= 0.9499 | avg= 0.3543 | fc=0.377 |   2495 ep/s | 99.4m
[Ep  13750000/50000000] avg_r=  0.412 | h2h=156.3000 | br= 0.9506 | avg= 0.3548 | fc=0.332 |   2496 ep/s | 99.7m
[Ep  13800000/50000000] avg_r=  0.567 | h2h=156.3000 | br= 0.9505 | avg= 0.3553 | fc=0.342 |   2522 ep/s | 100.1m
[Ep  13850000/50000000] avg_r=  0.361 | h2h=156.3000 | br= 0.9523 | avg= 0.3553 | fc=0.359 |   2431 ep/s | 100.4m
[Ep  13900000/50000000] avg_r=  0.473 | h2h=156.3000 | br= 0.9727 | avg= 0.3619 | fc=0.318 |   2379 ep/s | 100.8m
[Ep  13950000/50000000] avg_r=  0.466 | h2h=156.3000 | br= 0.9692 | avg= 0.3669 | fc=0.330 |   2371 ep/s | 101.1m
[Ep  14000000/50000000] avg_r=  0.548 | h2h=156.3000 | br= 0.9530 | avg= 0.3657 | fc=0.342 |   2439 ep/s | 101.5m
[Ep  14050000/50000000] avg_r=  0.407 | h2h=156.3000 | br= 0.9477 | avg= 0.3704 | fc=0.357 |   2435 ep/s | 101.8m
[Ep  14100000/50000000] avg_r=  0.432 | h2h=156.3000 | br= 0.9469 | avg= 0.3697 | fc=0.342 |   2426 ep/s | 102.1m
[Ep  14150000/50000000] avg_r=  0.476 | h2h=156.3000 | br= 0.9470 | avg= 0.3735 | fc=0.328 |   2459 ep/s | 102.5m
[Ep  14200000/50000000] avg_r=  0.380 | h2h=156.3000 | br= 0.9492 | avg= 0.3736 | fc=0.361 |   2435 ep/s | 102.8m
[Ep  14250000/50000000] avg_r=  0.462 | h2h=156.3000 | br= 0.9482 | avg= 0.3742 | fc=0.346 |   2397 ep/s | 103.2m
[Ep  14300000/50000000] avg_r=  0.484 | h2h=156.3000 | br= 0.9480 | avg= 0.3743 | fc=0.344 |   2416 ep/s | 103.5m
[Ep  14350000/50000000] avg_r=  0.410 | h2h=156.3000 | br= 0.9484 | avg= 0.3760 | fc=0.359 |   2461 ep/s | 103.9m
[Ep  14400000/50000000] avg_r=  0.484 | h2h=156.3000 | br= 0.9458 | avg= 0.3774 | fc=0.346 |   2438 ep/s | 104.2m
[Ep  14450000/50000000] avg_r=  0.468 | h2h=156.3000 | br= 0.9458 | avg= 0.3778 | fc=0.316 |   2526 ep/s | 104.5m
[Ep  14500000/50000000] avg_r=  0.416 | h2h=156.3000 | br= 0.9447 | avg= 0.3787 | fc=0.379 |   2460 ep/s | 104.9m
[Ep  14550000/50000000] avg_r=  0.441 | h2h=156.3000 | br= 0.9461 | avg= 0.3789 | fc=0.381 |   2417 ep/s | 105.2m
[Ep  14600000/50000000] avg_r=  0.498 | h2h=156.3000 | br= 0.9459 | avg= 0.3804 | fc=0.334 |   2412 ep/s | 105.6m
[Ep  14650000/50000000] avg_r=  0.438 | h2h=156.3000 | br= 0.9438 | avg= 0.3803 | fc=0.373 |   2459 ep/s | 105.9m
[Ep  14700000/50000000] avg_r=  0.453 | h2h=156.3000 | br= 0.9468 | avg= 0.3823 | fc=0.365 |   2409 ep/s | 106.2m
[Ep  14750000/50000000] avg_r=  0.442 | h2h=156.3000 | br= 0.9467 | avg= 0.3817 | fc=0.355 |   2404 ep/s | 106.6m
[Ep  14800000/50000000] avg_r=  0.440 | h2h=156.3000 | br= 0.9460 | avg= 0.3813 | fc=0.338 |   2405 ep/s | 106.9m
[Ep  14850000/50000000] avg_r=  0.433 | h2h=156.3000 | br= 0.9436 | avg= 0.3821 | fc=0.367 |   2499 ep/s | 107.3m
[Ep  14900000/50000000] avg_r=  0.466 | h2h=156.3000 | br= 0.9425 | avg= 0.3830 | fc=0.355 |   2419 ep/s | 107.6m
[Ep  14950000/50000000] avg_r=  0.478 | h2h=156.3000 | br= 0.9462 | avg= 0.3838 | fc=0.334 |   2342 ep/s | 108.0m
[Ep  15000000/50000000] avg_r=  0.492 | h2h=156.3000 | br= 0.9480 | avg= 0.3849 | fc=0.311 |   2439 ep/s | 108.3m
[Ep  15050000/50000000] avg_r=  0.480 | h2h=156.3000 | br= 0.9445 | avg= 0.3849 | fc=0.320 |   2421 ep/s | 108.7m
[Ep  15100000/50000000] avg_r=  0.476 | h2h=156.3000 | br= 0.9454 | avg= 0.3844 | fc=0.406 |   2403 ep/s | 109.0m
[Ep  15150000/50000000] avg_r=  0.502 | h2h=156.3000 | br= 0.9395 | avg= 0.3855 | fc=0.324 |   2429 ep/s | 109.3m
[Ep  15200000/50000000] avg_r=  0.477 | h2h=156.3000 | br= 0.9437 | avg= 0.3863 | fc=0.361 |   2394 ep/s | 109.7m
[Ep  15250000/50000000] avg_r=  0.429 | h2h=156.3000 | br= 0.9455 | avg= 0.3882 | fc=0.322 |   2405 ep/s | 110.0m
[Ep  15300000/50000000] avg_r=  0.491 | h2h=156.3000 | br= 0.9464 | avg= 0.3878 | fc=0.355 |   2516 ep/s | 110.4m
[Ep  15350000/50000000] avg_r=  0.406 | h2h=156.3000 | br= 0.9442 | avg= 0.3874 | fc=0.363 |   2510 ep/s | 110.7m
[Ep  15400000/50000000] avg_r=  0.531 | h2h=156.3000 | br= 0.9458 | avg= 0.3906 | fc=0.342 |   2420 ep/s | 111.0m
[Ep  15450000/50000000] avg_r=  0.412 | h2h=156.3000 | br= 0.9439 | avg= 0.3893 | fc=0.338 |   2461 ep/s | 111.4m
[Ep  15500000/50000000] avg_r=  0.432 | h2h=156.3000 | br= 0.9439 | avg= 0.3889 | fc=0.316 |   2463 ep/s | 111.7m
[Ep  15550000/50000000] avg_r=  0.485 | h2h=156.3000 | br= 0.9463 | avg= 0.3895 | fc=0.305 |   2441 ep/s | 112.1m
[Ep  15600000/50000000] avg_r=  0.490 | h2h=156.3000 | br= 0.9436 | avg= 0.3907 | fc=0.359 |   2382 ep/s | 112.4m
[Ep  15650000/50000000] avg_r=  0.466 | h2h=156.3000 | br= 0.9444 | avg= 0.3916 | fc=0.359 |   2372 ep/s | 112.8m
[Ep  15700000/50000000] avg_r=  0.392 | h2h=156.3000 | br= 0.9423 | avg= 0.3903 | fc=0.336 |   2469 ep/s | 113.1m
[Ep  15750000/50000000] avg_r=  0.472 | h2h=156.3000 | br= 0.9457 | avg= 0.3920 | fc=0.350 |   2436 ep/s | 113.4m
[Ep  15800000/50000000] avg_r=  0.515 | h2h=156.3000 | br= 0.9426 | avg= 0.3909 | fc=0.365 |   2376 ep/s | 113.8m
[Ep  15850000/50000000] avg_r=  0.486 | h2h=156.3000 | br= 0.9455 | avg= 0.3916 | fc=0.352 |   2482 ep/s | 114.1m
[Ep  15900000/50000000] avg_r=  0.517 | h2h=156.3000 | br= 0.9409 | avg= 0.3943 | fc=0.373 |   2423 ep/s | 114.5m
[Ep  15950000/50000000] avg_r=  0.488 | h2h=156.3000 | br= 0.9430 | avg= 0.3916 | fc=0.312 |   2420 ep/s | 114.8m
[Ep  16000000/50000000] avg_r=  0.485 | h2h=156.3000 | br= 0.9409 | avg= 0.3957 | fc=0.377 |   2416 ep/s | 115.2m
[Ep  16050000/50000000] avg_r=  0.431 | h2h=156.3000 | br= 0.9444 | avg= 0.3942 | fc=0.338 |   2407 ep/s | 115.5m
[Ep  16100000/50000000] avg_r=  0.461 | h2h=156.3000 | br= 0.9435 | avg= 0.3921 | fc=0.352 |   2474 ep/s | 115.9m
[Ep  16150000/50000000] avg_r=  0.510 | h2h=156.3000 | br= 0.9407 | avg= 0.3937 | fc=0.316 |   2399 ep/s | 116.2m
[Ep  16200000/50000000] avg_r=  0.412 | h2h=156.3000 | br= 0.9444 | avg= 0.3948 | fc=0.375 |   2346 ep/s | 116.6m
[Ep  16250000/50000000] avg_r=  0.446 | h2h=156.3000 | br= 0.9469 | avg= 0.3958 | fc=0.322 |   2409 ep/s | 116.9m
[Ep  16300000/50000000] avg_r=  0.424 | h2h=156.3000 | br= 0.9420 | avg= 0.3951 | fc=0.361 |   2466 ep/s | 117.2m
[Ep  16350000/50000000] avg_r=  0.499 | h2h=156.3000 | br= 0.9423 | avg= 0.3944 | fc=0.371 |   2433 ep/s | 117.6m
[Ep  16400000/50000000] avg_r=  0.414 | h2h=156.3000 | br= 0.9418 | avg= 0.3958 | fc=0.314 |   2429 ep/s | 117.9m
[Ep  16450000/50000000] avg_r=  0.396 | h2h=156.3000 | br= 0.9427 | avg= 0.3971 | fc=0.340 |   2427 ep/s | 118.3m
[Ep  16500000/50000000] avg_r=  0.496 | h2h=156.3000 | br= 0.9438 | avg= 0.3960 | fc=0.352 |   2442 ep/s | 118.6m
[Ep  16550000/50000000] avg_r=  0.388 | h2h=156.3000 | br= 0.9418 | avg= 0.3965 | fc=0.322 |   2431 ep/s | 119.0m
[Ep  16600000/50000000] avg_r=  0.553 | h2h=156.3000 | br= 0.9416 | avg= 0.3965 | fc=0.336 |   2452 ep/s | 119.3m
[Ep  16650000/50000000] avg_r=  0.481 | h2h=156.3000 | br= 0.9414 | avg= 0.3973 | fc=0.355 |   2494 ep/s | 119.6m
[Ep  16700000/50000000] avg_r=  0.456 | h2h=156.3000 | br= 0.9417 | avg= 0.3959 | fc=0.344 |   2467 ep/s | 120.0m
[Ep  16750000/50000000] avg_r=  0.462 | h2h=156.3000 | br= 0.9406 | avg= 0.3969 | fc=0.340 |   2451 ep/s | 120.3m
[Ep  16800000/50000000] avg_r=  0.451 | h2h=156.3000 | br= 0.9409 | avg= 0.3976 | fc=0.330 |   2426 ep/s | 120.6m
[Ep  16850000/50000000] avg_r=  0.432 | h2h=156.3000 | br= 0.9409 | avg= 0.3969 | fc=0.318 |   2437 ep/s | 121.0m
[Ep  16900000/50000000] avg_r=  0.472 | h2h=156.3000 | br= 0.9438 | avg= 0.3980 | fc=0.352 |   2373 ep/s | 121.3m
[Ep  16950000/50000000] avg_r=  0.449 | h2h=156.3000 | br= 0.9429 | avg= 0.4008 | fc=0.330 |   2565 ep/s | 121.7m
[Ep  17000000/50000000] avg_r=  0.455 | h2h=156.3000 | br= 0.9418 | avg= 0.4011 | fc=0.385 |   2445 ep/s | 122.0m
[Ep  17050000/50000000] avg_r=  0.460 | h2h=156.3000 | br= 0.9408 | avg= 0.3990 | fc=0.357 |   2389 ep/s | 122.4m
[Ep  17100000/50000000] avg_r=  0.480 | h2h=156.3000 | br= 0.9442 | avg= 0.3996 | fc=0.318 |   2411 ep/s | 122.7m
[Ep  17150000/50000000] avg_r=  0.425 | h2h=156.3000 | br= 0.9442 | avg= 0.3987 | fc=0.330 |   2446 ep/s | 123.0m
[Ep  17200000/50000000] avg_r=  0.527 | h2h=156.3000 | br= 0.9424 | avg= 0.3983 | fc=0.346 |   2480 ep/s | 123.4m
[Ep  17250000/50000000] avg_r=  0.419 | h2h=156.3000 | br= 0.9442 | avg= 0.4001 | fc=0.350 |   2486 ep/s | 123.7m
[Ep  17300000/50000000] avg_r=  0.396 | h2h=156.3000 | br= 0.9403 | avg= 0.3996 | fc=0.342 |   2466 ep/s | 124.0m
[Ep  17350000/50000000] avg_r=  0.465 | h2h=156.3000 | br= 0.9412 | avg= 0.3979 | fc=0.338 |   2475 ep/s | 124.4m
[Ep  17400000/50000000] avg_r=  0.456 | h2h=156.3000 | br= 0.9419 | avg= 0.4015 | fc=0.301 |   2450 ep/s | 124.7m
[Ep  17450000/50000000] avg_r=  0.522 | h2h=156.3000 | br= 0.9396 | avg= 0.4017 | fc=0.307 |   2452 ep/s | 125.1m
[Ep  17500000/50000000] avg_r=  0.487 | h2h=156.3000 | br= 0.9424 | avg= 0.4016 | fc=0.336 |   2425 ep/s | 125.4m
[Ep  17550000/50000000] avg_r=  0.512 | h2h=156.3000 | br= 0.9437 | avg= 0.4004 | fc=0.309 |   2442 ep/s | 125.8m
[Ep  17600000/50000000] avg_r=  0.420 | h2h=156.3000 | br= 0.9424 | avg= 0.4005 | fc=0.359 |   2404 ep/s | 126.1m
[Ep  17650000/50000000] avg_r=  0.473 | h2h=156.3000 | br= 0.9421 | avg= 0.4013 | fc=0.373 |   2360 ep/s | 126.5m
[Ep  17700000/50000000] avg_r=  0.497 | h2h=156.3000 | br= 0.9417 | avg= 0.4017 | fc=0.336 |   2418 ep/s | 126.8m
[Ep  17750000/50000000] avg_r=  0.432 | h2h=156.3000 | br= 0.9413 | avg= 0.3997 | fc=0.305 |   2410 ep/s | 127.1m
[Ep  17800000/50000000] avg_r=  0.468 | h2h=156.3000 | br= 0.9413 | avg= 0.4019 | fc=0.330 |   2449 ep/s | 127.5m
[Ep  17850000/50000000] avg_r=  0.403 | h2h=156.3000 | br= 0.9420 | avg= 0.4019 | fc=0.363 |   2306 ep/s | 127.8m
[Ep  17900000/50000000] avg_r=  0.451 | h2h=156.3000 | br= 0.9422 | avg= 0.4028 | fc=0.357 |   2417 ep/s | 128.2m
[Ep  17950000/50000000] avg_r=  0.438 | h2h=156.3000 | br= 0.9403 | avg= 0.4029 | fc=0.369 |   2458 ep/s | 128.5m
[Ep  18000000/50000000] avg_r=  0.531 | h2h=156.3000 | br= 0.9415 | avg= 0.4027 | fc=0.346 |   2355 ep/s | 128.9m
[Ep  18050000/50000000] avg_r=  0.471 | h2h=156.3000 | br= 0.9412 | avg= 0.4025 | fc=0.373 |   2508 ep/s | 129.2m
[Ep  18100000/50000000] avg_r=  0.424 | h2h=156.3000 | br= 0.9397 | avg= 0.4027 | fc=0.324 |   2425 ep/s | 129.6m
[Ep  18150000/50000000] avg_r=  0.501 | h2h=156.3000 | br= 0.9408 | avg= 0.4015 | fc=0.348 |   2487 ep/s | 129.9m
[Ep  18200000/50000000] avg_r=  0.455 | h2h=156.3000 | br= 0.9414 | avg= 0.4028 | fc=0.348 |   2509 ep/s | 130.2m
[Ep  18250000/50000000] avg_r=  0.462 | h2h=156.3000 | br= 0.9392 | avg= 0.4016 | fc=0.322 |   2450 ep/s | 130.6m
[Ep  18300000/50000000] avg_r=  0.474 | h2h=156.3000 | br= 0.9410 | avg= 0.4015 | fc=0.336 |   2447 ep/s | 130.9m
[Ep  18350000/50000000] avg_r=  0.473 | h2h=156.3000 | br= 0.9412 | avg= 0.4012 | fc=0.346 |   2415 ep/s | 131.2m
[Ep  18400000/50000000] avg_r=  0.488 | h2h=156.3000 | br= 0.9447 | avg= 0.4039 | fc=0.371 |   2444 ep/s | 131.6m
[Ep  18450000/50000000] avg_r=  0.435 | h2h=156.3000 | br= 0.9413 | avg= 0.4025 | fc=0.350 |   2430 ep/s | 131.9m
[Ep  18500000/50000000] avg_r=  0.503 | h2h=156.3000 | br= 0.9414 | avg= 0.4020 | fc=0.379 |   2363 ep/s | 132.3m
[Ep  18550000/50000000] avg_r=  0.445 | h2h=156.3000 | br= 0.9405 | avg= 0.4017 | fc=0.340 |   2456 ep/s | 132.6m
[Ep  18600000/50000000] avg_r=  0.432 | h2h=156.3000 | br= 0.9406 | avg= 0.4043 | fc=0.338 |   2419 ep/s | 133.0m
[Ep  18650000/50000000] avg_r=  0.470 | h2h=156.3000 | br= 0.9420 | avg= 0.4039 | fc=0.357 |   2458 ep/s | 133.3m
[Ep  18700000/50000000] avg_r=  0.467 | h2h=156.3000 | br= 0.9388 | avg= 0.4040 | fc=0.354 |   2484 ep/s | 133.6m
[Ep  18750000/50000000] avg_r=  0.431 | h2h=156.3000 | br= 0.9417 | avg= 0.4029 | fc=0.328 |   2459 ep/s | 134.0m
[Ep  18800000/50000000] avg_r=  0.543 | h2h=156.3000 | br= 0.9409 | avg= 0.4024 | fc=0.357 |   2421 ep/s | 134.3m
[Ep  18850000/50000000] avg_r=  0.513 | h2h=156.3000 | br= 0.9379 | avg= 0.4033 | fc=0.320 |   2387 ep/s | 134.7m
[Ep  18900000/50000000] avg_r=  0.507 | h2h=156.3000 | br= 0.9397 | avg= 0.4018 | fc=0.348 |   2409 ep/s | 135.0m
[Ep  18950000/50000000] avg_r=  0.470 | h2h=156.3000 | br= 0.9407 | avg= 0.4044 | fc=0.332 |   2392 ep/s | 135.4m
[Ep  19000000/50000000] avg_r=  0.414 | h2h=156.3000 | br= 0.9403 | avg= 0.4041 | fc=0.365 |   2442 ep/s | 135.7m
[Ep  19050000/50000000] avg_r=  0.463 | h2h=156.3000 | br= 0.9449 | avg= 0.4038 | fc=0.346 |   2501 ep/s | 136.0m
[Ep  19100000/50000000] avg_r=  0.491 | h2h=156.3000 | br= 0.9427 | avg= 0.4018 | fc=0.338 |   2406 ep/s | 136.4m
[Ep  19150000/50000000] avg_r=  0.424 | h2h=156.3000 | br= 0.9399 | avg= 0.4040 | fc=0.324 |   2486 ep/s | 136.7m
[Ep  19200000/50000000] avg_r=  0.498 | h2h=156.3000 | br= 0.9419 | avg= 0.4039 | fc=0.344 |   2442 ep/s | 137.1m
[Ep  19250000/50000000] avg_r=  0.419 | h2h=156.3000 | br= 0.9425 | avg= 0.4031 | fc=0.346 |   2486 ep/s | 137.4m
[Ep  19300000/50000000] avg_r=  0.451 | h2h=156.3000 | br= 0.9408 | avg= 0.4035 | fc=0.371 |   2394 ep/s | 137.8m
[Ep  19350000/50000000] avg_r=  0.477 | h2h=156.3000 | br= 0.9405 | avg= 0.4048 | fc=0.342 |   2490 ep/s | 138.1m
[Ep  19400000/50000000] avg_r=  0.524 | h2h=156.3000 | br= 0.9406 | avg= 0.4057 | fc=0.348 |   2476 ep/s | 138.4m
[Ep  19450000/50000000] avg_r=  0.453 | h2h=156.3000 | br= 0.9377 | avg= 0.4031 | fc=0.334 |   2620 ep/s | 138.7m
[Ep  19500000/50000000] avg_r=  0.461 | h2h=156.3000 | br= 0.9381 | avg= 0.4047 | fc=0.357 |   2566 ep/s | 139.1m
[Ep  19550000/50000000] avg_r=  0.419 | h2h=156.3000 | br= 0.9424 | avg= 0.4032 | fc=0.377 |   2557 ep/s | 139.4m
[Ep  19600000/50000000] avg_r=  0.438 | h2h=156.3000 | br= 0.9395 | avg= 0.4033 | fc=0.350 |   2443 ep/s | 139.7m
[Ep  19650000/50000000] avg_r=  0.479 | h2h=156.3000 | br= 0.9410 | avg= 0.4042 | fc=0.328 |   2453 ep/s | 140.1m
[Ep  19700000/50000000] avg_r=  0.427 | h2h=156.3000 | br= 0.9425 | avg= 0.4034 | fc=0.352 |   2374 ep/s | 140.4m
[Ep  19750000/50000000] avg_r=  0.473 | h2h=156.3000 | br= 0.9425 | avg= 0.4032 | fc=0.328 |   2438 ep/s | 140.8m
[Ep  19800000/50000000] avg_r=  0.415 | h2h=156.3000 | br= 0.9391 | avg= 0.4057 | fc=0.330 |   2406 ep/s | 141.1m
[Ep  19850000/50000000] avg_r=  0.455 | h2h=156.3000 | br= 0.9397 | avg= 0.4026 | fc=0.369 |   2483 ep/s | 141.4m
[Ep  19900000/50000000] avg_r=  0.406 | h2h=156.3000 | br= 0.9420 | avg= 0.4045 | fc=0.344 |   2472 ep/s | 141.8m
[Ep  19950000/50000000] avg_r=  0.428 | h2h=156.3000 | br= 0.9398 | avg= 0.4026 | fc=0.348 |   2444 ep/s | 142.1m
[Ep  20000000/50000000] avg_r=  0.462 | h2h=156.3000 | br= 0.9420 | avg= 0.4043 | fc=0.367 |   2417 ep/s | 142.5m
[H2H] ep=20000000 | avg_reward=121.6500 over 1000 games
  >>> H2H WINRATE @ ep 20000000: 121.6500
  [CHECKPOINT] saved at ep 20000000
[Ep  20050000/50000000] avg_r=  0.450 | h2h=121.6500 | br= 0.9417 | avg= 0.4039 | fc=0.357 |    459 ep/s | 144.3m
[snapshot] ep=20000000 -> /home/anthonyn/cos435/cpp-implementation/snapshots/holdem_64x64_mv_train_std_10/ep20000000
[Ep  20100000/50000000] avg_r=  0.411 | h2h=121.6500 | br= 0.9414 | avg= 0.4023 | fc=0.367 |   2458 ep/s | 144.6m
[Ep  20150000/50000000] avg_r=  0.458 | h2h=121.6500 | br= 0.9412 | avg= 0.4028 | fc=0.330 |   2409 ep/s | 145.0m
[Ep  20200000/50000000] avg_r=  0.507 | h2h=121.6500 | br= 0.9404 | avg= 0.4035 | fc=0.326 |   2425 ep/s | 145.3m
[Ep  20250000/50000000] avg_r=  0.481 | h2h=121.6500 | br= 0.9404 | avg= 0.4052 | fc=0.361 |   2476 ep/s | 145.6m
[Ep  20300000/50000000] avg_r=  0.498 | h2h=121.6500 | br= 0.9402 | avg= 0.4047 | fc=0.375 |   2460 ep/s | 146.0m
[Ep  20350000/50000000] avg_r=  0.452 | h2h=121.6500 | br= 0.9397 | avg= 0.4032 | fc=0.336 |   2538 ep/s | 146.3m
[Ep  20400000/50000000] avg_r=  0.510 | h2h=121.6500 | br= 0.9394 | avg= 0.4041 | fc=0.334 |   2531 ep/s | 146.6m
[Ep  20450000/50000000] avg_r=  0.456 | h2h=121.6500 | br= 0.9421 | avg= 0.4031 | fc=0.320 |   2593 ep/s | 147.0m
[Ep  20500000/50000000] avg_r=  0.445 | h2h=121.6500 | br= 0.9403 | avg= 0.4034 | fc=0.365 |   2494 ep/s | 147.3m
[Ep  20550000/50000000] avg_r=  0.515 | h2h=121.6500 | br= 0.9411 | avg= 0.4041 | fc=0.336 |   2390 ep/s | 147.6m
[Ep  20600000/50000000] avg_r=  0.427 | h2h=121.6500 | br= 0.9392 | avg= 0.4026 | fc=0.338 |   2389 ep/s | 148.0m
[Ep  20650000/50000000] avg_r=  0.465 | h2h=121.6500 | br= 0.9387 | avg= 0.4045 | fc=0.287 |   2347 ep/s | 148.4m
[Ep  20700000/50000000] avg_r=  0.505 | h2h=121.6500 | br= 0.9406 | avg= 0.4032 | fc=0.322 |   2389 ep/s | 148.7m
[Ep  20750000/50000000] avg_r=  0.478 | h2h=121.6500 | br= 0.9390 | avg= 0.4036 | fc=0.379 |   2390 ep/s | 149.1m
[Ep  20800000/50000000] avg_r=  0.402 | h2h=121.6500 | br= 0.9414 | avg= 0.4034 | fc=0.352 |   2334 ep/s | 149.4m
[Ep  20850000/50000000] avg_r=  0.494 | h2h=121.6500 | br= 0.9385 | avg= 0.4030 | fc=0.348 |   2360 ep/s | 149.8m
[Ep  20900000/50000000] avg_r=  0.478 | h2h=121.6500 | br= 0.9424 | avg= 0.4043 | fc=0.332 |   2353 ep/s | 150.1m
[Ep  20950000/50000000] avg_r=  0.491 | h2h=121.6500 | br= 0.9418 | avg= 0.4040 | fc=0.373 |   2454 ep/s | 150.5m
[Ep  21000000/50000000] avg_r=  0.440 | h2h=121.6500 | br= 0.9427 | avg= 0.4052 | fc=0.324 |   2291 ep/s | 150.8m
[Ep  21050000/50000000] avg_r=  0.510 | h2h=121.6500 | br= 0.9429 | avg= 0.4033 | fc=0.338 |   2346 ep/s | 151.2m
[Ep  21100000/50000000] avg_r=  0.485 | h2h=121.6500 | br= 0.9415 | avg= 0.4010 | fc=0.367 |   2371 ep/s | 151.5m
[Ep  21150000/50000000] avg_r=  0.498 | h2h=121.6500 | br= 0.9390 | avg= 0.4014 | fc=0.361 |   2433 ep/s | 151.9m
[Ep  21200000/50000000] avg_r=  0.447 | h2h=121.6500 | br= 0.9414 | avg= 0.4019 | fc=0.359 |   2398 ep/s | 152.2m
[Ep  21250000/50000000] avg_r=  0.500 | h2h=121.6500 | br= 0.9419 | avg= 0.4028 | fc=0.324 |   2386 ep/s | 152.6m
[Ep  21300000/50000000] avg_r=  0.433 | h2h=121.6500 | br= 0.9398 | avg= 0.4037 | fc=0.346 |   2352 ep/s | 152.9m
[Ep  21350000/50000000] avg_r=  0.511 | h2h=121.6500 | br= 0.9405 | avg= 0.4041 | fc=0.318 |   2312 ep/s | 153.3m
[Ep  21400000/50000000] avg_r=  0.439 | h2h=121.6500 | br= 0.9405 | avg= 0.4031 | fc=0.322 |   2356 ep/s | 153.6m
[Ep  21450000/50000000] avg_r=  0.423 | h2h=121.6500 | br= 0.9395 | avg= 0.4020 | fc=0.355 |   2419 ep/s | 154.0m
[Ep  21500000/50000000] avg_r=  0.486 | h2h=121.6500 | br= 0.9410 | avg= 0.4022 | fc=0.344 |   2387 ep/s | 154.3m
[Ep  21550000/50000000] avg_r=  0.482 | h2h=121.6500 | br= 0.9380 | avg= 0.4027 | fc=0.314 |   2432 ep/s | 154.7m
[Ep  21600000/50000000] avg_r=  0.494 | h2h=121.6500 | br= 0.9374 | avg= 0.4031 | fc=0.324 |   2310 ep/s | 155.0m
[Ep  21650000/50000000] avg_r=  0.482 | h2h=121.6500 | br= 0.9398 | avg= 0.4036 | fc=0.336 |   2387 ep/s | 155.4m
[Ep  21700000/50000000] avg_r=  0.445 | h2h=121.6500 | br= 0.9399 | avg= 0.4032 | fc=0.389 |   2346 ep/s | 155.7m
[Ep  21750000/50000000] avg_r=  0.480 | h2h=121.6500 | br= 0.9406 | avg= 0.4022 | fc=0.320 |   2451 ep/s | 156.1m
[Ep  21800000/50000000] avg_r=  0.468 | h2h=121.6500 | br= 0.9386 | avg= 0.4027 | fc=0.383 |   2438 ep/s | 156.4m
[Ep  21850000/50000000] avg_r=  0.467 | h2h=121.6500 | br= 0.9415 | avg= 0.4035 | fc=0.389 |   2370 ep/s | 156.8m
[Ep  21900000/50000000] avg_r=  0.503 | h2h=121.6500 | br= 0.9383 | avg= 0.4044 | fc=0.385 |   2378 ep/s | 157.1m
[Ep  21950000/50000000] avg_r=  0.482 | h2h=121.6500 | br= 0.9404 | avg= 0.4015 | fc=0.346 |   2344 ep/s | 157.5m
[Ep  22000000/50000000] avg_r=  0.375 | h2h=121.6500 | br= 0.9409 | avg= 0.4017 | fc=0.297 |   2398 ep/s | 157.8m
[Ep  22050000/50000000] avg_r=  0.476 | h2h=121.6500 | br= 0.9416 | avg= 0.4023 | fc=0.320 |   2390 ep/s | 158.2m
[Ep  22100000/50000000] avg_r=  0.479 | h2h=121.6500 | br= 0.9398 | avg= 0.4011 | fc=0.350 |   2392 ep/s | 158.5m
[Ep  22150000/50000000] avg_r=  0.428 | h2h=121.6500 | br= 0.9400 | avg= 0.4038 | fc=0.354 |   2395 ep/s | 158.9m
[Ep  22200000/50000000] avg_r=  0.417 | h2h=121.6500 | br= 0.9385 | avg= 0.4018 | fc=0.344 |   2462 ep/s | 159.2m
[Ep  22250000/50000000] avg_r=  0.486 | h2h=121.6500 | br= 0.9387 | avg= 0.4039 | fc=0.344 |   2477 ep/s | 159.5m
[Ep  22300000/50000000] avg_r=  0.505 | h2h=121.6500 | br= 0.9404 | avg= 0.4009 | fc=0.354 |   2465 ep/s | 159.9m
[Ep  22350000/50000000] avg_r=  0.366 | h2h=121.6500 | br= 0.9397 | avg= 0.4023 | fc=0.377 |   2452 ep/s | 160.2m
[Ep  22400000/50000000] avg_r=  0.463 | h2h=121.6500 | br= 0.9403 | avg= 0.4020 | fc=0.324 |   2476 ep/s | 160.6m
[Ep  22450000/50000000] avg_r=  0.465 | h2h=121.6500 | br= 0.9382 | avg= 0.4022 | fc=0.346 |   2460 ep/s | 160.9m
[Ep  22500000/50000000] avg_r=  0.444 | h2h=121.6500 | br= 0.9410 | avg= 0.4016 | fc=0.330 |   2459 ep/s | 161.2m
[Ep  22550000/50000000] avg_r=  0.419 | h2h=121.6500 | br= 0.9410 | avg= 0.4012 | fc=0.314 |   2454 ep/s | 161.6m
[Ep  22600000/50000000] avg_r=  0.452 | h2h=121.6500 | br= 0.9398 | avg= 0.4186 | fc=0.346 |   2436 ep/s | 161.9m
[Ep  22650000/50000000] avg_r=  0.477 | h2h=121.6500 | br= 0.9393 | avg= 0.4217 | fc=0.338 |   2459 ep/s | 162.3m
[Ep  22700000/50000000] avg_r=  0.465 | h2h=121.6500 | br= 0.9375 | avg= 0.4222 | fc=0.344 |   2416 ep/s | 162.6m
[Ep  22750000/50000000] avg_r=  0.492 | h2h=121.6500 | br= 0.9394 | avg= 0.4232 | fc=0.293 |   2421 ep/s | 162.9m
[Ep  22800000/50000000] avg_r=  0.463 | h2h=121.6500 | br= 0.9441 | avg= 0.4221 | fc=0.330 |   2439 ep/s | 163.3m
[Ep  22850000/50000000] avg_r=  0.443 | h2h=121.6500 | br= 0.9405 | avg= 0.4219 | fc=0.342 |   2483 ep/s | 163.6m
[Ep  22900000/50000000] avg_r=  0.498 | h2h=121.6500 | br= 0.9383 | avg= 0.4205 | fc=0.346 |   2461 ep/s | 164.0m
[Ep  22950000/50000000] avg_r=  0.495 | h2h=121.6500 | br= 0.9400 | avg= 0.4224 | fc=0.328 |   2390 ep/s | 164.3m
[Ep  23000000/50000000] avg_r=  0.407 | h2h=121.6500 | br= 0.9395 | avg= 0.4206 | fc=0.359 |   2495 ep/s | 164.6m
[Ep  23050000/50000000] avg_r=  0.487 | h2h=121.6500 | br= 0.9425 | avg= 0.4218 | fc=0.293 |   2443 ep/s | 165.0m
[Ep  23100000/50000000] avg_r=  0.503 | h2h=121.6500 | br= 0.9405 | avg= 0.4205 | fc=0.344 |   2458 ep/s | 165.3m
[Ep  23150000/50000000] avg_r=  0.482 | h2h=121.6500 | br= 0.9411 | avg= 0.4229 | fc=0.359 |   2446 ep/s | 165.7m
[Ep  23200000/50000000] avg_r=  0.480 | h2h=121.6500 | br= 0.9404 | avg= 0.4224 | fc=0.311 |   2479 ep/s | 166.0m
[Ep  23250000/50000000] avg_r=  0.458 | h2h=121.6500 | br= 0.9359 | avg= 0.4214 | fc=0.354 |   2402 ep/s | 166.3m
[Ep  23300000/50000000] avg_r=  0.446 | h2h=121.6500 | br= 0.9370 | avg= 0.4203 | fc=0.381 |   2433 ep/s | 166.7m
[Ep  23350000/50000000] avg_r=  0.472 | h2h=121.6500 | br= 0.9390 | avg= 0.4210 | fc=0.354 |   2371 ep/s | 167.0m
[Ep  23400000/50000000] avg_r=  0.440 | h2h=121.6500 | br= 0.9409 | avg= 0.4211 | fc=0.346 |   2542 ep/s | 167.4m
[Ep  23450000/50000000] avg_r=  0.850 | h2h=121.6500 | br= 0.9441 | avg= 0.4104 | fc=0.416 |   2613 ep/s | 167.7m
[Ep  23500000/50000000] avg_r=  1.289 | h2h=121.6500 | br= 0.8926 | avg= 0.4005 | fc=0.398 |   2762 ep/s | 168.0m
[Ep  23550000/50000000] avg_r=  1.332 | h2h=121.6500 | br= 0.8190 | avg= 0.4021 | fc=0.385 |   2785 ep/s | 168.3m
[Ep  23600000/50000000] avg_r=  1.266 | h2h=121.6500 | br= 0.7526 | avg= 0.4022 | fc=0.410 |   2773 ep/s | 168.6m
[Ep  23650000/50000000] avg_r=  1.360 | h2h=121.6500 | br= 0.7307 | avg= 0.4020 | fc=0.387 |   2771 ep/s | 168.9m
[Ep  23700000/50000000] avg_r=  1.319 | h2h=121.6500 | br= 0.7319 | avg= 0.4039 | fc=0.395 |   2751 ep/s | 169.2m
[Ep  23750000/50000000] avg_r=  1.324 | h2h=121.6500 | br= 0.7328 | avg= 0.4048 | fc=0.383 |   2802 ep/s | 169.5m
[Ep  23800000/50000000] avg_r=  1.273 | h2h=121.6500 | br= 0.7325 | avg= 0.4059 | fc=0.373 |   2788 ep/s | 169.8m
[Ep  23850000/50000000] avg_r=  1.314 | h2h=121.6500 | br= 0.7344 | avg= 0.4058 | fc=0.396 |   2759 ep/s | 170.1m
[Ep  23900000/50000000] avg_r=  1.286 | h2h=121.6500 | br= 0.7375 | avg= 0.4066 | fc=0.348 |   2740 ep/s | 170.4m
[Ep  23950000/50000000] avg_r=  1.291 | h2h=121.6500 | br= 0.7356 | avg= 0.4072 | fc=0.381 |   2772 ep/s | 170.7m
[Ep  24000000/50000000] avg_r=  1.301 | h2h=121.6500 | br= 0.7370 | avg= 0.4073 | fc=0.436 |   2765 ep/s | 171.0m
[Ep  24050000/50000000] avg_r=  1.279 | h2h=121.6500 | br= 0.7370 | avg= 0.4073 | fc=0.381 |   2747 ep/s | 171.3m
[Ep  24100000/50000000] avg_r=  1.312 | h2h=121.6500 | br= 0.7335 | avg= 0.4090 | fc=0.377 |   2729 ep/s | 171.6m
[Ep  24150000/50000000] avg_r=  1.289 | h2h=121.6500 | br= 0.7328 | avg= 0.4109 | fc=0.389 |   2766 ep/s | 171.9m
[Ep  24200000/50000000] avg_r=  1.282 | h2h=121.6500 | br= 0.7318 | avg= 0.4088 | fc=0.361 |   2711 ep/s | 172.2m
[Ep  24250000/50000000] avg_r=  1.293 | h2h=121.6500 | br= 0.7339 | avg= 0.4093 | fc=0.355 |   2744 ep/s | 172.5m
[Ep  24300000/50000000] avg_r=  1.305 | h2h=121.6500 | br= 0.7318 | avg= 0.4094 | fc=0.422 |   2746 ep/s | 172.8m
[Ep  24350000/50000000] avg_r=  1.324 | h2h=121.6500 | br= 0.7340 | avg= 0.4110 | fc=0.393 |   2763 ep/s | 173.1m
[Ep  24400000/50000000] avg_r=  1.273 | h2h=121.6500 | br= 0.7358 | avg= 0.4119 | fc=0.377 |   2718 ep/s | 173.4m
[Ep  24450000/50000000] avg_r=  1.256 | h2h=121.6500 | br= 0.7369 | avg= 0.4100 | fc=0.406 |   2732 ep/s | 173.7m
[Ep  24500000/50000000] avg_r=  1.311 | h2h=121.6500 | br= 0.7342 | avg= 0.4128 | fc=0.359 |   2810 ep/s | 174.0m
[Ep  24550000/50000000] avg_r=  1.292 | h2h=121.6500 | br= 0.7351 | avg= 0.4111 | fc=0.387 |   2733 ep/s | 174.3m
[Ep  24600000/50000000] avg_r=  1.259 | h2h=121.6500 | br= 0.7332 | avg= 0.4120 | fc=0.375 |   2822 ep/s | 174.6m
[Ep  24650000/50000000] avg_r=  1.288 | h2h=121.6500 | br= 0.7334 | avg= 0.4131 | fc=0.367 |   2801 ep/s | 174.9m
[Ep  24700000/50000000] avg_r=  1.306 | h2h=121.6500 | br= 0.7353 | avg= 0.4151 | fc=0.383 |   2764 ep/s | 175.2m
[Ep  24750000/50000000] avg_r=  1.289 | h2h=121.6500 | br= 0.7341 | avg= 0.4140 | fc=0.404 |   2823 ep/s | 175.5m
[Ep  24800000/50000000] avg_r=  1.256 | h2h=121.6500 | br= 0.7367 | avg= 0.4147 | fc=0.377 |   2778 ep/s | 175.8m
[Ep  24850000/50000000] avg_r=  1.308 | h2h=121.6500 | br= 0.7334 | avg= 0.4145 | fc=0.395 |   2798 ep/s | 176.1m
[Ep  24900000/50000000] avg_r=  1.323 | h2h=121.6500 | br= 0.7336 | avg= 0.4139 | fc=0.402 |   2748 ep/s | 176.4m
[Ep  24950000/50000000] avg_r=  1.284 | h2h=121.6500 | br= 0.7336 | avg= 0.4173 | fc=0.344 |   2777 ep/s | 176.7m
[Ep  25000000/50000000] avg_r=  1.267 | h2h=121.6500 | br= 0.7363 | avg= 0.4165 | fc=0.400 |   2805 ep/s | 177.0m
[Ep  25050000/50000000] avg_r=  1.339 | h2h=121.6500 | br= 0.7343 | avg= 0.4166 | fc=0.412 |   2780 ep/s | 177.3m
[Ep  25100000/50000000] avg_r=  1.287 | h2h=121.6500 | br= 0.7359 | avg= 0.4157 | fc=0.363 |   2747 ep/s | 177.6m
[Ep  25150000/50000000] avg_r=  1.257 | h2h=121.6500 | br= 0.7318 | avg= 0.4154 | fc=0.373 |   2756 ep/s | 177.9m
[Ep  25200000/50000000] avg_r=  1.296 | h2h=121.6500 | br= 0.7327 | avg= 0.4160 | fc=0.385 |   2827 ep/s | 178.2m
[Ep  25250000/50000000] avg_r=  1.286 | h2h=121.6500 | br= 0.7330 | avg= 0.4174 | fc=0.416 |   2774 ep/s | 178.5m
[Ep  25300000/50000000] avg_r=  1.337 | h2h=121.6500 | br= 0.7333 | avg= 0.4177 | fc=0.367 |   2777 ep/s | 178.8m
[Ep  25350000/50000000] avg_r=  1.326 | h2h=121.6500 | br= 0.7319 | avg= 0.4188 | fc=0.412 |   2730 ep/s | 179.1m
[Ep  25400000/50000000] avg_r=  1.288 | h2h=121.6500 | br= 0.7333 | avg= 0.4172 | fc=0.381 |   2816 ep/s | 179.4m
[Ep  25450000/50000000] avg_r=  1.291 | h2h=121.6500 | br= 0.7346 | avg= 0.4172 | fc=0.398 |   2806 ep/s | 179.7m
[Ep  25500000/50000000] avg_r=  1.286 | h2h=121.6500 | br= 0.7337 | avg= 0.4189 | fc=0.357 |   2775 ep/s | 180.0m
[Ep  25550000/50000000] avg_r=  1.310 | h2h=121.6500 | br= 0.7337 | avg= 0.4208 | fc=0.357 |   2813 ep/s | 180.3m
[Ep  25600000/50000000] avg_r=  1.261 | h2h=121.6500 | br= 0.7346 | avg= 0.4189 | fc=0.385 |   2734 ep/s | 180.6m
[Ep  25650000/50000000] avg_r=  1.369 | h2h=121.6500 | br= 0.7353 | avg= 0.4211 | fc=0.371 |   2802 ep/s | 180.9m
[Ep  25700000/50000000] avg_r=  1.310 | h2h=121.6500 | br= 0.7343 | avg= 0.4201 | fc=0.387 |   2767 ep/s | 181.2m
[Ep  25750000/50000000] avg_r=  1.309 | h2h=121.6500 | br= 0.7335 | avg= 0.4200 | fc=0.400 |   2753 ep/s | 181.5m
[Ep  25800000/50000000] avg_r=  1.337 | h2h=121.6500 | br= 0.7338 | avg= 0.4221 | fc=0.375 |   2759 ep/s | 181.8m
[Ep  25850000/50000000] avg_r=  1.303 | h2h=121.6500 | br= 0.7319 | avg= 0.4207 | fc=0.375 |   2769 ep/s | 182.1m
[Ep  25900000/50000000] avg_r=  1.321 | h2h=121.6500 | br= 0.7334 | avg= 0.4199 | fc=0.383 |   2782 ep/s | 182.4m
[Ep  25950000/50000000] avg_r=  1.268 | h2h=121.6500 | br= 0.7315 | avg= 0.4196 | fc=0.400 |   2782 ep/s | 182.7m
[Ep  26000000/50000000] avg_r=  1.279 | h2h=121.6500 | br= 0.7336 | avg= 0.4222 | fc=0.369 |   2785 ep/s | 183.0m
[Ep  26050000/50000000] avg_r=  1.339 | h2h=121.6500 | br= 0.7312 | avg= 0.4222 | fc=0.389 |   2780 ep/s | 183.3m
[Ep  26100000/50000000] avg_r=  1.264 | h2h=121.6500 | br= 0.7363 | avg= 0.4215 | fc=0.381 |   2769 ep/s | 183.6m
[Ep  26150000/50000000] avg_r=  1.311 | h2h=121.6500 | br= 0.7347 | avg= 0.4230 | fc=0.389 |   2801 ep/s | 183.9m
[Ep  26200000/50000000] avg_r=  1.292 | h2h=121.6500 | br= 0.7316 | avg= 0.4395 | fc=0.342 |   2782 ep/s | 184.2m
[Ep  26250000/50000000] avg_r=  1.271 | h2h=121.6500 | br= 0.7331 | avg= 0.4574 | fc=0.404 |   2751 ep/s | 184.5m
[Ep  26300000/50000000] avg_r=  1.286 | h2h=121.6500 | br= 0.7358 | avg= 0.4565 | fc=0.404 |   2755 ep/s | 184.8m
[Ep  26350000/50000000] avg_r=  1.295 | h2h=121.6500 | br= 0.7356 | avg= 0.4590 | fc=0.357 |   2803 ep/s | 185.1m
[Ep  26400000/50000000] avg_r=  1.292 | h2h=121.6500 | br= 0.7342 | avg= 0.4591 | fc=0.402 |   2832 ep/s | 185.4m
[Ep  26450000/50000000] avg_r=  1.283 | h2h=121.6500 | br= 0.7355 | avg= 0.4588 | fc=0.395 |   2902 ep/s | 185.7m
[Ep  26500000/50000000] avg_r=  1.266 | h2h=121.6500 | br= 0.7352 | avg= 0.4605 | fc=0.381 |   2939 ep/s | 186.0m
[Ep  26550000/50000000] avg_r=  1.292 | h2h=121.6500 | br= 0.7364 | avg= 0.4584 | fc=0.377 |   2832 ep/s | 186.3m
[Ep  26600000/50000000] avg_r=  1.335 | h2h=121.6500 | br= 0.7360 | avg= 0.4591 | fc=0.371 |   2772 ep/s | 186.6m
[Ep  26650000/50000000] avg_r=  1.311 | h2h=121.6500 | br= 0.7325 | avg= 0.4593 | fc=0.377 |   2760 ep/s | 186.9m
[Ep  26700000/50000000] avg_r=  1.264 | h2h=121.6500 | br= 0.7312 | avg= 0.4605 | fc=0.355 |   2763 ep/s | 187.2m
[Ep  26750000/50000000] avg_r=  1.255 | h2h=121.6500 | br= 0.7327 | avg= 0.4600 | fc=0.354 |   2802 ep/s | 187.5m
[Ep  26800000/50000000] avg_r=  1.334 | h2h=121.6500 | br= 0.7356 | avg= 0.4603 | fc=0.404 |   2666 ep/s | 187.8m
[Ep  26850000/50000000] avg_r=  1.256 | h2h=121.6500 | br= 0.7336 | avg= 0.4599 | fc=0.371 |   2767 ep/s | 188.1m
[Ep  26900000/50000000] avg_r=  1.272 | h2h=121.6500 | br= 0.7336 | avg= 0.4615 | fc=0.352 |   2803 ep/s | 188.4m
[Ep  26950000/50000000] avg_r=  1.330 | h2h=121.6500 | br= 0.7325 | avg= 0.4612 | fc=0.371 |   2704 ep/s | 188.7m
[Ep  27000000/50000000] avg_r=  1.267 | h2h=121.6500 | br= 0.7333 | avg= 0.4606 | fc=0.375 |   2821 ep/s | 189.0m
[Ep  27050000/50000000] avg_r=  1.296 | h2h=121.6500 | br= 0.7333 | avg= 0.4613 | fc=0.387 |   2741 ep/s | 189.3m
[Ep  27100000/50000000] avg_r=  1.343 | h2h=121.6500 | br= 0.7328 | avg= 0.4612 | fc=0.396 |   2776 ep/s | 189.6m
[Ep  27150000/50000000] avg_r=  1.284 | h2h=121.6500 | br= 0.7345 | avg= 0.4635 | fc=0.424 |   2763 ep/s | 189.9m
[Ep  27200000/50000000] avg_r=  1.299 | h2h=121.6500 | br= 0.7341 | avg= 0.4633 | fc=0.367 |   2793 ep/s | 190.2m
[Ep  27250000/50000000] avg_r=  1.313 | h2h=121.6500 | br= 0.7333 | avg= 0.4634 | fc=0.402 |   2750 ep/s | 190.5m
[Ep  27300000/50000000] avg_r=  1.298 | h2h=121.6500 | br= 0.7322 | avg= 0.4620 | fc=0.377 |   2889 ep/s | 190.8m
[Ep  27350000/50000000] avg_r=  1.318 | h2h=121.6500 | br= 0.7348 | avg= 0.4626 | fc=0.406 |   2796 ep/s | 191.1m
[Ep  27400000/50000000] avg_r=  1.306 | h2h=121.6500 | br= 0.7403 | avg= 0.4273 | fc=0.389 |   2734 ep/s | 191.4m
[Ep  27450000/50000000] avg_r=  1.319 | h2h=121.6500 | br= 0.7302 | avg= 0.4279 | fc=0.387 |   2791 ep/s | 191.7m
[Ep  27500000/50000000] avg_r=  1.263 | h2h=121.6500 | br= 0.7224 | avg= 0.4285 | fc=0.381 |   2832 ep/s | 192.0m
[Ep  27550000/50000000] avg_r=  1.260 | h2h=121.6500 | br= 0.7169 | avg= 0.4279 | fc=0.410 |   2752 ep/s | 192.3m
[Ep  27600000/50000000] avg_r=  1.316 | h2h=121.6500 | br= 0.7176 | avg= 0.4285 | fc=0.410 |   2780 ep/s | 192.6m
[Ep  27650000/50000000] avg_r=  1.238 | h2h=121.6500 | br= 0.7156 | avg= 0.4303 | fc=0.451 |   2759 ep/s | 192.9m
[Ep  27700000/50000000] avg_r=  1.345 | h2h=121.6500 | br= 0.7178 | avg= 0.4290 | fc=0.387 |   2792 ep/s | 193.2m
[Ep  27750000/50000000] avg_r=  1.309 | h2h=121.6500 | br= 0.7158 | avg= 0.4282 | fc=0.400 |   2694 ep/s | 193.5m
[Ep  27800000/50000000] avg_r=  1.247 | h2h=121.6500 | br= 0.7138 | avg= 0.4310 | fc=0.371 |   2749 ep/s | 193.8m
[Ep  27850000/50000000] avg_r=  1.295 | h2h=121.6500 | br= 0.7139 | avg= 0.4314 | fc=0.375 |   2676 ep/s | 194.1m
[Ep  27900000/50000000] avg_r=  1.315 | h2h=121.6500 | br= 0.7143 | avg= 0.4311 | fc=0.361 |   2721 ep/s | 194.4m
[Ep  27950000/50000000] avg_r=  1.277 | h2h=121.6500 | br= 0.7128 | avg= 0.4310 | fc=0.377 |   2729 ep/s | 194.7m
[Ep  28000000/50000000] avg_r=  1.326 | h2h=121.6500 | br= 0.7145 | avg= 0.4329 | fc=0.375 |   2756 ep/s | 195.0m
[Ep  28050000/50000000] avg_r=  1.267 | h2h=121.6500 | br= 0.7132 | avg= 0.4314 | fc=0.354 |   2759 ep/s | 195.3m
[Ep  28100000/50000000] avg_r=  1.325 | h2h=121.6500 | br= 0.7127 | avg= 0.4323 | fc=0.391 |   2823 ep/s | 195.6m
[Ep  28150000/50000000] avg_r=  1.320 | h2h=121.6500 | br= 0.7159 | avg= 0.4345 | fc=0.361 |   2819 ep/s | 195.9m
[Ep  28200000/50000000] avg_r=  1.303 | h2h=121.6500 | br= 0.7123 | avg= 0.4350 | fc=0.387 |   2852 ep/s | 196.2m
[Ep  28250000/50000000] avg_r=  1.260 | h2h=121.6500 | br= 0.7129 | avg= 0.4333 | fc=0.385 |   2764 ep/s | 196.5m
[Ep  28300000/50000000] avg_r=  1.294 | h2h=121.6500 | br= 0.7127 | avg= 0.4349 | fc=0.381 |   2692 ep/s | 196.8m
[Ep  28350000/50000000] avg_r=  1.313 | h2h=121.6500 | br= 0.7109 | avg= 0.4336 | fc=0.395 |   2849 ep/s | 197.1m
[Ep  28400000/50000000] avg_r=  1.300 | h2h=121.6500 | br= 0.7130 | avg= 0.4329 | fc=0.404 |   2953 ep/s | 197.4m
[Ep  28450000/50000000] avg_r=  1.281 | h2h=121.6500 | br= 0.7164 | avg= 0.4337 | fc=0.377 |   2929 ep/s | 197.7m
[Ep  28500000/50000000] avg_r=  1.250 | h2h=121.6500 | br= 0.7133 | avg= 0.4338 | fc=0.354 |   2995 ep/s | 198.0m
[Ep  28550000/50000000] avg_r=  1.251 | h2h=121.6500 | br= 0.7146 | avg= 0.4344 | fc=0.406 |   2778 ep/s | 198.3m
[Ep  28600000/50000000] avg_r=  1.272 | h2h=121.6500 | br= 0.7143 | avg= 0.4352 | fc=0.379 |   2722 ep/s | 198.6m
[Ep  28650000/50000000] avg_r=  1.272 | h2h=121.6500 | br= 0.7150 | avg= 0.4355 | fc=0.383 |   2810 ep/s | 198.9m
[Ep  28700000/50000000] avg_r=  1.306 | h2h=121.6500 | br= 0.7135 | avg= 0.4357 | fc=0.371 |   2711 ep/s | 199.2m
[Ep  28750000/50000000] avg_r=  1.262 | h2h=121.6500 | br= 0.7141 | avg= 0.4368 | fc=0.359 |   2809 ep/s | 199.5m
[Ep  28800000/50000000] avg_r=  1.327 | h2h=121.6500 | br= 0.7127 | avg= 0.4360 | fc=0.342 |   2829 ep/s | 199.8m
[Ep  28850000/50000000] avg_r=  1.277 | h2h=121.6500 | br= 0.7150 | avg= 0.4348 | fc=0.379 |   2793 ep/s | 200.1m
[Ep  28900000/50000000] avg_r=  1.311 | h2h=121.6500 | br= 0.7146 | avg= 0.4353 | fc=0.393 |   2755 ep/s | 200.4m
[Ep  28950000/50000000] avg_r=  1.280 | h2h=121.6500 | br= 0.7137 | avg= 0.4384 | fc=0.361 |   2825 ep/s | 200.7m
[Ep  29000000/50000000] avg_r=  1.337 | h2h=121.6500 | br= 0.7135 | avg= 0.4368 | fc=0.379 |   2759 ep/s | 201.0m
[Ep  29050000/50000000] avg_r=  1.325 | h2h=121.6500 | br= 0.7142 | avg= 0.4369 | fc=0.375 |   2827 ep/s | 201.3m
[Ep  29100000/50000000] avg_r=  1.275 | h2h=121.6500 | br= 0.7123 | avg= 0.4359 | fc=0.396 |   2794 ep/s | 201.6m
[Ep  29150000/50000000] avg_r=  1.275 | h2h=121.6500 | br= 0.7125 | avg= 0.4389 | fc=0.375 |   2787 ep/s | 201.9m
[Ep  29200000/50000000] avg_r=  1.236 | h2h=121.6500 | br= 0.7113 | avg= 0.4371 | fc=0.396 |   2719 ep/s | 202.2m
[Ep  29250000/50000000] avg_r=  1.287 | h2h=121.6500 | br= 0.7131 | avg= 0.4362 | fc=0.387 |   2819 ep/s | 202.5m
[Ep  29300000/50000000] avg_r=  1.336 | h2h=121.6500 | br= 0.7146 | avg= 0.4398 | fc=0.375 |   2726 ep/s | 202.8m
[Ep  29350000/50000000] avg_r=  1.299 | h2h=121.6500 | br= 0.7141 | avg= 0.4367 | fc=0.389 |   2776 ep/s | 203.1m
[Ep  29400000/50000000] avg_r=  1.277 | h2h=121.6500 | br= 0.7118 | avg= 0.4386 | fc=0.385 |   2761 ep/s | 203.4m
[Ep  29450000/50000000] avg_r=  1.287 | h2h=121.6500 | br= 0.7105 | avg= 0.4397 | fc=0.379 |   2789 ep/s | 203.7m
[Ep  29500000/50000000] avg_r=  1.310 | h2h=121.6500 | br= 0.7130 | avg= 0.4378 | fc=0.410 |   2786 ep/s | 204.0m
[Ep  29550000/50000000] avg_r=  1.307 | h2h=121.6500 | br= 0.7146 | avg= 0.4382 | fc=0.396 |   2750 ep/s | 204.3m
[Ep  29600000/50000000] avg_r=  1.280 | h2h=121.6500 | br= 0.7117 | avg= 0.4393 | fc=0.416 |   2834 ep/s | 204.6m
[Ep  29650000/50000000] avg_r=  1.272 | h2h=121.6500 | br= 0.7139 | avg= 0.4392 | fc=0.359 |   2748 ep/s | 204.9m
[Ep  29700000/50000000] avg_r=  1.309 | h2h=121.6500 | br= 0.7139 | avg= 0.4419 | fc=0.342 |   2760 ep/s | 205.2m
[Ep  29750000/50000000] avg_r=  1.293 | h2h=121.6500 | br= 0.7150 | avg= 0.4396 | fc=0.412 |   2852 ep/s | 205.5m
[Ep  29800000/50000000] avg_r=  1.280 | h2h=121.6500 | br= 0.7115 | avg= 0.4390 | fc=0.414 |   2790 ep/s | 205.8m
[Ep  29850000/50000000] avg_r=  1.266 | h2h=121.6500 | br= 0.7145 | avg= 0.4390 | fc=0.377 |   2739 ep/s | 206.1m
[Ep  29900000/50000000] avg_r=  1.295 | h2h=121.6500 | br= 0.7156 | avg= 0.4390 | fc=0.369 |   2773 ep/s | 206.4m
[Ep  29950000/50000000] avg_r=  1.301 | h2h=121.6500 | br= 0.7143 | avg= 0.4397 | fc=0.402 |   2817 ep/s | 206.7m
[Ep  30000000/50000000] avg_r=  1.313 | h2h=121.6500 | br= 0.7155 | avg= 0.4406 | fc=0.375 |   2784 ep/s | 207.0m
[H2H] ep=30000000 | avg_reward=95.5000 over 1000 games
  >>> H2H WINRATE @ ep 30000000: 95.5000
  [CHECKPOINT] saved at ep 30000000
[snapshot] ep=30000000 -> /home/anthonyn/cos435/cpp-implementation/snapshots/holdem_64x64_mv_train_std_10/ep30000000
[Ep  30050000/50000000] avg_r=  1.318 | h2h= 95.5000 | br= 0.7132 | avg= 0.4428 | fc=0.398 |    373 ep/s | 209.2m
[Ep  30100000/50000000] avg_r=  1.325 | h2h= 95.5000 | br= 0.7125 | avg= 0.4415 | fc=0.354 |   2795 ep/s | 209.5m
[Ep  30150000/50000000] avg_r=  1.297 | h2h= 95.5000 | br= 0.7131 | avg= 0.4383 | fc=0.389 |   2798 ep/s | 209.8m
[Ep  30200000/50000000] avg_r=  1.289 | h2h= 95.5000 | br= 0.7101 | avg= 0.4404 | fc=0.348 |   2743 ep/s | 210.1m
[Ep  30250000/50000000] avg_r=  1.316 | h2h= 95.5000 | br= 0.7131 | avg= 0.4423 | fc=0.383 |   2774 ep/s | 210.4m
[Ep  30300000/50000000] avg_r=  1.307 | h2h= 95.5000 | br= 0.7122 | avg= 0.4417 | fc=0.371 |   2812 ep/s | 210.7m
[Ep  30350000/50000000] avg_r=  1.320 | h2h= 95.5000 | br= 0.7137 | avg= 0.4428 | fc=0.359 |   2835 ep/s | 211.0m
[Ep  30400000/50000000] avg_r=  1.277 | h2h= 95.5000 | br= 0.7115 | avg= 0.4399 | fc=0.424 |   2786 ep/s | 211.3m
[Ep  30450000/50000000] avg_r=  1.290 | h2h= 95.5000 | br= 0.7102 | avg= 0.4409 | fc=0.438 |   2731 ep/s | 211.6m
[Ep  30500000/50000000] avg_r=  1.263 | h2h= 95.5000 | br= 0.7129 | avg= 0.4436 | fc=0.400 |   2816 ep/s | 211.9m
[Ep  30550000/50000000] avg_r=  1.258 | h2h= 95.5000 | br= 0.7098 | avg= 0.4439 | fc=0.359 |   2779 ep/s | 212.2m
[Ep  30600000/50000000] avg_r=  1.297 | h2h= 95.5000 | br= 0.7117 | avg= 0.4426 | fc=0.379 |   2781 ep/s | 212.5m
[Ep  30650000/50000000] avg_r=  1.287 | h2h= 95.5000 | br= 0.7117 | avg= 0.4420 | fc=0.387 |   2816 ep/s | 212.8m
[Ep  30700000/50000000] avg_r=  1.300 | h2h= 95.5000 | br= 0.7166 | avg= 0.4417 | fc=0.373 |   2805 ep/s | 213.1m
[Ep  30750000/50000000] avg_r=  1.279 | h2h= 95.5000 | br= 0.7134 | avg= 0.4422 | fc=0.371 |   2792 ep/s | 213.4m
[Ep  30800000/50000000] avg_r=  1.286 | h2h= 95.5000 | br= 0.7121 | avg= 0.4419 | fc=0.395 |   2860 ep/s | 213.7m
[Ep  30850000/50000000] avg_r=  1.274 | h2h= 95.5000 | br= 0.7126 | avg= 0.4415 | fc=0.408 |   2756 ep/s | 214.0m
[Ep  30900000/50000000] avg_r=  1.320 | h2h= 95.5000 | br= 0.7106 | avg= 0.4425 | fc=0.404 |   2827 ep/s | 214.3m
[Ep  30950000/50000000] avg_r=  1.300 | h2h= 95.5000 | br= 0.7130 | avg= 0.4441 | fc=0.385 |   2771 ep/s | 214.6m
[Ep  31000000/50000000] avg_r=  1.276 | h2h= 95.5000 | br= 0.7120 | avg= 0.4439 | fc=0.367 |   2775 ep/s | 214.9m
[Ep  31050000/50000000] avg_r=  1.286 | h2h= 95.5000 | br= 0.7142 | avg= 0.4433 | fc=0.381 |   2743 ep/s | 215.2m
[Ep  31100000/50000000] avg_r=  1.296 | h2h= 95.5000 | br= 0.7126 | avg= 0.4440 | fc=0.430 |   2838 ep/s | 215.5m
[Ep  31150000/50000000] avg_r=  1.325 | h2h= 95.5000 | br= 0.7142 | avg= 0.4437 | fc=0.391 |   2813 ep/s | 215.8m
[Ep  31200000/50000000] avg_r=  1.266 | h2h= 95.5000 | br= 0.7120 | avg= 0.4443 | fc=0.381 |   2725 ep/s | 216.1m
[Ep  31250000/50000000] avg_r=  1.293 | h2h= 95.5000 | br= 0.7105 | avg= 0.4434 | fc=0.395 |   2785 ep/s | 216.4m
[Ep  31300000/50000000] avg_r=  1.299 | h2h= 95.5000 | br= 0.7097 | avg= 0.4422 | fc=0.379 |   2804 ep/s | 216.7m
[Ep  31350000/50000000] avg_r=  1.330 | h2h= 95.5000 | br= 0.7091 | avg= 0.4441 | fc=0.371 |   2887 ep/s | 216.9m
[Ep  31400000/50000000] avg_r=  1.330 | h2h= 95.5000 | br= 0.7109 | avg= 0.4448 | fc=0.422 |   2862 ep/s | 217.2m
[Ep  31450000/50000000] avg_r=  1.305 | h2h= 95.5000 | br= 0.7113 | avg= 0.4417 | fc=0.400 |   2697 ep/s | 217.5m
[Ep  31500000/50000000] avg_r=  1.278 | h2h= 95.5000 | br= 0.7151 | avg= 0.4431 | fc=0.365 |   2670 ep/s | 217.9m
[Ep  31550000/50000000] avg_r=  1.287 | h2h= 95.5000 | br= 0.7148 | avg= 0.4438 | fc=0.363 |   2768 ep/s | 218.2m
[Ep  31600000/50000000] avg_r=  1.263 | h2h= 95.5000 | br= 0.7129 | avg= 0.4441 | fc=0.369 |   2707 ep/s | 218.5m
[Ep  31650000/50000000] avg_r=  1.281 | h2h= 95.5000 | br= 0.7167 | avg= 0.4444 | fc=0.381 |   2764 ep/s | 218.8m
[Ep  31700000/50000000] avg_r=  1.269 | h2h= 95.5000 | br= 0.7151 | avg= 0.4460 | fc=0.395 |   2749 ep/s | 219.1m
[Ep  31750000/50000000] avg_r=  1.267 | h2h= 95.5000 | br= 0.7136 | avg= 0.4441 | fc=0.400 |   2744 ep/s | 219.4m
[Ep  31800000/50000000] avg_r=  1.278 | h2h= 95.5000 | br= 0.7156 | avg= 0.4453 | fc=0.416 |   2722 ep/s | 219.7m
[Ep  31850000/50000000] avg_r=  1.331 | h2h= 95.5000 | br= 0.7151 | avg= 0.4454 | fc=0.391 |   2762 ep/s | 220.0m
[Ep  31900000/50000000] avg_r=  1.319 | h2h= 95.5000 | br= 0.7153 | avg= 0.4444 | fc=0.375 |   2725 ep/s | 220.3m
[Ep  31950000/50000000] avg_r=  1.304 | h2h= 95.5000 | br= 0.7129 | avg= 0.4445 | fc=0.367 |   2784 ep/s | 220.6m
[Ep  32000000/50000000] avg_r=  1.268 | h2h= 95.5000 | br= 0.7141 | avg= 0.4451 | fc=0.385 |   2773 ep/s | 220.9m
[Ep  32050000/50000000] avg_r=  1.251 | h2h= 95.5000 | br= 0.7103 | avg= 0.4461 | fc=0.420 |   2848 ep/s | 221.2m
[Ep  32100000/50000000] avg_r=  1.259 | h2h= 95.5000 | br= 0.7136 | avg= 0.4457 | fc=0.383 |   2782 ep/s | 221.5m
[Ep  32150000/50000000] avg_r=  1.304 | h2h= 95.5000 | br= 0.7132 | avg= 0.4464 | fc=0.398 |   2805 ep/s | 221.8m
[Ep  32200000/50000000] avg_r=  1.250 | h2h= 95.5000 | br= 0.7134 | avg= 0.4449 | fc=0.377 |   2790 ep/s | 222.1m
[Ep  32250000/50000000] avg_r=  1.293 | h2h= 95.5000 | br= 0.7120 | avg= 0.4449 | fc=0.416 |   2979 ep/s | 222.4m
[Ep  32300000/50000000] avg_r=  1.307 | h2h= 95.5000 | br= 0.7138 | avg= 0.4441 | fc=0.406 |   2858 ep/s | 222.6m
[Ep  32350000/50000000] avg_r=  1.285 | h2h= 95.5000 | br= 0.7143 | avg= 0.4473 | fc=0.342 |   2978 ep/s | 222.9m
[Ep  32400000/50000000] avg_r=  1.279 | h2h= 95.5000 | br= 0.7129 | avg= 0.4468 | fc=0.371 |   2895 ep/s | 223.2m
[Ep  32450000/50000000] avg_r=  1.311 | h2h= 95.5000 | br= 0.7126 | avg= 0.4465 | fc=0.381 |   2827 ep/s | 223.5m
[Ep  32500000/50000000] avg_r=  1.289 | h2h= 95.5000 | br= 0.7104 | avg= 0.4476 | fc=0.363 |   2777 ep/s | 223.8m
[Ep  32550000/50000000] avg_r=  1.306 | h2h= 95.5000 | br= 0.7122 | avg= 0.4464 | fc=0.410 |   2775 ep/s | 224.1m
[Ep  32600000/50000000] avg_r=  1.315 | h2h= 95.5000 | br= 0.7101 | avg= 0.4463 | fc=0.338 |   2782 ep/s | 224.4m
[Ep  32650000/50000000] avg_r=  1.302 | h2h= 95.5000 | br= 0.7111 | avg= 0.4471 | fc=0.381 |   2718 ep/s | 224.7m
[Ep  32700000/50000000] avg_r=  1.331 | h2h= 95.5000 | br= 0.7147 | avg= 0.4480 | fc=0.385 |   2783 ep/s | 225.0m
[Ep  32750000/50000000] avg_r=  1.307 | h2h= 95.5000 | br= 0.7137 | avg= 0.4469 | fc=0.373 |   2807 ep/s | 225.3m
[Ep  32800000/50000000] avg_r=  1.273 | h2h= 95.5000 | br= 0.7121 | avg= 0.4466 | fc=0.379 |   2724 ep/s | 225.6m
[Ep  32850000/50000000] avg_r=  1.279 | h2h= 95.5000 | br= 0.7135 | avg= 0.4466 | fc=0.377 |   2549 ep/s | 225.9m
[Ep  32900000/50000000] avg_r=  1.259 | h2h= 95.5000 | br= 0.7122 | avg= 0.4471 | fc=0.383 |   2714 ep/s | 226.3m
[Ep  32950000/50000000] avg_r=  1.278 | h2h= 95.5000 | br= 0.7134 | avg= 0.4457 | fc=0.381 |   2741 ep/s | 226.6m
[Ep  33000000/50000000] avg_r=  1.303 | h2h= 95.5000 | br= 0.7131 | avg= 0.4482 | fc=0.359 |   2778 ep/s | 226.9m
[Ep  33050000/50000000] avg_r=  1.293 | h2h= 95.5000 | br= 0.7144 | avg= 0.4484 | fc=0.400 |   2741 ep/s | 227.2m
[Ep  33100000/50000000] avg_r=  1.305 | h2h= 95.5000 | br= 0.7149 | avg= 0.4456 | fc=0.332 |   2725 ep/s | 227.5m
[Ep  33150000/50000000] avg_r=  1.314 | h2h= 95.5000 | br= 0.7153 | avg= 0.4468 | fc=0.395 |   2595 ep/s | 227.8m
[Ep  33200000/50000000] avg_r=  1.256 | h2h= 95.5000 | br= 0.7130 | avg= 0.4477 | fc=0.363 |   2746 ep/s | 228.1m
[Ep  33250000/50000000] avg_r=  1.291 | h2h= 95.5000 | br= 0.7112 | avg= 0.4456 | fc=0.354 |   2739 ep/s | 228.4m
[Ep  33300000/50000000] avg_r=  1.288 | h2h= 95.5000 | br= 0.7114 | avg= 0.4467 | fc=0.334 |   2686 ep/s | 228.7m
[Ep  33350000/50000000] avg_r=  1.310 | h2h= 95.5000 | br= 0.7124 | avg= 0.4474 | fc=0.406 |   2702 ep/s | 229.0m
[Ep  33400000/50000000] avg_r=  1.237 | h2h= 95.5000 | br= 0.7139 | avg= 0.4492 | fc=0.402 |   2685 ep/s | 229.3m
[Ep  33450000/50000000] avg_r=  1.271 | h2h= 95.5000 | br= 0.7124 | avg= 0.4472 | fc=0.354 |   2751 ep/s | 229.6m
[Ep  33500000/50000000] avg_r=  1.340 | h2h= 95.5000 | br= 0.7122 | avg= 0.4473 | fc=0.379 |   2729 ep/s | 229.9m
[Ep  33550000/50000000] avg_r=  1.277 | h2h= 95.5000 | br= 0.7120 | avg= 0.4492 | fc=0.314 |   2719 ep/s | 230.2m
[Ep  33600000/50000000] avg_r=  1.279 | h2h= 95.5000 | br= 0.7118 | avg= 0.4484 | fc=0.361 |   2764 ep/s | 230.5m
[Ep  33650000/50000000] avg_r=  1.294 | h2h= 95.5000 | br= 0.7113 | avg= 0.4476 | fc=0.348 |   2717 ep/s | 230.8m
[Ep  33700000/50000000] avg_r=  1.314 | h2h= 95.5000 | br= 0.7097 | avg= 0.4472 | fc=0.395 |   2687 ep/s | 231.2m
[Ep  33750000/50000000] avg_r=  1.316 | h2h= 95.5000 | br= 0.7114 | avg= 0.4458 | fc=0.361 |   2694 ep/s | 231.5m
[Ep  33800000/50000000] avg_r=  1.340 | h2h= 95.5000 | br= 0.7112 | avg= 0.4480 | fc=0.369 |   2713 ep/s | 231.8m
[Ep  33850000/50000000] avg_r=  1.264 | h2h= 95.5000 | br= 0.7158 | avg= 0.4494 | fc=0.379 |   2727 ep/s | 232.1m
[Ep  33900000/50000000] avg_r=  1.258 | h2h= 95.5000 | br= 0.7148 | avg= 0.4484 | fc=0.354 |   2687 ep/s | 232.4m
[Ep  33950000/50000000] avg_r=  1.307 | h2h= 95.5000 | br= 0.7128 | avg= 0.4482 | fc=0.408 |   2703 ep/s | 232.7m
[Ep  34000000/50000000] avg_r=  1.339 | h2h= 95.5000 | br= 0.7125 | avg= 0.4482 | fc=0.414 |   2705 ep/s | 233.0m
[Ep  34050000/50000000] avg_r=  1.272 | h2h= 95.5000 | br= 0.7111 | avg= 0.4470 | fc=0.367 |   2739 ep/s | 233.3m
[Ep  34100000/50000000] avg_r=  1.307 | h2h= 95.5000 | br= 0.7139 | avg= 0.4483 | fc=0.395 |   2717 ep/s | 233.6m
[Ep  34150000/50000000] avg_r=  1.285 | h2h= 95.5000 | br= 0.7141 | avg= 0.4475 | fc=0.379 |   2727 ep/s | 233.9m
[Ep  34200000/50000000] avg_r=  1.292 | h2h= 95.5000 | br= 0.7113 | avg= 0.4470 | fc=0.391 |   2689 ep/s | 234.2m
[Ep  34250000/50000000] avg_r=  1.287 | h2h= 95.5000 | br= 0.7141 | avg= 0.4488 | fc=0.398 |   2721 ep/s | 234.5m
[Ep  34300000/50000000] avg_r=  1.272 | h2h= 95.5000 | br= 0.7112 | avg= 0.4493 | fc=0.387 |   2683 ep/s | 234.9m
[Ep  34350000/50000000] avg_r=  1.303 | h2h= 95.5000 | br= 0.7136 | avg= 0.4489 | fc=0.381 |   2824 ep/s | 235.1m
[Ep  34400000/50000000] avg_r=  1.371 | h2h= 95.5000 | br= 0.7140 | avg= 0.4476 | fc=0.402 |   2797 ep/s | 235.4m
[Ep  34450000/50000000] avg_r=  1.287 | h2h= 95.5000 | br= 0.7113 | avg= 0.4501 | fc=0.359 |   2838 ep/s | 235.7m
[Ep  34500000/50000000] avg_r=  1.289 | h2h= 95.5000 | br= 0.7069 | avg= 0.4490 | fc=0.402 |   2800 ep/s | 236.0m
[Ep  34550000/50000000] avg_r=  1.294 | h2h= 95.5000 | br= 0.7109 | avg= 0.4487 | fc=0.355 |   2787 ep/s | 236.3m
[Ep  34600000/50000000] avg_r=  1.299 | h2h= 95.5000 | br= 0.7119 | avg= 0.4477 | fc=0.412 |   2783 ep/s | 236.6m
[Ep  34650000/50000000] avg_r=  1.288 | h2h= 95.5000 | br= 0.7130 | avg= 0.4474 | fc=0.408 |   2803 ep/s | 236.9m
[Ep  34700000/50000000] avg_r=  1.305 | h2h= 95.5000 | br= 0.7130 | avg= 0.4489 | fc=0.385 |   2814 ep/s | 237.2m
[Ep  34750000/50000000] avg_r=  1.292 | h2h= 95.5000 | br= 0.7134 | avg= 0.4490 | fc=0.371 |   2858 ep/s | 237.5m
[Ep  34800000/50000000] avg_r=  1.283 | h2h= 95.5000 | br= 0.7119 | avg= 0.4496 | fc=0.377 |   2744 ep/s | 237.8m
[Ep  34850000/50000000] avg_r=  1.271 | h2h= 95.5000 | br= 0.7150 | avg= 0.4499 | fc=0.387 |   2745 ep/s | 238.1m
[Ep  34900000/50000000] avg_r=  1.276 | h2h= 95.5000 | br= 0.7109 | avg= 0.4474 | fc=0.396 |   2777 ep/s | 238.4m
[Ep  34950000/50000000] avg_r=  1.366 | h2h= 95.5000 | br= 0.7112 | avg= 0.4475 | fc=0.377 |   2907 ep/s | 238.7m
[Ep  35000000/50000000] avg_r=  1.293 | h2h= 95.5000 | br= 0.7126 | avg= 0.4517 | fc=0.400 |   2816 ep/s | 239.0m
[Ep  35050000/50000000] avg_r=  1.293 | h2h= 95.5000 | br= 0.7111 | avg= 0.4496 | fc=0.365 |   2746 ep/s | 239.3m
[Ep  35100000/50000000] avg_r=  1.341 | h2h= 95.5000 | br= 0.7117 | avg= 0.4501 | fc=0.424 |   2764 ep/s | 239.6m
[Ep  35150000/50000000] avg_r=  1.285 | h2h= 95.5000 | br= 0.7103 | avg= 0.4475 | fc=0.385 |   2810 ep/s | 239.9m
[Ep  35200000/50000000] avg_r=  1.251 | h2h= 95.5000 | br= 0.7109 | avg= 0.4490 | fc=0.389 |   2904 ep/s | 240.2m
[Ep  35250000/50000000] avg_r=  1.304 | h2h= 95.5000 | br= 0.7134 | avg= 0.4496 | fc=0.412 |   2795 ep/s | 240.5m
[Ep  35300000/50000000] avg_r=  1.295 | h2h= 95.5000 | br= 0.7135 | avg= 0.4477 | fc=0.402 |   2813 ep/s | 240.8m
[Ep  35350000/50000000] avg_r=  1.302 | h2h= 95.5000 | br= 0.7148 | avg= 0.4478 | fc=0.365 |   2982 ep/s | 241.1m
[Ep  35400000/50000000] avg_r=  1.358 | h2h= 95.5000 | br= 0.7120 | avg= 0.4480 | fc=0.398 |   2753 ep/s | 241.4m
[Ep  35450000/50000000] avg_r=  1.318 | h2h= 95.5000 | br= 0.7121 | avg= 0.4491 | fc=0.412 |   2754 ep/s | 241.7m
[Ep  35500000/50000000] avg_r=  1.266 | h2h= 95.5000 | br= 0.7125 | avg= 0.4490 | fc=0.398 |   2698 ep/s | 242.0m
[Ep  35550000/50000000] avg_r=  1.296 | h2h= 95.5000 | br= 0.7124 | avg= 0.4500 | fc=0.383 |   2745 ep/s | 242.3m
[Ep  35600000/50000000] avg_r=  1.284 | h2h= 95.5000 | br= 0.7147 | avg= 0.4487 | fc=0.387 |   2796 ep/s | 242.6m
[Ep  35650000/50000000] avg_r=  1.300 | h2h= 95.5000 | br= 0.7144 | avg= 0.4503 | fc=0.359 |   2738 ep/s | 242.9m
[Ep  35700000/50000000] avg_r=  1.314 | h2h= 95.5000 | br= 0.7142 | avg= 0.4484 | fc=0.393 |   2833 ep/s | 243.2m
[Ep  35750000/50000000] avg_r=  1.328 | h2h= 95.5000 | br= 0.7131 | avg= 0.4485 | fc=0.350 |   2725 ep/s | 243.5m
[Ep  35800000/50000000] avg_r=  1.324 | h2h= 95.5000 | br= 0.7148 | avg= 0.4488 | fc=0.385 |   2828 ep/s | 243.8m
[Ep  35850000/50000000] avg_r=  1.241 | h2h= 95.5000 | br= 0.7156 | avg= 0.4485 | fc=0.363 |   2766 ep/s | 244.1m
[Ep  35900000/50000000] avg_r=  1.313 | h2h= 95.5000 | br= 0.7126 | avg= 0.4502 | fc=0.410 |   2753 ep/s | 244.4m
[Ep  35950000/50000000] avg_r=  1.300 | h2h= 95.5000 | br= 0.7126 | avg= 0.4481 | fc=0.367 |   2786 ep/s | 244.7m
[Ep  36000000/50000000] avg_r=  1.285 | h2h= 95.5000 | br= 0.7103 | avg= 0.4496 | fc=0.383 |   2773 ep/s | 245.0m
[Ep  36050000/50000000] avg_r=  1.329 | h2h= 95.5000 | br= 0.7114 | avg= 0.4476 | fc=0.326 |   2859 ep/s | 245.3m
[Ep  36100000/50000000] avg_r=  1.301 | h2h= 95.5000 | br= 0.7103 | avg= 0.4492 | fc=0.389 |   2749 ep/s | 245.6m
[Ep  36150000/50000000] avg_r=  1.300 | h2h= 95.5000 | br= 0.7112 | avg= 0.4494 | fc=0.361 |   2800 ep/s | 245.9m
[Ep  36200000/50000000] avg_r=  1.271 | h2h= 95.5000 | br= 0.7110 | avg= 0.4488 | fc=0.377 |   2763 ep/s | 246.2m
[Ep  36250000/50000000] avg_r=  1.278 | h2h= 95.5000 | br= 0.7129 | avg= 0.4485 | fc=0.381 |   2810 ep/s | 246.5m
[Ep  36300000/50000000] avg_r=  1.299 | h2h= 95.5000 | br= 0.7098 | avg= 0.4481 | fc=0.385 |   2792 ep/s | 246.8m
[Ep  36350000/50000000] avg_r=  1.284 | h2h= 95.5000 | br= 0.7107 | avg= 0.4497 | fc=0.387 |   2842 ep/s | 247.1m
[Ep  36400000/50000000] avg_r=  1.253 | h2h= 95.5000 | br= 0.7088 | avg= 0.4493 | fc=0.365 |   2742 ep/s | 247.4m
[Ep  36450000/50000000] avg_r=  1.289 | h2h= 95.5000 | br= 0.7119 | avg= 0.4495 | fc=0.393 |   2731 ep/s | 247.7m
[Ep  36500000/50000000] avg_r=  1.299 | h2h= 95.5000 | br= 0.7128 | avg= 0.4490 | fc=0.391 |   2699 ep/s | 248.0m
[Ep  36550000/50000000] avg_r=  1.302 | h2h= 95.5000 | br= 0.7098 | avg= 0.4495 | fc=0.367 |   2768 ep/s | 248.3m
[Ep  36600000/50000000] avg_r=  1.274 | h2h= 95.5000 | br= 0.7110 | avg= 0.4484 | fc=0.371 |   2741 ep/s | 248.6m
[Ep  36650000/50000000] avg_r=  1.297 | h2h= 95.5000 | br= 0.7124 | avg= 0.4483 | fc=0.367 |   2782 ep/s | 248.9m
[Ep  36700000/50000000] avg_r=  1.266 | h2h= 95.5000 | br= 0.7156 | avg= 0.4473 | fc=0.404 |   2783 ep/s | 249.2m
[Ep  36750000/50000000] avg_r=  1.277 | h2h= 95.5000 | br= 0.7152 | avg= 0.4490 | fc=0.414 |   2770 ep/s | 249.5m
[Ep  36800000/50000000] avg_r=  1.288 | h2h= 95.5000 | br= 0.7197 | avg= 0.4483 | fc=0.383 |   2798 ep/s | 249.8m
[Ep  36850000/50000000] avg_r=  1.315 | h2h= 95.5000 | br= 0.7152 | avg= 0.4502 | fc=0.391 |   2762 ep/s | 250.1m
[Ep  36900000/50000000] avg_r=  1.290 | h2h= 95.5000 | br= 0.7117 | avg= 0.4497 | fc=0.396 |   2796 ep/s | 250.4m
[Ep  36950000/50000000] avg_r=  1.304 | h2h= 95.5000 | br= 0.7148 | avg= 0.4472 | fc=0.412 |   2757 ep/s | 250.7m
[Ep  37000000/50000000] avg_r=  1.262 | h2h= 95.5000 | br= 0.7122 | avg= 0.4510 | fc=0.426 |   2846 ep/s | 251.0m
[Ep  37050000/50000000] avg_r=  1.274 | h2h= 95.5000 | br= 0.7125 | avg= 0.4486 | fc=0.426 |   2859 ep/s | 251.3m
[Ep  37100000/50000000] avg_r=  1.281 | h2h= 95.5000 | br= 0.7151 | avg= 0.4485 | fc=0.340 |   2733 ep/s | 251.6m
[Ep  37150000/50000000] avg_r=  1.272 | h2h= 95.5000 | br= 0.7123 | avg= 0.4488 | fc=0.381 |   2809 ep/s | 251.9m
[Ep  37200000/50000000] avg_r=  1.250 | h2h= 95.5000 | br= 0.7141 | avg= 0.4494 | fc=0.391 |   2727 ep/s | 252.2m
[Ep  37250000/50000000] avg_r=  1.268 | h2h= 95.5000 | br= 0.7102 | avg= 0.4492 | fc=0.393 |   2831 ep/s | 252.5m
[Ep  37300000/50000000] avg_r=  1.278 | h2h= 95.5000 | br= 0.7118 | avg= 0.4495 | fc=0.375 |   2974 ep/s | 252.8m
[Ep  37350000/50000000] avg_r=  1.287 | h2h= 95.5000 | br= 0.7104 | avg= 0.4482 | fc=0.393 |   2840 ep/s | 253.1m
[Ep  37400000/50000000] avg_r=  1.333 | h2h= 95.5000 | br= 0.7090 | avg= 0.4498 | fc=0.389 |   3049 ep/s | 253.3m
[Ep  37450000/50000000] avg_r=  1.308 | h2h= 95.5000 | br= 0.7105 | avg= 0.4490 | fc=0.404 |   2881 ep/s | 253.6m
[Ep  37500000/50000000] avg_r=  1.250 | h2h= 95.5000 | br= 0.7097 | avg= 0.4494 | fc=0.375 |   2967 ep/s | 253.9m
[Ep  37550000/50000000] avg_r=  1.271 | h2h= 95.5000 | br= 0.7119 | avg= 0.4502 | fc=0.354 |   2727 ep/s | 254.2m
[Ep  37600000/50000000] avg_r=  1.297 | h2h= 95.5000 | br= 0.7117 | avg= 0.4505 | fc=0.371 |   2829 ep/s | 254.5m
[Ep  37650000/50000000] avg_r=  1.292 | h2h= 95.5000 | br= 0.7103 | avg= 0.4486 | fc=0.389 |   2770 ep/s | 254.8m
[Ep  37700000/50000000] avg_r=  1.308 | h2h= 95.5000 | br= 0.7077 | avg= 0.4481 | fc=0.354 |   2778 ep/s | 255.1m
[Ep  37750000/50000000] avg_r=  1.280 | h2h= 95.5000 | br= 0.7115 | avg= 0.4504 | fc=0.387 |   2750 ep/s | 255.4m
[Ep  37800000/50000000] avg_r=  1.307 | h2h= 95.5000 | br= 0.7126 | avg= 0.4501 | fc=0.393 |   2830 ep/s | 255.7m
[Ep  37850000/50000000] avg_r=  1.256 | h2h= 95.5000 | br= 0.7135 | avg= 0.4470 | fc=0.375 |   2811 ep/s | 256.0m
[Ep  37900000/50000000] avg_r=  1.262 | h2h= 95.5000 | br= 0.7134 | avg= 0.4484 | fc=0.385 |   2766 ep/s | 256.3m
[Ep  37950000/50000000] avg_r=  1.315 | h2h= 95.5000 | br= 0.7125 | avg= 0.4491 | fc=0.371 |   2814 ep/s | 256.6m
[Ep  38000000/50000000] avg_r=  1.311 | h2h= 95.5000 | br= 0.7083 | avg= 0.4507 | fc=0.395 |   2770 ep/s | 256.9m
[Ep  38050000/50000000] avg_r=  1.292 | h2h= 95.5000 | br= 0.7133 | avg= 0.4497 | fc=0.346 |   2783 ep/s | 257.2m
[Ep  38100000/50000000] avg_r=  1.303 | h2h= 95.5000 | br= 0.7127 | avg= 0.4515 | fc=0.357 |   2795 ep/s | 257.5m
[Ep  38150000/50000000] avg_r=  1.276 | h2h= 95.5000 | br= 0.7108 | avg= 0.4497 | fc=0.369 |   2713 ep/s | 257.8m
[Ep  38200000/50000000] avg_r=  1.295 | h2h= 95.5000 | br= 0.7146 | avg= 0.4482 | fc=0.371 |   2716 ep/s | 258.1m
[Ep  38250000/50000000] avg_r=  1.300 | h2h= 95.5000 | br= 0.7128 | avg= 0.4488 | fc=0.396 |   2829 ep/s | 258.4m
[Ep  38300000/50000000] avg_r=  1.293 | h2h= 95.5000 | br= 0.7139 | avg= 0.4491 | fc=0.381 |   2788 ep/s | 258.7m
[Ep  38350000/50000000] avg_r=  1.288 | h2h= 95.5000 | br= 0.7104 | avg= 0.4487 | fc=0.400 |   2821 ep/s | 259.0m
[Ep  38400000/50000000] avg_r=  1.263 | h2h= 95.5000 | br= 0.7093 | avg= 0.4501 | fc=0.432 |   2769 ep/s | 259.3m
[Ep  38450000/50000000] avg_r=  1.284 | h2h= 95.5000 | br= 0.7092 | avg= 0.4501 | fc=0.365 |   2834 ep/s | 259.6m
[Ep  38500000/50000000] avg_r=  1.311 | h2h= 95.5000 | br= 0.7139 | avg= 0.4470 | fc=0.371 |   2772 ep/s | 259.9m
[Ep  38550000/50000000] avg_r=  1.296 | h2h= 95.5000 | br= 0.7121 | avg= 0.4490 | fc=0.402 |   2828 ep/s | 260.2m
[Ep  38600000/50000000] avg_r=  1.278 | h2h= 95.5000 | br= 0.7090 | avg= 0.4486 | fc=0.363 |   2795 ep/s | 260.5m
[Ep  38650000/50000000] avg_r=  1.267 | h2h= 95.5000 | br= 0.7087 | avg= 0.4493 | fc=0.375 |   2711 ep/s | 260.8m
[Ep  38700000/50000000] avg_r=  1.319 | h2h= 95.5000 | br= 0.7110 | avg= 0.4491 | fc=0.346 |   2769 ep/s | 261.1m
[Ep  38750000/50000000] avg_r=  1.318 | h2h= 95.5000 | br= 0.7109 | avg= 0.4492 | fc=0.383 |   2803 ep/s | 261.4m
[Ep  38800000/50000000] avg_r=  1.304 | h2h= 95.5000 | br= 0.7126 | avg= 0.4491 | fc=0.389 |   2825 ep/s | 261.7m
[Ep  38850000/50000000] avg_r=  1.327 | h2h= 95.5000 | br= 0.7132 | avg= 0.4494 | fc=0.379 |   2773 ep/s | 262.0m
[Ep  38900000/50000000] avg_r=  1.295 | h2h= 95.5000 | br= 0.7102 | avg= 0.4505 | fc=0.400 |   2744 ep/s | 262.3m
[Ep  38950000/50000000] avg_r=  1.335 | h2h= 95.5000 | br= 0.7097 | avg= 0.4479 | fc=0.365 |   2777 ep/s | 262.6m
[Ep  39000000/50000000] avg_r=  1.331 | h2h= 95.5000 | br= 0.7113 | avg= 0.4493 | fc=0.373 |   2801 ep/s | 262.9m
[Ep  39050000/50000000] avg_r=  1.283 | h2h= 95.5000 | br= 0.7092 | avg= 0.4483 | fc=0.377 |   2881 ep/s | 263.2m
[Ep  39100000/50000000] avg_r=  1.268 | h2h= 95.5000 | br= 0.7111 | avg= 0.4489 | fc=0.400 |   2784 ep/s | 263.5m
[Ep  39150000/50000000] avg_r=  1.289 | h2h= 95.5000 | br= 0.7100 | avg= 0.4473 | fc=0.371 |   2711 ep/s | 263.8m
[Ep  39200000/50000000] avg_r=  1.276 | h2h= 95.5000 | br= 0.7113 | avg= 0.4493 | fc=0.404 |   2765 ep/s | 264.1m
[Ep  39250000/50000000] avg_r=  1.311 | h2h= 95.5000 | br= 0.7111 | avg= 0.4480 | fc=0.385 |   2795 ep/s | 264.4m
[Ep  39300000/50000000] avg_r=  1.278 | h2h= 95.5000 | br= 0.7141 | avg= 0.4501 | fc=0.365 |   2721 ep/s | 264.7m
[Ep  39350000/50000000] avg_r=  1.314 | h2h= 95.5000 | br= 0.7120 | avg= 0.4498 | fc=0.418 |   2743 ep/s | 265.0m
[Ep  39400000/50000000] avg_r=  1.281 | h2h= 95.5000 | br= 0.7102 | avg= 0.4493 | fc=0.373 |   2753 ep/s | 265.3m
[Ep  39450000/50000000] avg_r=  1.292 | h2h= 95.5000 | br= 0.7096 | avg= 0.4477 | fc=0.357 |   2817 ep/s | 265.6m
[Ep  39500000/50000000] avg_r=  1.338 | h2h= 95.5000 | br= 0.7103 | avg= 0.4494 | fc=0.361 |   2740 ep/s | 265.9m
[Ep  39550000/50000000] avg_r=  1.334 | h2h= 95.5000 | br= 0.7113 | avg= 0.4485 | fc=0.400 |   2816 ep/s | 266.2m
[Ep  39600000/50000000] avg_r=  1.292 | h2h= 95.5000 | br= 0.7118 | avg= 0.4478 | fc=0.350 |   2784 ep/s | 266.5m
[Ep  39650000/50000000] avg_r=  1.295 | h2h= 95.5000 | br= 0.7132 | avg= 0.4489 | fc=0.410 |   2737 ep/s | 266.8m
[Ep  39700000/50000000] avg_r=  1.295 | h2h= 95.5000 | br= 0.7143 | avg= 0.4473 | fc=0.344 |   2746 ep/s | 267.1m
[Ep  39750000/50000000] avg_r=  1.273 | h2h= 95.5000 | br= 0.7115 | avg= 0.4489 | fc=0.406 |   2788 ep/s | 267.4m
[Ep  39800000/50000000] avg_r=  1.277 | h2h= 95.5000 | br= 0.7132 | avg= 0.4479 | fc=0.348 |   2747 ep/s | 267.7m
[Ep  39850000/50000000] avg_r=  1.281 | h2h= 95.5000 | br= 0.7139 | avg= 0.4500 | fc=0.367 |   2850 ep/s | 268.0m
[Ep  39900000/50000000] avg_r=  1.310 | h2h= 95.5000 | br= 0.7138 | avg= 0.4477 | fc=0.398 |   2773 ep/s | 268.3m
[Ep  39950000/50000000] avg_r=  1.292 | h2h= 95.5000 | br= 0.7159 | avg= 0.4496 | fc=0.404 |   2806 ep/s | 268.6m
[Ep  40000000/50000000] avg_r=  1.300 | h2h= 95.5000 | br= 0.7122 | avg= 0.4473 | fc=0.391 |   2788 ep/s | 268.9m
[H2H] ep=40000000 | avg_reward=106.0000 over 1000 games
  >>> H2H WINRATE @ ep 40000000: 106.0000
  [CHECKPOINT] saved at ep 40000000
[Ep  40050000/50000000] avg_r=  1.305 | h2h=106.0000 | br= 0.7074 | avg= 0.4496 | fc=0.344 |    348 ep/s | 271.3m
[snapshot] ep=40000000 -> /home/anthonyn/cos435/cpp-implementation/snapshots/holdem_64x64_mv_train_std_10/ep40000000
[Ep  40100000/50000000] avg_r=  1.323 | h2h=106.0000 | br= 0.7090 | avg= 0.4487 | fc=0.379 |   2831 ep/s | 271.6m
[Ep  40150000/50000000] avg_r=  1.289 | h2h=106.0000 | br= 0.7103 | avg= 0.4483 | fc=0.400 |   2803 ep/s | 271.9m
[Ep  40200000/50000000] avg_r=  1.282 | h2h=106.0000 | br= 0.7112 | avg= 0.4492 | fc=0.381 |   2777 ep/s | 272.2m
[Ep  40250000/50000000] avg_r=  1.295 | h2h=106.0000 | br= 0.7146 | avg= 0.4484 | fc=0.375 |   2756 ep/s | 272.5m
[Ep  40300000/50000000] avg_r=  1.281 | h2h=106.0000 | br= 0.7125 | avg= 0.4490 | fc=0.361 |   2718 ep/s | 272.8m
[Ep  40350000/50000000] avg_r=  1.306 | h2h=106.0000 | br= 0.7098 | avg= 0.4474 | fc=0.402 |   2723 ep/s | 273.1m
[Ep  40400000/50000000] avg_r=  1.311 | h2h=106.0000 | br= 0.7108 | avg= 0.4490 | fc=0.402 |   2774 ep/s | 273.4m
[Ep  40450000/50000000] avg_r=  1.248 | h2h=106.0000 | br= 0.7142 | avg= 0.4474 | fc=0.383 |   2806 ep/s | 273.7m
[Ep  40500000/50000000] avg_r=  1.302 | h2h=106.0000 | br= 0.7155 | avg= 0.4480 | fc=0.387 |   2751 ep/s | 274.0m
[Ep  40550000/50000000] avg_r=  1.336 | h2h=106.0000 | br= 0.7118 | avg= 0.4480 | fc=0.367 |   2780 ep/s | 274.3m
[Ep  40600000/50000000] avg_r=  1.246 | h2h=106.0000 | br= 0.7103 | avg= 0.4479 | fc=0.369 |   2783 ep/s | 274.6m
[Ep  40650000/50000000] avg_r=  1.299 | h2h=106.0000 | br= 0.7136 | avg= 0.4480 | fc=0.402 |   2744 ep/s | 274.9m
[Ep  40700000/50000000] avg_r=  1.272 | h2h=106.0000 | br= 0.7151 | avg= 0.4482 | fc=0.348 |   2770 ep/s | 275.2m
[Ep  40750000/50000000] avg_r=  1.262 | h2h=106.0000 | br= 0.7130 | avg= 0.4479 | fc=0.367 |   2716 ep/s | 275.5m
[Ep  40800000/50000000] avg_r=  1.319 | h2h=106.0000 | br= 0.7154 | avg= 0.4486 | fc=0.395 |   2821 ep/s | 275.8m
[Ep  40850000/50000000] avg_r=  1.291 | h2h=106.0000 | br= 0.7112 | avg= 0.4499 | fc=0.379 |   2751 ep/s | 276.1m
[Ep  40900000/50000000] avg_r=  1.271 | h2h=106.0000 | br= 0.7110 | avg= 0.4497 | fc=0.389 |   2855 ep/s | 276.4m
[Ep  40950000/50000000] avg_r=  1.292 | h2h=106.0000 | br= 0.7131 | avg= 0.4477 | fc=0.385 |   2806 ep/s | 276.7m
[Ep  41000000/50000000] avg_r=  1.345 | h2h=106.0000 | br= 0.7126 | avg= 0.4482 | fc=0.354 |   2808 ep/s | 277.0m
[Ep  41050000/50000000] avg_r=  1.302 | h2h=106.0000 | br= 0.7128 | avg= 0.4478 | fc=0.371 |   2805 ep/s | 277.3m
[Ep  41100000/50000000] avg_r=  1.328 | h2h=106.0000 | br= 0.7130 | avg= 0.4458 | fc=0.406 |   2782 ep/s | 277.6m
[Ep  41150000/50000000] avg_r=  1.289 | h2h=106.0000 | br= 0.7120 | avg= 0.4478 | fc=0.379 |   2752 ep/s | 277.9m
[Ep  41200000/50000000] avg_r=  1.270 | h2h=106.0000 | br= 0.7105 | avg= 0.4477 | fc=0.385 |   2733 ep/s | 278.2m
[Ep  41250000/50000000] avg_r=  1.280 | h2h=106.0000 | br= 0.7102 | avg= 0.4472 | fc=0.361 |   2845 ep/s | 278.5m
[Ep  41300000/50000000] avg_r=  1.299 | h2h=106.0000 | br= 0.7121 | avg= 0.4469 | fc=0.387 |   2722 ep/s | 278.8m
[Ep  41350000/50000000] avg_r=  1.321 | h2h=106.0000 | br= 0.7113 | avg= 0.4475 | fc=0.357 |   2776 ep/s | 279.1m
[Ep  41400000/50000000] avg_r=  1.270 | h2h=106.0000 | br= 0.7108 | avg= 0.4464 | fc=0.379 |   2751 ep/s | 279.4m
[Ep  41450000/50000000] avg_r=  1.288 | h2h=106.0000 | br= 0.7079 | avg= 0.4496 | fc=0.387 |   2791 ep/s | 279.7m
[Ep  41500000/50000000] avg_r=  1.331 | h2h=106.0000 | br= 0.7080 | avg= 0.4485 | fc=0.363 |   2696 ep/s | 280.0m
[Ep  41550000/50000000] avg_r=  1.294 | h2h=106.0000 | br= 0.7087 | avg= 0.4469 | fc=0.379 |   2776 ep/s | 280.3m
[Ep  41600000/50000000] avg_r=  1.293 | h2h=106.0000 | br= 0.7121 | avg= 0.4472 | fc=0.361 |   2845 ep/s | 280.6m
[Ep  41650000/50000000] avg_r=  1.337 | h2h=106.0000 | br= 0.7090 | avg= 0.4474 | fc=0.379 |   2763 ep/s | 280.9m
[Ep  41700000/50000000] avg_r=  1.287 | h2h=106.0000 | br= 0.7128 | avg= 0.4467 | fc=0.367 |   2779 ep/s | 281.2m
[Ep  41750000/50000000] avg_r=  1.329 | h2h=106.0000 | br= 0.7138 | avg= 0.4470 | fc=0.367 |   2781 ep/s | 281.5m
[Ep  41800000/50000000] avg_r=  1.291 | h2h=106.0000 | br= 0.7098 | avg= 0.4467 | fc=0.387 |   2770 ep/s | 281.8m
[Ep  41850000/50000000] avg_r=  1.278 | h2h=106.0000 | br= 0.7101 | avg= 0.4460 | fc=0.371 |   2787 ep/s | 282.1m
[Ep  41900000/50000000] avg_r=  1.300 | h2h=106.0000 | br= 0.7101 | avg= 0.4474 | fc=0.377 |   2727 ep/s | 282.4m
[Ep  41950000/50000000] avg_r=  1.297 | h2h=106.0000 | br= 0.7110 | avg= 0.4462 | fc=0.389 |   2718 ep/s | 282.7m
[Ep  42000000/50000000] avg_r=  1.293 | h2h=106.0000 | br= 0.7118 | avg= 0.4468 | fc=0.361 |   2744 ep/s | 283.0m
[Ep  42050000/50000000] avg_r=  1.275 | h2h=106.0000 | br= 0.7102 | avg= 0.4464 | fc=0.391 |   2822 ep/s | 283.3m
[Ep  42100000/50000000] avg_r=  1.301 | h2h=106.0000 | br= 0.7085 | avg= 0.4473 | fc=0.396 |   2811 ep/s | 283.6m
[Ep  42150000/50000000] avg_r=  1.294 | h2h=106.0000 | br= 0.7100 | avg= 0.4457 | fc=0.391 |   2744 ep/s | 283.9m
[Ep  42200000/50000000] avg_r=  1.291 | h2h=106.0000 | br= 0.7112 | avg= 0.4480 | fc=0.396 |   2733 ep/s | 284.2m
[Ep  42250000/50000000] avg_r=  1.289 | h2h=106.0000 | br= 0.7140 | avg= 0.4474 | fc=0.381 |   2769 ep/s | 284.5m
[Ep  42300000/50000000] avg_r=  1.236 | h2h=106.0000 | br= 0.7120 | avg= 0.4466 | fc=0.383 |   2814 ep/s | 284.8m
[Ep  42350000/50000000] avg_r=  1.291 | h2h=106.0000 | br= 0.7162 | avg= 0.4469 | fc=0.373 |   2820 ep/s | 285.1m
[Ep  42400000/50000000] avg_r=  1.305 | h2h=106.0000 | br= 0.7142 | avg= 0.4436 | fc=0.379 |   2777 ep/s | 285.4m
[Ep  42450000/50000000] avg_r=  1.339 | h2h=106.0000 | br= 0.7134 | avg= 0.4474 | fc=0.365 |   2749 ep/s | 285.7m
[Ep  42500000/50000000] avg_r=  1.320 | h2h=106.0000 | br= 0.7142 | avg= 0.4472 | fc=0.377 |   2701 ep/s | 286.0m
[Ep  42550000/50000000] avg_r=  1.284 | h2h=106.0000 | br= 0.7106 | avg= 0.4475 | fc=0.412 |   2716 ep/s | 286.3m
[Ep  42600000/50000000] avg_r=  1.265 | h2h=106.0000 | br= 0.7116 | avg= 0.4457 | fc=0.367 |   2767 ep/s | 286.6m
[Ep  42650000/50000000] avg_r=  1.297 | h2h=106.0000 | br= 0.7127 | avg= 0.4470 | fc=0.430 |   2760 ep/s | 286.9m
[Ep  42700000/50000000] avg_r=  1.279 | h2h=106.0000 | br= 0.7118 | avg= 0.4478 | fc=0.371 |   2777 ep/s | 287.2m
[Ep  42750000/50000000] avg_r=  1.269 | h2h=106.0000 | br= 0.7110 | avg= 0.4461 | fc=0.408 |   2757 ep/s | 287.5m
[Ep  42800000/50000000] avg_r=  1.238 | h2h=106.0000 | br= 0.7117 | avg= 0.4455 | fc=0.338 |   2778 ep/s | 287.8m
[Ep  42850000/50000000] avg_r=  1.284 | h2h=106.0000 | br= 0.7122 | avg= 0.4458 | fc=0.430 |   2732 ep/s | 288.1m
[Ep  42900000/50000000] avg_r=  1.300 | h2h=106.0000 | br= 0.7122 | avg= 0.4463 | fc=0.398 |   2721 ep/s | 288.4m
[Ep  42950000/50000000] avg_r=  1.298 | h2h=106.0000 | br= 0.7152 | avg= 0.4463 | fc=0.379 |   2761 ep/s | 288.7m
[Ep  43000000/50000000] avg_r=  1.293 | h2h=106.0000 | br= 0.7125 | avg= 0.4460 | fc=0.375 |   2796 ep/s | 289.0m
[Ep  43050000/50000000] avg_r=  1.305 | h2h=106.0000 | br= 0.7128 | avg= 0.4459 | fc=0.402 |   2825 ep/s | 289.3m
[Ep  43100000/50000000] avg_r=  1.304 | h2h=106.0000 | br= 0.7131 | avg= 0.4447 | fc=0.396 |   2780 ep/s | 289.6m
[Ep  43150000/50000000] avg_r=  1.294 | h2h=106.0000 | br= 0.7114 | avg= 0.4462 | fc=0.354 |   2813 ep/s | 289.9m
[Ep  43200000/50000000] avg_r=  1.288 | h2h=106.0000 | br= 0.7129 | avg= 0.4461 | fc=0.391 |   2762 ep/s | 290.2m
[Ep  43250000/50000000] avg_r=  1.263 | h2h=106.0000 | br= 0.7124 | avg= 0.4447 | fc=0.361 |   2705 ep/s | 290.5m
[Ep  43300000/50000000] avg_r=  1.268 | h2h=106.0000 | br= 0.7121 | avg= 0.4439 | fc=0.346 |   2781 ep/s | 290.8m
[Ep  43350000/50000000] avg_r=  1.306 | h2h=106.0000 | br= 0.7104 | avg= 0.4465 | fc=0.389 |   2775 ep/s | 291.1m
[Ep  43400000/50000000] avg_r=  1.253 | h2h=106.0000 | br= 0.7112 | avg= 0.4454 | fc=0.363 |   2742 ep/s | 291.4m
[Ep  43450000/50000000] avg_r=  1.288 | h2h=106.0000 | br= 0.7099 | avg= 0.4449 | fc=0.391 |   2749 ep/s | 291.7m
[Ep  43500000/50000000] avg_r=  1.332 | h2h=106.0000 | br= 0.7124 | avg= 0.4463 | fc=0.396 |   2817 ep/s | 292.0m
[Ep  43550000/50000000] avg_r=  1.308 | h2h=106.0000 | br= 0.7101 | avg= 0.4435 | fc=0.359 |   2787 ep/s | 292.3m
[Ep  43600000/50000000] avg_r=  1.237 | h2h=106.0000 | br= 0.7096 | avg= 0.4448 | fc=0.379 |   2798 ep/s | 292.6m
[Ep  43650000/50000000] avg_r=  1.288 | h2h=106.0000 | br= 0.7117 | avg= 0.4445 | fc=0.396 |   2829 ep/s | 292.9m
[Ep  43700000/50000000] avg_r=  1.338 | h2h=106.0000 | br= 0.7100 | avg= 0.4443 | fc=0.379 |   2945 ep/s | 293.2m
[Ep  43750000/50000000] avg_r=  1.283 | h2h=106.0000 | br= 0.7101 | avg= 0.4444 | fc=0.416 |   2839 ep/s | 293.5m
[Ep  43800000/50000000] avg_r=  1.249 | h2h=106.0000 | br= 0.7095 | avg= 0.4447 | fc=0.363 |   2890 ep/s | 293.8m
[Ep  43850000/50000000] avg_r=  1.261 | h2h=106.0000 | br= 0.7113 | avg= 0.4452 | fc=0.385 |   2877 ep/s | 294.1m
[Ep  43900000/50000000] avg_r=  1.332 | h2h=106.0000 | br= 0.7133 | avg= 0.4459 | fc=0.355 |   2931 ep/s | 294.4m
[Ep  43950000/50000000] avg_r=  1.318 | h2h=106.0000 | br= 0.7130 | avg= 0.4438 | fc=0.389 |   2989 ep/s | 294.6m
[Ep  44000000/50000000] avg_r=  1.270 | h2h=106.0000 | br= 0.7133 | avg= 0.4437 | fc=0.408 |   3038 ep/s | 294.9m
[Ep  44050000/50000000] avg_r=  1.294 | h2h=106.0000 | br= 0.7107 | avg= 0.4447 | fc=0.422 |   3090 ep/s | 295.2m
[Ep  44100000/50000000] avg_r=  1.270 | h2h=106.0000 | br= 0.7134 | avg= 0.4430 | fc=0.367 |   3028 ep/s | 295.5m
[Ep  44150000/50000000] avg_r=  1.281 | h2h=106.0000 | br= 0.7121 | avg= 0.4461 | fc=0.367 |   3068 ep/s | 295.7m
[Ep  44200000/50000000] avg_r=  1.298 | h2h=106.0000 | br= 0.7115 | avg= 0.4451 | fc=0.385 |   3110 ep/s | 296.0m
[Ep  44250000/50000000] avg_r=  1.283 | h2h=106.0000 | br= 0.7116 | avg= 0.4434 | fc=0.383 |   3073 ep/s | 296.3m
[Ep  44300000/50000000] avg_r=  1.305 | h2h=106.0000 | br= 0.7119 | avg= 0.4453 | fc=0.396 |   3097 ep/s | 296.5m
[Ep  44350000/50000000] avg_r=  1.299 | h2h=106.0000 | br= 0.7119 | avg= 0.4446 | fc=0.402 |   3207 ep/s | 296.8m
[Ep  44400000/50000000] avg_r=  1.297 | h2h=106.0000 | br= 0.7106 | avg= 0.4442 | fc=0.375 |   3324 ep/s | 297.1m
[Ep  44450000/50000000] avg_r=  1.305 | h2h=106.0000 | br= 0.7126 | avg= 0.4438 | fc=0.389 |   3263 ep/s | 297.3m
[Ep  44500000/50000000] avg_r=  1.314 | h2h=106.0000 | br= 0.7114 | avg= 0.4473 | fc=0.424 |   3308 ep/s | 297.6m
[Ep  44550000/50000000] avg_r=  1.268 | h2h=106.0000 | br= 0.7106 | avg= 0.4435 | fc=0.379 |   3199 ep/s | 297.8m
[Ep  44600000/50000000] avg_r=  1.283 | h2h=106.0000 | br= 0.7118 | avg= 0.4451 | fc=0.387 |   3083 ep/s | 298.1m
[Ep  44650000/50000000] avg_r=  1.266 | h2h=106.0000 | br= 0.7119 | avg= 0.4458 | fc=0.350 |   3086 ep/s | 298.4m
[Ep  44700000/50000000] avg_r=  1.324 | h2h=106.0000 | br= 0.7112 | avg= 0.4442 | fc=0.369 |   3289 ep/s | 298.6m
[Ep  44750000/50000000] avg_r=  1.240 | h2h=106.0000 | br= 0.7127 | avg= 0.4431 | fc=0.393 |   3219 ep/s | 298.9m
[Ep  44800000/50000000] avg_r=  1.319 | h2h=106.0000 | br= 0.7117 | avg= 0.4467 | fc=0.398 |   2938 ep/s | 299.2m
[Ep  44850000/50000000] avg_r=  1.306 | h2h=106.0000 | br= 0.7082 | avg= 0.4492 | fc=0.344 |   2976 ep/s | 299.4m
[Ep  44900000/50000000] avg_r=  1.299 | h2h=106.0000 | br= 0.7079 | avg= 0.4493 | fc=0.422 |   2948 ep/s | 299.7m
[Ep  44950000/50000000] avg_r=  1.327 | h2h=106.0000 | br= 0.7092 | avg= 0.4469 | fc=0.379 |   2975 ep/s | 300.0m
[Ep  45000000/50000000] avg_r=  1.280 | h2h=106.0000 | br= 0.7084 | avg= 0.4503 | fc=0.387 |   2945 ep/s | 300.3m
[Ep  45050000/50000000] avg_r=  1.282 | h2h=106.0000 | br= 0.7058 | avg= 0.4484 | fc=0.398 |   2891 ep/s | 300.6m
[Ep  45100000/50000000] avg_r=  1.300 | h2h=106.0000 | br= 0.7090 | avg= 0.4481 | fc=0.385 |   2838 ep/s | 300.9m
[Ep  45150000/50000000] avg_r=  1.336 | h2h=106.0000 | br= 0.7099 | avg= 0.4483 | fc=0.359 |   3116 ep/s | 301.1m
[Ep  45200000/50000000] avg_r=  1.284 | h2h=106.0000 | br= 0.7116 | avg= 0.4482 | fc=0.400 |   2912 ep/s | 301.4m
[Ep  45250000/50000000] avg_r=  1.311 | h2h=106.0000 | br= 0.7119 | avg= 0.4492 | fc=0.369 |   2953 ep/s | 301.7m
[Ep  45300000/50000000] avg_r=  1.305 | h2h=106.0000 | br= 0.7118 | avg= 0.4491 | fc=0.373 |   2884 ep/s | 302.0m
[Ep  45350000/50000000] avg_r=  1.298 | h2h=106.0000 | br= 0.7125 | avg= 0.4491 | fc=0.371 |   2924 ep/s | 302.3m
[Ep  45400000/50000000] avg_r=  1.343 | h2h=106.0000 | br= 0.7115 | avg= 0.4488 | fc=0.381 |   2888 ep/s | 302.6m
[Ep  45450000/50000000] avg_r=  1.330 | h2h=106.0000 | br= 0.7120 | avg= 0.4480 | fc=0.379 |   2781 ep/s | 302.9m
[Ep  45500000/50000000] avg_r=  1.300 | h2h=106.0000 | br= 0.7113 | avg= 0.4487 | fc=0.355 |   2890 ep/s | 303.2m
[Ep  45550000/50000000] avg_r=  1.298 | h2h=106.0000 | br= 0.7107 | avg= 0.4499 | fc=0.402 |   2868 ep/s | 303.4m
[Ep  45600000/50000000] avg_r=  1.272 | h2h=106.0000 | br= 0.7127 | avg= 0.4488 | fc=0.381 |   3016 ep/s | 303.7m
[Ep  45650000/50000000] avg_r=  1.268 | h2h=106.0000 | br= 0.7108 | avg= 0.4483 | fc=0.387 |   2882 ep/s | 304.0m
[Ep  45700000/50000000] avg_r=  1.328 | h2h=106.0000 | br= 0.7115 | avg= 0.4485 | fc=0.359 |   2859 ep/s | 304.3m
[Ep  45750000/50000000] avg_r=  1.281 | h2h=106.0000 | br= 0.7107 | avg= 0.4484 | fc=0.373 |   2857 ep/s | 304.6m
[Ep  45800000/50000000] avg_r=  1.316 | h2h=106.0000 | br= 0.7121 | avg= 0.4490 | fc=0.377 |   3017 ep/s | 304.9m
[Ep  45850000/50000000] avg_r=  1.295 | h2h=106.0000 | br= 0.7113 | avg= 0.4477 | fc=0.393 |   2976 ep/s | 305.1m
[Ep  45900000/50000000] avg_r=  1.292 | h2h=106.0000 | br= 0.7110 | avg= 0.4494 | fc=0.354 |   2986 ep/s | 305.4m
[Ep  45950000/50000000] avg_r=  1.325 | h2h=106.0000 | br= 0.7098 | avg= 0.4484 | fc=0.412 |   3205 ep/s | 305.7m
[Ep  46000000/50000000] avg_r=  1.216 | h2h=106.0000 | br= 0.7124 | avg= 0.4469 | fc=0.412 |   3004 ep/s | 306.0m
[Ep  46050000/50000000] avg_r=  1.087 | h2h=106.0000 | br= 0.6889 | avg= 0.4413 | fc=0.422 |   3149 ep/s | 306.2m
[Ep  46100000/50000000] avg_r=  1.050 | h2h=106.0000 | br= 0.6511 | avg= 0.4421 | fc=0.393 |   3282 ep/s | 306.5m
[Ep  46150000/50000000] avg_r=  1.061 | h2h=106.0000 | br= 0.6101 | avg= 0.4433 | fc=0.375 |   3370 ep/s | 306.7m
[Ep  46200000/50000000] avg_r=  1.054 | h2h=106.0000 | br= 0.5742 | avg= 0.4442 | fc=0.424 |   3151 ep/s | 307.0m
[Ep  46250000/50000000] avg_r=  1.093 | h2h=106.0000 | br= 0.5624 | avg= 0.4434 | fc=0.395 |   3841 ep/s | 307.2m
[Ep  46300000/50000000] avg_r=  1.061 | h2h=106.0000 | br= 0.5602 | avg= 0.4455 | fc=0.363 |   3744 ep/s | 307.4m
[Ep  46350000/50000000] avg_r=  1.059 | h2h=106.0000 | br= 0.5623 | avg= 0.4461 | fc=0.393 |   3736 ep/s | 307.7m
[Ep  46400000/50000000] avg_r=  1.041 | h2h=106.0000 | br= 0.5623 | avg= 0.4452 | fc=0.342 |   3864 ep/s | 307.9m
[Ep  46450000/50000000] avg_r=  1.049 | h2h=106.0000 | br= 0.5623 | avg= 0.4454 | fc=0.361 |   3939 ep/s | 308.1m
[Ep  46500000/50000000] avg_r=  1.074 | h2h=106.0000 | br= 0.5589 | avg= 0.4442 | fc=0.385 |   4117 ep/s | 308.3m
[Ep  46550000/50000000] avg_r=  1.037 | h2h=106.0000 | br= 0.5629 | avg= 0.4434 | fc=0.400 |   4026 ep/s | 308.5m
[Ep  46600000/50000000] avg_r=  1.073 | h2h=106.0000 | br= 0.5629 | avg= 0.4449 | fc=0.354 |   4008 ep/s | 308.7m
[Ep  46650000/50000000] avg_r=  1.041 | h2h=106.0000 | br= 0.5622 | avg= 0.4451 | fc=0.385 |   4246 ep/s | 308.9m
[Ep  46700000/50000000] avg_r=  1.061 | h2h=106.0000 | br= 0.5625 | avg= 0.4448 | fc=0.400 |   3907 ep/s | 309.1m
[Ep  46750000/50000000] avg_r=  1.048 | h2h=106.0000 | br= 0.5626 | avg= 0.4465 | fc=0.365 |   4038 ep/s | 309.3m
[Ep  46800000/50000000] avg_r=  1.070 | h2h=106.0000 | br= 0.5628 | avg= 0.4459 | fc=0.365 |   4040 ep/s | 309.5m
[Ep  46850000/50000000] avg_r=  1.040 | h2h=106.0000 | br= 0.5613 | avg= 0.4474 | fc=0.348 |   4128 ep/s | 309.7m
[Ep  46900000/50000000] avg_r=  1.039 | h2h=106.0000 | br= 0.5627 | avg= 0.4467 | fc=0.391 |   4344 ep/s | 309.9m
[Ep  46950000/50000000] avg_r=  1.067 | h2h=106.0000 | br= 0.5624 | avg= 0.4468 | fc=0.391 |   4137 ep/s | 310.1m
[Ep  47000000/50000000] avg_r=  1.070 | h2h=106.0000 | br= 0.5635 | avg= 0.4477 | fc=0.387 |   4219 ep/s | 310.3m
[Ep  47050000/50000000] avg_r=  1.045 | h2h=106.0000 | br= 0.5615 | avg= 0.4480 | fc=0.361 |   3804 ep/s | 310.5m
[Ep  47100000/50000000] avg_r=  1.080 | h2h=106.0000 | br= 0.5590 | avg= 0.4466 | fc=0.375 |   3887 ep/s | 310.8m
[Ep  47150000/50000000] avg_r=  1.061 | h2h=106.0000 | br= 0.5606 | avg= 0.4473 | fc=0.373 |   3844 ep/s | 311.0m
[Ep  47200000/50000000] avg_r=  1.057 | h2h=106.0000 | br= 0.5594 | avg= 0.4453 | fc=0.385 |   4090 ep/s | 311.2m
[Ep  47250000/50000000] avg_r=  1.050 | h2h=106.0000 | br= 0.5577 | avg= 0.4472 | fc=0.373 |   3980 ep/s | 311.4m
[Ep  47300000/50000000] avg_r=  1.052 | h2h=106.0000 | br= 0.5609 | avg= 0.4481 | fc=0.385 |   3997 ep/s | 311.6m
[Ep  47350000/50000000] avg_r=  1.090 | h2h=106.0000 | br= 0.5611 | avg= 0.4466 | fc=0.373 |   4084 ep/s | 311.8m
[Ep  47400000/50000000] avg_r=  1.065 | h2h=106.0000 | br= 0.5617 | avg= 0.4448 | fc=0.363 |   4068 ep/s | 312.0m
[Ep  47450000/50000000] avg_r=  1.052 | h2h=106.0000 | br= 0.5640 | avg= 0.4483 | fc=0.395 |   3897 ep/s | 312.2m
[Ep  47500000/50000000] avg_r=  1.046 | h2h=106.0000 | br= 0.5653 | avg= 0.4467 | fc=0.391 |   3683 ep/s | 312.4m
[Ep  47550000/50000000] avg_r=  1.027 | h2h=106.0000 | br= 0.5638 | avg= 0.4476 | fc=0.383 |   4166 ep/s | 312.6m
[Ep  47600000/50000000] avg_r=  1.070 | h2h=106.0000 | br= 0.5627 | avg= 0.4489 | fc=0.402 |   4123 ep/s | 312.8m
[Ep  47650000/50000000] avg_r=  1.063 | h2h=106.0000 | br= 0.5619 | avg= 0.4470 | fc=0.379 |   3971 ep/s | 313.1m
[Ep  47700000/50000000] avg_r=  1.048 | h2h=106.0000 | br= 0.5586 | avg= 0.4445 | fc=0.357 |   4533 ep/s | 313.2m
[Ep  47750000/50000000] avg_r=  1.080 | h2h=106.0000 | br= 0.5600 | avg= 0.4500 | fc=0.375 |   4055 ep/s | 313.4m
[Ep  47800000/50000000] avg_r=  1.049 | h2h=106.0000 | br= 0.5588 | avg= 0.4472 | fc=0.383 |   3937 ep/s | 313.7m
[Ep  47850000/50000000] avg_r=  1.031 | h2h=106.0000 | br= 0.5613 | avg= 0.4485 | fc=0.363 |   4345 ep/s | 313.8m
[Ep  47900000/50000000] avg_r=  1.061 | h2h=106.0000 | br= 0.5628 | avg= 0.4470 | fc=0.402 |   3759 ep/s | 314.1m
[Ep  47950000/50000000] avg_r=  1.086 | h2h=106.0000 | br= 0.5606 | avg= 0.4483 | fc=0.385 |   4207 ep/s | 314.3m
[Ep  48000000/50000000] avg_r=  1.056 | h2h=106.0000 | br= 0.5608 | avg= 0.4467 | fc=0.414 |   4256 ep/s | 314.5m
[Ep  48050000/50000000] avg_r=  1.048 | h2h=106.0000 | br= 0.5598 | avg= 0.4487 | fc=0.391 |   3924 ep/s | 314.7m
[Ep  48100000/50000000] avg_r=  1.089 | h2h=106.0000 | br= 0.5621 | avg= 0.4481 | fc=0.430 |   4004 ep/s | 314.9m
[Ep  48150000/50000000] avg_r=  1.088 | h2h=106.0000 | br= 0.5617 | avg= 0.4476 | fc=0.393 |   4122 ep/s | 315.1m
[Ep  48200000/50000000] avg_r=  1.068 | h2h=106.0000 | br= 0.5622 | avg= 0.4501 | fc=0.336 |   4092 ep/s | 315.3m
[Ep  48250000/50000000] avg_r=  1.053 | h2h=106.0000 | br= 0.5630 | avg= 0.4488 | fc=0.375 |   4246 ep/s | 315.5m
[Ep  48300000/50000000] avg_r=  1.079 | h2h=106.0000 | br= 0.5582 | avg= 0.4490 | fc=0.391 |   4104 ep/s | 315.7m
[Ep  48350000/50000000] avg_r=  1.048 | h2h=106.0000 | br= 0.5617 | avg= 0.4492 | fc=0.400 |   3806 ep/s | 315.9m
[Ep  48400000/50000000] avg_r=  1.063 | h2h=106.0000 | br= 0.5615 | avg= 0.4493 | fc=0.350 |   3959 ep/s | 316.1m
[Ep  48450000/50000000] avg_r=  1.055 | h2h=106.0000 | br= 0.5626 | avg= 0.4484 | fc=0.371 |   4190 ep/s | 316.3m
[Ep  48500000/50000000] avg_r=  1.022 | h2h=106.0000 | br= 0.5634 | avg= 0.4483 | fc=0.395 |   4101 ep/s | 316.5m
[Ep  48550000/50000000] avg_r=  1.018 | h2h=106.0000 | br= 0.5631 | avg= 0.4490 | fc=0.369 |   3871 ep/s | 316.7m
[Ep  48600000/50000000] avg_r=  1.068 | h2h=106.0000 | br= 0.5641 | avg= 0.4489 | fc=0.365 |   4144 ep/s | 316.9m
[Ep  48650000/50000000] avg_r=  1.051 | h2h=106.0000 | br= 0.5633 | avg= 0.4489 | fc=0.359 |   4150 ep/s | 317.1m
[Ep  48700000/50000000] avg_r=  1.086 | h2h=106.0000 | br= 0.5601 | avg= 0.4481 | fc=0.404 |   3966 ep/s | 317.3m
[Ep  48750000/50000000] avg_r=  1.057 | h2h=106.0000 | br= 0.5631 | avg= 0.4493 | fc=0.361 |   3907 ep/s | 317.6m
[Ep  48800000/50000000] avg_r=  1.096 | h2h=106.0000 | br= 0.5611 | avg= 0.4492 | fc=0.385 |   3936 ep/s | 317.8m
[Ep  48850000/50000000] avg_r=  1.064 | h2h=106.0000 | br= 0.5611 | avg= 0.4490 | fc=0.359 |   3749 ep/s | 318.0m
[Ep  48900000/50000000] avg_r=  1.074 | h2h=106.0000 | br= 0.5613 | avg= 0.4488 | fc=0.363 |   3855 ep/s | 318.2m
[Ep  48950000/50000000] avg_r=  1.059 | h2h=106.0000 | br= 0.5603 | avg= 0.4475 | fc=0.400 |   4075 ep/s | 318.4m
[Ep  49000000/50000000] avg_r=  1.067 | h2h=106.0000 | br= 0.5600 | avg= 0.4506 | fc=0.381 |   4148 ep/s | 318.6m
[Ep  49050000/50000000] avg_r=  1.086 | h2h=106.0000 | br= 0.5610 | avg= 0.4489 | fc=0.379 |   4034 ep/s | 318.8m
[Ep  49100000/50000000] avg_r=  1.056 | h2h=106.0000 | br= 0.5604 | avg= 0.4474 | fc=0.395 |   4011 ep/s | 319.0m
[Ep  49150000/50000000] avg_r=  1.048 | h2h=106.0000 | br= 0.5597 | avg= 0.4482 | fc=0.408 |   3803 ep/s | 319.2m
[Ep  49200000/50000000] avg_r=  1.036 | h2h=106.0000 | br= 0.5611 | avg= 0.4487 | fc=0.355 |   3941 ep/s | 319.5m
[Ep  49250000/50000000] avg_r=  1.063 | h2h=106.0000 | br= 0.5620 | avg= 0.4489 | fc=0.422 |   3919 ep/s | 319.7m
[Ep  49300000/50000000] avg_r=  1.073 | h2h=106.0000 | br= 0.5619 | avg= 0.4483 | fc=0.393 |   3884 ep/s | 319.9m
[Ep  49350000/50000000] avg_r=  1.074 | h2h=106.0000 | br= 0.5606 | avg= 0.4482 | fc=0.418 |   3835 ep/s | 320.1m
[Ep  49400000/50000000] avg_r=  1.085 | h2h=106.0000 | br= 0.5604 | avg= 0.4486 | fc=0.387 |   3815 ep/s | 320.3m
[Ep  49450000/50000000] avg_r=  1.027 | h2h=106.0000 | br= 0.5624 | avg= 0.4488 | fc=0.371 |   3731 ep/s | 320.5m
[Ep  49500000/50000000] avg_r=  1.070 | h2h=106.0000 | br= 0.5635 | avg= 0.4494 | fc=0.387 |   3950 ep/s | 320.8m
[Ep  49550000/50000000] avg_r=  1.083 | h2h=106.0000 | br= 0.5621 | avg= 0.4482 | fc=0.373 |   3874 ep/s | 321.0m
[Ep  49600000/50000000] avg_r=  1.068 | h2h=106.0000 | br= 0.5603 | avg= 0.4500 | fc=0.383 |   4210 ep/s | 321.2m
[Ep  49650000/50000000] avg_r=  1.058 | h2h=106.0000 | br= 0.5613 | avg= 0.4501 | fc=0.354 |   3969 ep/s | 321.4m
[Ep  49700000/50000000] avg_r=  1.087 | h2h=106.0000 | br= 0.5622 | avg= 0.4484 | fc=0.387 |   3938 ep/s | 321.6m
[Ep  49750000/50000000] avg_r=  1.016 | h2h=106.0000 | br= 0.5641 | avg= 0.4482 | fc=0.379 |   3995 ep/s | 321.8m
[Ep  49800000/50000000] avg_r=  1.040 | h2h=106.0000 | br= 0.5611 | avg= 0.4503 | fc=0.395 |   4026 ep/s | 322.0m
[Ep  49850000/50000000] avg_r=  1.044 | h2h=106.0000 | br= 0.5603 | avg= 0.4496 | fc=0.387 |   4028 ep/s | 322.2m
[Ep  49900000/50000000] avg_r=  1.091 | h2h=106.0000 | br= 0.5611 | avg= 0.4483 | fc=0.357 |   3857 ep/s | 322.4m
[Ep  49950000/50000000] avg_r=  1.037 | h2h=106.0000 | br= 0.5617 | avg= 0.4484 | fc=0.416 |   4176 ep/s | 322.6m
[Ep  50000000/50000000] avg_r=  1.078 | h2h=106.0000 | br= 0.5606 | avg= 0.4479 | fc=0.375 |   4085 ep/s | 322.8m
[H2H] ep=50000000 | avg_reward=84.2000 over 1000 games
  >>> H2H WINRATE @ ep 50000000: 84.2000
  [CHECKPOINT] saved at ep 50000000
[snapshot] ep=50000000 -> /home/anthonyn/cos435/cpp-implementation/snapshots/holdem_64x64_mv_train_std_10/ep50000000
==========================================================================================
DONE holdem_64x64_mv_train_std_10 | 394.8m
H2H log saved to results/logs/holdem_64x64_mv_train_std_10_seed42_h2h.csv
