NFSP C++ Hold'em holdem_64x64_baseline (nfsp) | seed=42 | 50000000 episodes | 3 workers | arch=[64,64] | batch=256 | learn_every=256 | target=128000 | dqn_lr=0.002 | sl_lr=0.0002 | dqn_buf=600000 | res_buf=15000000
==========================================================================================
[Ep     50000/50000000] avg_r=  0.440 | h2h=  0.0000 | br=19.0568 | avg= 0.4120 |   2765 ep/s | 0.3m
[Ep    100000/50000000] avg_r=  0.305 | h2h=  0.0000 | br=22.6474 | avg= 0.4605 |   2647 ep/s | 0.6m
[Ep    150000/50000000] avg_r=  0.237 | h2h=  0.0000 | br=22.0164 | avg= 0.4647 |   2722 ep/s | 0.9m
[Ep    200000/50000000] avg_r=  0.467 | h2h=  0.0000 | br=21.3232 | avg= 0.4666 |   2709 ep/s | 1.2m
[Ep    250000/50000000] avg_r=  0.410 | h2h=  0.0000 | br=21.0119 | avg= 0.4790 |   2730 ep/s | 1.5m
[Ep    300000/50000000] avg_r=  0.405 | h2h=  0.0000 | br=19.8249 | avg= 0.4835 |   2716 ep/s | 1.8m
[Ep    350000/50000000] avg_r=  0.430 | h2h=  0.0000 | br=18.9796 | avg= 0.4823 |   2739 ep/s | 2.1m
[Ep    400000/50000000] avg_r=  0.433 | h2h=  0.0000 | br=18.6709 | avg= 0.4802 |   2779 ep/s | 2.4m
[Ep    450000/50000000] avg_r=  0.584 | h2h=  0.0000 | br=18.4899 | avg= 0.4824 |   2749 ep/s | 2.7m
[Ep    500000/50000000] avg_r=  0.480 | h2h=  0.0000 | br=18.6518 | avg= 0.4846 |   2795 ep/s | 3.0m
[Ep    550000/50000000] avg_r=  0.501 | h2h=  0.0000 | br=18.7030 | avg= 0.4870 |   2753 ep/s | 3.4m
[Ep    600000/50000000] avg_r=  0.415 | h2h=  0.0000 | br=18.6742 | avg= 0.4900 |   2727 ep/s | 3.7m
[Ep    650000/50000000] avg_r=  0.458 | h2h=  0.0000 | br=18.5722 | avg= 0.4924 |   2763 ep/s | 4.0m
[Ep    700000/50000000] avg_r=  0.461 | h2h=  0.0000 | br=18.2896 | avg= 0.4951 |   2779 ep/s | 4.3m
[Ep    750000/50000000] avg_r=  0.458 | h2h=  0.0000 | br=18.1606 | avg= 0.4943 |   2746 ep/s | 4.6m
[Ep    800000/50000000] avg_r=  0.529 | h2h=  0.0000 | br=18.1919 | avg= 0.4921 |   2754 ep/s | 4.9m
[Ep    850000/50000000] avg_r=  0.395 | h2h=  0.0000 | br=18.2447 | avg= 0.4925 |   2652 ep/s | 5.2m
[Ep    900000/50000000] avg_r=  0.473 | h2h=  0.0000 | br=18.4430 | avg= 0.4902 |   2765 ep/s | 5.5m
[Ep    950000/50000000] avg_r=  0.531 | h2h=  0.0000 | br=18.5902 | avg= 0.4884 |   2744 ep/s | 5.8m
[Ep   1000000/50000000] avg_r=  0.427 | h2h=  0.0000 | br=18.9512 | avg= 0.4892 |   2763 ep/s | 6.1m
[Ep   1050000/50000000] avg_r=  0.404 | h2h=  0.0000 | br=19.0768 | avg= 0.4890 |   2753 ep/s | 6.4m
[Ep   1100000/50000000] avg_r=  0.497 | h2h=  0.0000 | br=18.8588 | avg= 0.4888 |   2781 ep/s | 6.7m
[Ep   1150000/50000000] avg_r=  0.442 | h2h=  0.0000 | br=18.9779 | avg= 0.4888 |   2791 ep/s | 7.0m
[Ep   1200000/50000000] avg_r=  0.336 | h2h=  0.0000 | br=19.0836 | avg= 0.4903 |   2809 ep/s | 7.3m
[Ep   1250000/50000000] avg_r=  0.495 | h2h=  0.0000 | br=19.0826 | avg= 0.4906 |   2813 ep/s | 7.6m
[Ep   1300000/50000000] avg_r=  0.425 | h2h=  0.0000 | br=19.0080 | avg= 0.4909 |   2824 ep/s | 7.9m
[Ep   1350000/50000000] avg_r=  0.378 | h2h=  0.0000 | br=19.0775 | avg= 0.4917 |   2768 ep/s | 8.2m
[Ep   1400000/50000000] avg_r=  0.480 | h2h=  0.0000 | br=19.2322 | avg= 0.4932 |   2829 ep/s | 8.5m
[Ep   1450000/50000000] avg_r=  0.416 | h2h=  0.0000 | br=19.3138 | avg= 0.4974 |   2867 ep/s | 8.8m
[Ep   1500000/50000000] avg_r=  0.402 | h2h=  0.0000 | br=19.3534 | avg= 0.4985 |   2861 ep/s | 9.1m
[Ep   1550000/50000000] avg_r=  0.420 | h2h=  0.0000 | br=19.2826 | avg= 0.5010 |   2865 ep/s | 9.3m
[Ep   1600000/50000000] avg_r=  0.420 | h2h=  0.0000 | br=19.2918 | avg= 0.5030 |   2889 ep/s | 9.6m
[Ep   1650000/50000000] avg_r=  0.491 | h2h=  0.0000 | br=19.0491 | avg= 0.5052 |   2952 ep/s | 9.9m
[Ep   1700000/50000000] avg_r=  0.389 | h2h=  0.0000 | br=19.1600 | avg= 0.5048 |   2938 ep/s | 10.2m
[Ep   1750000/50000000] avg_r=  0.338 | h2h=  0.0000 | br=19.0726 | avg= 0.5077 |   2966 ep/s | 10.5m
[Ep   1800000/50000000] avg_r=  0.475 | h2h=  0.0000 | br=19.1620 | avg= 0.5088 |   2941 ep/s | 10.8m
[Ep   1850000/50000000] avg_r=  0.463 | h2h=  0.0000 | br=18.6736 | avg= 0.5093 |   2992 ep/s | 11.0m
[Ep   1900000/50000000] avg_r=  0.412 | h2h=  0.0000 | br=18.8008 | avg= 0.5105 |   3005 ep/s | 11.3m
[Ep   1950000/50000000] avg_r=  0.431 | h2h=  0.0000 | br=18.7646 | avg= 0.5109 |   2941 ep/s | 11.6m
[Ep   2000000/50000000] avg_r=  0.345 | h2h=  0.0000 | br=18.9174 | avg= 0.5114 |   2993 ep/s | 11.9m
[Ep   2050000/50000000] avg_r=  0.468 | h2h=  0.0000 | br=18.9749 | avg= 0.5113 |   3012 ep/s | 12.2m
[Ep   2100000/50000000] avg_r=  0.411 | h2h=  0.0000 | br=18.9087 | avg= 0.5117 |   3028 ep/s | 12.4m
[Ep   2150000/50000000] avg_r=  0.369 | h2h=  0.0000 | br=19.0250 | avg= 0.5128 |   3033 ep/s | 12.7m
[Ep   2200000/50000000] avg_r=  0.476 | h2h=  0.0000 | br=19.0073 | avg= 0.5121 |   3072 ep/s | 13.0m
[Ep   2250000/50000000] avg_r=  0.425 | h2h=  0.0000 | br=18.9883 | avg= 0.5121 |   3070 ep/s | 13.2m
[Ep   2300000/50000000] avg_r=  0.395 | h2h=  0.0000 | br=18.9017 | avg= 0.5124 |   3091 ep/s | 13.5m
[Ep   2350000/50000000] avg_r=  0.439 | h2h=  0.0000 | br=18.7282 | avg= 0.5130 |   3052 ep/s | 13.8m
[Ep   2400000/50000000] avg_r=  0.435 | h2h=  0.0000 | br=18.6524 | avg= 0.5140 |   3085 ep/s | 14.1m
[Ep   2450000/50000000] avg_r=  0.487 | h2h=  0.0000 | br=18.5170 | avg= 0.5148 |   3107 ep/s | 14.3m
[Ep   2500000/50000000] avg_r=  0.405 | h2h=  0.0000 | br=18.3955 | avg= 0.5167 |   3115 ep/s | 14.6m
[Ep   2550000/50000000] avg_r=  0.438 | h2h=  0.0000 | br=18.3836 | avg= 0.5170 |   3145 ep/s | 14.9m
[Ep   2600000/50000000] avg_r=  0.351 | h2h=  0.0000 | br=18.3489 | avg= 0.5176 |   3018 ep/s | 15.1m
[Ep   2650000/50000000] avg_r=  0.376 | h2h=  0.0000 | br=18.2321 | avg= 0.5186 |   3132 ep/s | 15.4m
[Ep   2700000/50000000] avg_r=  0.285 | h2h=  0.0000 | br=18.0526 | avg= 0.5186 |   3154 ep/s | 15.7m
[Ep   2750000/50000000] avg_r=  0.420 | h2h=  0.0000 | br=17.8215 | avg= 0.5186 |   3101 ep/s | 15.9m
[Ep   2800000/50000000] avg_r=  0.401 | h2h=  0.0000 | br=17.8412 | avg= 0.5211 |   3111 ep/s | 16.2m
[Ep   2850000/50000000] avg_r=  0.290 | h2h=  0.0000 | br=17.7620 | avg= 0.5210 |   3099 ep/s | 16.5m
[Ep   2900000/50000000] avg_r=  0.329 | h2h=  0.0000 | br=17.7294 | avg= 0.5216 |   3121 ep/s | 16.7m
[Ep   2950000/50000000] avg_r=  0.289 | h2h=  0.0000 | br=17.7287 | avg= 0.5212 |   3132 ep/s | 17.0m
[Ep   3000000/50000000] avg_r=  0.323 | h2h=  0.0000 | br=17.6146 | avg= 0.5233 |   3151 ep/s | 17.3m
[Ep   3050000/50000000] avg_r=  0.296 | h2h=  0.0000 | br=17.6315 | avg= 0.5231 |   3118 ep/s | 17.5m
[Ep   3100000/50000000] avg_r=  0.340 | h2h=  0.0000 | br=17.5437 | avg= 0.5235 |   3126 ep/s | 17.8m
[Ep   3150000/50000000] avg_r=  0.263 | h2h=  0.0000 | br=17.5059 | avg= 0.5240 |   3177 ep/s | 18.1m
[Ep   3200000/50000000] avg_r=  0.214 | h2h=  0.0000 | br=17.7516 | avg= 0.5257 |   3128 ep/s | 18.3m
[Ep   3250000/50000000] avg_r=  0.213 | h2h=  0.0000 | br=17.4911 | avg= 0.5246 |   3148 ep/s | 18.6m
[Ep   3300000/50000000] avg_r=  0.266 | h2h=  0.0000 | br=17.3268 | avg= 0.5261 |   3105 ep/s | 18.9m
[Ep   3350000/50000000] avg_r=  0.210 | h2h=  0.0000 | br=17.4489 | avg= 0.5255 |   3086 ep/s | 19.1m
[Ep   3400000/50000000] avg_r=  0.287 | h2h=  0.0000 | br=17.4365 | avg= 0.5254 |   3133 ep/s | 19.4m
[Ep   3450000/50000000] avg_r=  0.218 | h2h=  0.0000 | br=17.4007 | avg= 0.5266 |   3117 ep/s | 19.7m
[Ep   3500000/50000000] avg_r=  0.255 | h2h=  0.0000 | br=17.3992 | avg= 0.5265 |   3085 ep/s | 19.9m
[Ep   3550000/50000000] avg_r=  0.283 | h2h=  0.0000 | br=17.2389 | avg= 0.5271 |   3094 ep/s | 20.2m
[Ep   3600000/50000000] avg_r=  0.296 | h2h=  0.0000 | br=17.1703 | avg= 0.5273 |   3106 ep/s | 20.5m
[Ep   3650000/50000000] avg_r=  0.226 | h2h=  0.0000 | br=17.2145 | avg= 0.5271 |   3093 ep/s | 20.7m
[Ep   3700000/50000000] avg_r=  0.145 | h2h=  0.0000 | br=17.1606 | avg= 0.5291 |   3157 ep/s | 21.0m
[Ep   3750000/50000000] avg_r=  0.261 | h2h=  0.0000 | br=17.1429 | avg= 0.5303 |   3109 ep/s | 21.3m
[Ep   3800000/50000000] avg_r=  0.139 | h2h=  0.0000 | br=17.0559 | avg= 0.5296 |   3073 ep/s | 21.5m
[Ep   3850000/50000000] avg_r=  0.152 | h2h=  0.0000 | br=17.1107 | avg= 0.5301 |   3082 ep/s | 21.8m
[Ep   3900000/50000000] avg_r=  0.230 | h2h=  0.0000 | br=17.0923 | avg= 0.5306 |   3083 ep/s | 22.1m
[Ep   3950000/50000000] avg_r=  0.139 | h2h=  0.0000 | br=17.0635 | avg= 0.5299 |   3076 ep/s | 22.4m
[Ep   4000000/50000000] avg_r=  0.217 | h2h=  0.0000 | br=17.0351 | avg= 0.5313 |   3113 ep/s | 22.6m
[Ep   4050000/50000000] avg_r=  0.223 | h2h=  0.0000 | br=16.9396 | avg= 0.5314 |   3114 ep/s | 22.9m
[Ep   4100000/50000000] avg_r=  0.101 | h2h=  0.0000 | br=16.9154 | avg= 0.5305 |   3106 ep/s | 23.2m
[Ep   4150000/50000000] avg_r=  0.091 | h2h=  0.0000 | br=16.6535 | avg= 0.5327 |   3150 ep/s | 23.4m
[Ep   4200000/50000000] avg_r=  0.131 | h2h=  0.0000 | br=16.6048 | avg= 0.5320 |   3091 ep/s | 23.7m
[Ep   4250000/50000000] avg_r=  0.094 | h2h=  0.0000 | br=16.4448 | avg= 0.5338 |   3110 ep/s | 24.0m
[Ep   4300000/50000000] avg_r=  0.114 | h2h=  0.0000 | br=16.5385 | avg= 0.5332 |   3134 ep/s | 24.2m
[Ep   4350000/50000000] avg_r=  0.066 | h2h=  0.0000 | br=16.3607 | avg= 0.5336 |   3102 ep/s | 24.5m
[Ep   4400000/50000000] avg_r=  0.131 | h2h=  0.0000 | br=16.4249 | avg= 0.5340 |   3081 ep/s | 24.8m
[Ep   4450000/50000000] avg_r=  0.099 | h2h=  0.0000 | br=16.3825 | avg= 0.5352 |   3097 ep/s | 25.0m
[Ep   4500000/50000000] avg_r=  0.076 | h2h=  0.0000 | br=16.2542 | avg= 0.5348 |   3128 ep/s | 25.3m
[Ep   4550000/50000000] avg_r=  0.075 | h2h=  0.0000 | br=16.1595 | avg= 0.5354 |   3133 ep/s | 25.6m
[Ep   4600000/50000000] avg_r=  0.116 | h2h=  0.0000 | br=16.1111 | avg= 0.5353 |   3107 ep/s | 25.8m
[Ep   4650000/50000000] avg_r=  0.075 | h2h=  0.0000 | br=16.0091 | avg= 0.5382 |   3112 ep/s | 26.1m
[Ep   4700000/50000000] avg_r=  0.124 | h2h=  0.0000 | br=16.0550 | avg= 0.5375 |   3089 ep/s | 26.4m
[Ep   4750000/50000000] avg_r=  0.081 | h2h=  0.0000 | br=16.1019 | avg= 0.5377 |   3170 ep/s | 26.6m
[Ep   4800000/50000000] avg_r=  0.086 | h2h=  0.0000 | br=15.9010 | avg= 0.5395 |   3139 ep/s | 26.9m
[Ep   4850000/50000000] avg_r=  0.165 | h2h=  0.0000 | br=15.7292 | avg= 0.5382 |   3127 ep/s | 27.2m
[Ep   4900000/50000000] avg_r=  0.065 | h2h=  0.0000 | br=15.6261 | avg= 0.5395 |   3154 ep/s | 27.4m
[Ep   4950000/50000000] avg_r=  0.093 | h2h=  0.0000 | br=15.7042 | avg= 0.5410 |   3099 ep/s | 27.7m
[Ep   5000000/50000000] avg_r=  0.040 | h2h=  0.0000 | br=15.5205 | avg= 0.5415 |   3102 ep/s | 28.0m
[Ep   5050000/50000000] avg_r=  0.155 | h2h=  0.0000 | br=15.4193 | avg= 0.5427 |   3124 ep/s | 28.2m
[Ep   5100000/50000000] avg_r=  0.070 | h2h=  0.0000 | br=15.6527 | avg= 0.5408 |   3183 ep/s | 28.5m
[Ep   5150000/50000000] avg_r=  0.036 | h2h=  0.0000 | br=15.5624 | avg= 0.5393 |   3135 ep/s | 28.8m
[Ep   5200000/50000000] avg_r=  0.097 | h2h=  0.0000 | br=15.5737 | avg= 0.5413 |   3101 ep/s | 29.0m
[Ep   5250000/50000000] avg_r=  0.083 | h2h=  0.0000 | br=15.3124 | avg= 0.5410 |   3137 ep/s | 29.3m
[Ep   5300000/50000000] avg_r=  0.104 | h2h=  0.0000 | br=15.4063 | avg= 0.5413 |   3105 ep/s | 29.6m
[Ep   5350000/50000000] avg_r=  0.071 | h2h=  0.0000 | br=15.4341 | avg= 0.5433 |   3167 ep/s | 29.8m
[Ep   5400000/50000000] avg_r=  0.075 | h2h=  0.0000 | br=15.3732 | avg= 0.5428 |   3136 ep/s | 30.1m
[Ep   5450000/50000000] avg_r=  0.108 | h2h=  0.0000 | br=15.5195 | avg= 0.5432 |   3078 ep/s | 30.4m
[Ep   5500000/50000000] avg_r=  0.108 | h2h=  0.0000 | br=15.5281 | avg= 0.5429 |   3112 ep/s | 30.6m
[Ep   5550000/50000000] avg_r=  0.044 | h2h=  0.0000 | br=15.4105 | avg= 0.5438 |   3125 ep/s | 30.9m
[Ep   5600000/50000000] avg_r=  0.051 | h2h=  0.0000 | br=15.4858 | avg= 0.5434 |   3130 ep/s | 31.2m
[Ep   5650000/50000000] avg_r=  0.099 | h2h=  0.0000 | br=15.3194 | avg= 0.5435 |   3098 ep/s | 31.4m
[Ep   5700000/50000000] avg_r=  0.019 | h2h=  0.0000 | br=15.6801 | avg= 0.5431 |   3082 ep/s | 31.7m
[Ep   5750000/50000000] avg_r=  0.011 | h2h=  0.0000 | br=15.5859 | avg= 0.5431 |   3118 ep/s | 32.0m
[Ep   5800000/50000000] avg_r=  0.089 | h2h=  0.0000 | br=15.5621 | avg= 0.5434 |   3116 ep/s | 32.2m
[Ep   5850000/50000000] avg_r= -0.009 | h2h=  0.0000 | br=15.6375 | avg= 0.5426 |   3166 ep/s | 32.5m
[Ep   5900000/50000000] avg_r=  0.057 | h2h=  0.0000 | br=15.5742 | avg= 0.5427 |   3092 ep/s | 32.8m
[Ep   5950000/50000000] avg_r=  0.039 | h2h=  0.0000 | br=15.7411 | avg= 0.5466 |   3117 ep/s | 33.0m
[Ep   6000000/50000000] avg_r=  0.103 | h2h=  0.0000 | br=15.4605 | avg= 0.5440 |   3071 ep/s | 33.3m
[Ep   6050000/50000000] avg_r=  0.132 | h2h=  0.0000 | br=15.5111 | avg= 0.5449 |   3127 ep/s | 33.6m
[Ep   6100000/50000000] avg_r=  0.042 | h2h=  0.0000 | br=15.4569 | avg= 0.5450 |   3120 ep/s | 33.9m
[Ep   6150000/50000000] avg_r=  0.074 | h2h=  0.0000 | br=15.4735 | avg= 0.5458 |   3111 ep/s | 34.1m
[Ep   6200000/50000000] avg_r=  0.066 | h2h=  0.0000 | br=15.5815 | avg= 0.5473 |   3076 ep/s | 34.4m
[Ep   6250000/50000000] avg_r=  0.030 | h2h=  0.0000 | br=15.7529 | avg= 0.5461 |   3053 ep/s | 34.7m
[Ep   6300000/50000000] avg_r=  0.063 | h2h=  0.0000 | br=15.7086 | avg= 0.5459 |   3085 ep/s | 34.9m
[Ep   6350000/50000000] avg_r=  0.061 | h2h=  0.0000 | br=15.8175 | avg= 0.5462 |   3037 ep/s | 35.2m
[Ep   6400000/50000000] avg_r=  0.013 | h2h=  0.0000 | br=15.8925 | avg= 0.5474 |   3062 ep/s | 35.5m
[Ep   6450000/50000000] avg_r=  0.090 | h2h=  0.0000 | br=15.7753 | avg= 0.5474 |   3040 ep/s | 35.8m
[Ep   6500000/50000000] avg_r=  0.087 | h2h=  0.0000 | br=15.6538 | avg= 0.5475 |   3069 ep/s | 36.0m
[Ep   6550000/50000000] avg_r=  0.125 | h2h=  0.0000 | br=15.7503 | avg= 0.5478 |   3043 ep/s | 36.3m
[Ep   6600000/50000000] avg_r=  0.088 | h2h=  0.0000 | br=15.6781 | avg= 0.5473 |   3078 ep/s | 36.6m
[Ep   6650000/50000000] avg_r=  0.038 | h2h=  0.0000 | br=15.7400 | avg= 0.5466 |   3087 ep/s | 36.8m
[Ep   6700000/50000000] avg_r=  0.019 | h2h=  0.0000 | br=15.7227 | avg= 0.5483 |   3073 ep/s | 37.1m
[Ep   6750000/50000000] avg_r=  0.117 | h2h=  0.0000 | br=15.6106 | avg= 0.5490 |   3087 ep/s | 37.4m
[Ep   6800000/50000000] avg_r=  0.068 | h2h=  0.0000 | br=15.5157 | avg= 0.5464 |   3077 ep/s | 37.7m
[Ep   6850000/50000000] avg_r=  0.095 | h2h=  0.0000 | br=15.5801 | avg= 0.5484 |   3106 ep/s | 37.9m
[Ep   6900000/50000000] avg_r=  0.104 | h2h=  0.0000 | br=15.4966 | avg= 0.5488 |   3069 ep/s | 38.2m
[Ep   6950000/50000000] avg_r= -0.003 | h2h=  0.0000 | br=15.4045 | avg= 0.5487 |   3092 ep/s | 38.5m
[Ep   7000000/50000000] avg_r=  0.030 | h2h=  0.0000 | br=15.2080 | avg= 0.5485 |   3079 ep/s | 38.7m
[Ep   7050000/50000000] avg_r= -0.010 | h2h=  0.0000 | br=15.2790 | avg= 0.5485 |   3096 ep/s | 39.0m
[Ep   7100000/50000000] avg_r= -0.039 | h2h=  0.0000 | br=15.3925 | avg= 0.5512 |   3094 ep/s | 39.3m
[Ep   7150000/50000000] avg_r=  0.081 | h2h=  0.0000 | br=15.3079 | avg= 0.5503 |   3092 ep/s | 39.5m
[Ep   7200000/50000000] avg_r= -0.017 | h2h=  0.0000 | br=15.1501 | avg= 0.5514 |   3105 ep/s | 39.8m
[Ep   7250000/50000000] avg_r=  0.094 | h2h=  0.0000 | br=14.9948 | avg= 0.5512 |   3060 ep/s | 40.1m
[Ep   7300000/50000000] avg_r=  0.042 | h2h=  0.0000 | br=15.3421 | avg= 0.5505 |   3117 ep/s | 40.3m
[Ep   7350000/50000000] avg_r=  0.052 | h2h=  0.0000 | br=15.0291 | avg= 0.5514 |   3119 ep/s | 40.6m
[Ep   7400000/50000000] avg_r=  0.051 | h2h=  0.0000 | br=15.0968 | avg= 0.5510 |   3087 ep/s | 40.9m
[Ep   7450000/50000000] avg_r=  0.064 | h2h=  0.0000 | br=15.0087 | avg= 0.5516 |   3101 ep/s | 41.2m
[Ep   7500000/50000000] avg_r=  0.080 | h2h=  0.0000 | br=15.0771 | avg= 0.5527 |   3109 ep/s | 41.4m
[Ep   7550000/50000000] avg_r= -0.002 | h2h=  0.0000 | br=15.1151 | avg= 0.5524 |   3114 ep/s | 41.7m
[Ep   7600000/50000000] avg_r= -0.011 | h2h=  0.0000 | br=15.0141 | avg= 0.5538 |   3061 ep/s | 42.0m
[Ep   7650000/50000000] avg_r=  0.061 | h2h=  0.0000 | br=15.0223 | avg= 0.5522 |   3109 ep/s | 42.2m
[Ep   7700000/50000000] avg_r= -0.014 | h2h=  0.0000 | br=15.0293 | avg= 0.5509 |   3085 ep/s | 42.5m
[Ep   7750000/50000000] avg_r=  0.075 | h2h=  0.0000 | br=15.0089 | avg= 0.5529 |   3118 ep/s | 42.8m
[Ep   7800000/50000000] avg_r=  0.034 | h2h=  0.0000 | br=14.9816 | avg= 0.5513 |   3064 ep/s | 43.0m
[Ep   7850000/50000000] avg_r= -0.016 | h2h=  0.0000 | br=15.0145 | avg= 0.5514 |   3117 ep/s | 43.3m
[Ep   7900000/50000000] avg_r=  0.042 | h2h=  0.0000 | br=14.9824 | avg= 0.5532 |   3109 ep/s | 43.6m
[Ep   7950000/50000000] avg_r=  0.015 | h2h=  0.0000 | br=14.9935 | avg= 0.5533 |   3084 ep/s | 43.8m
[Ep   8000000/50000000] avg_r= -0.055 | h2h=  0.0000 | br=14.8260 | avg= 0.5539 |   3102 ep/s | 44.1m
[Ep   8050000/50000000] avg_r=  0.043 | h2h=  0.0000 | br=14.8844 | avg= 0.5547 |   3121 ep/s | 44.4m
[Ep   8100000/50000000] avg_r=  0.072 | h2h=  0.0000 | br=14.6939 | avg= 0.5540 |   3088 ep/s | 44.7m
[Ep   8150000/50000000] avg_r=  0.031 | h2h=  0.0000 | br=14.8979 | avg= 0.5531 |   3113 ep/s | 44.9m
[Ep   8200000/50000000] avg_r=  0.084 | h2h=  0.0000 | br=14.9466 | avg= 0.5524 |   3010 ep/s | 45.2m
[Ep   8250000/50000000] avg_r=  0.012 | h2h=  0.0000 | br=14.9307 | avg= 0.5523 |   3098 ep/s | 45.5m
[Ep   8300000/50000000] avg_r=  0.026 | h2h=  0.0000 | br=15.0656 | avg= 0.5530 |   3081 ep/s | 45.7m
[Ep   8350000/50000000] avg_r=  0.123 | h2h=  0.0000 | br=14.6885 | avg= 0.5538 |   3116 ep/s | 46.0m
[Ep   8400000/50000000] avg_r=  0.032 | h2h=  0.0000 | br=14.6777 | avg= 0.5536 |   3105 ep/s | 46.3m
[Ep   8450000/50000000] avg_r=  0.031 | h2h=  0.0000 | br=14.7199 | avg= 0.5527 |   3105 ep/s | 46.5m
[Ep   8500000/50000000] avg_r=  0.037 | h2h=  0.0000 | br=14.7464 | avg= 0.5530 |   3081 ep/s | 46.8m
[Ep   8550000/50000000] avg_r=  0.074 | h2h=  0.0000 | br=14.8039 | avg= 0.5532 |   3130 ep/s | 47.1m
[Ep   8600000/50000000] avg_r= -0.029 | h2h=  0.0000 | br=14.5692 | avg= 0.5528 |   3092 ep/s | 47.3m
[Ep   8650000/50000000] avg_r=  0.074 | h2h=  0.0000 | br=14.5473 | avg= 0.5547 |   3126 ep/s | 47.6m
[Ep   8700000/50000000] avg_r= -0.040 | h2h=  0.0000 | br=14.5705 | avg= 0.5530 |   3153 ep/s | 47.9m
[Ep   8750000/50000000] avg_r= -0.028 | h2h=  0.0000 | br=14.5734 | avg= 0.5538 |   3134 ep/s | 48.1m
[Ep   8800000/50000000] avg_r=  0.018 | h2h=  0.0000 | br=14.4585 | avg= 0.5540 |   3109 ep/s | 48.4m
[Ep   8850000/50000000] avg_r= -0.002 | h2h=  0.0000 | br=14.2426 | avg= 0.5552 |   3077 ep/s | 48.7m
[Ep   8900000/50000000] avg_r= -0.009 | h2h=  0.0000 | br=14.2529 | avg= 0.5552 |   3182 ep/s | 48.9m
[Ep   8950000/50000000] avg_r=  0.068 | h2h=  0.0000 | br=14.3279 | avg= 0.5547 |   3159 ep/s | 49.2m
[Ep   9000000/50000000] avg_r=  0.015 | h2h=  0.0000 | br=14.2623 | avg= 0.5551 |   3122 ep/s | 49.5m
[Ep   9050000/50000000] avg_r= -0.020 | h2h=  0.0000 | br=14.2523 | avg= 0.5551 |   3102 ep/s | 49.7m
[Ep   9100000/50000000] avg_r= -0.016 | h2h=  0.0000 | br=14.0346 | avg= 0.5557 |   3099 ep/s | 50.0m
[Ep   9150000/50000000] avg_r= -0.035 | h2h=  0.0000 | br=14.2528 | avg= 0.5549 |   3096 ep/s | 50.3m
[Ep   9200000/50000000] avg_r= -0.015 | h2h=  0.0000 | br=14.3117 | avg= 0.5540 |   3119 ep/s | 50.5m
[Ep   9250000/50000000] avg_r=  0.025 | h2h=  0.0000 | br=14.1435 | avg= 0.5550 |   3132 ep/s | 50.8m
[Ep   9300000/50000000] avg_r= -0.031 | h2h=  0.0000 | br=14.1964 | avg= 0.5549 |   3080 ep/s | 51.1m
[Ep   9350000/50000000] avg_r= -0.034 | h2h=  0.0000 | br=14.3063 | avg= 0.5538 |   3116 ep/s | 51.4m
[Ep   9400000/50000000] avg_r=  0.031 | h2h=  0.0000 | br=14.2869 | avg= 0.5547 |   3081 ep/s | 51.6m
[Ep   9450000/50000000] avg_r= -0.048 | h2h=  0.0000 | br=14.3055 | avg= 0.5526 |   3070 ep/s | 51.9m
[Ep   9500000/50000000] avg_r=  0.020 | h2h=  0.0000 | br=14.3042 | avg= 0.5553 |   3106 ep/s | 52.2m
[Ep   9550000/50000000] avg_r=  0.038 | h2h=  0.0000 | br=14.1951 | avg= 0.5545 |   3101 ep/s | 52.4m
[Ep   9600000/50000000] avg_r=  0.048 | h2h=  0.0000 | br=14.2678 | avg= 0.5536 |   3088 ep/s | 52.7m
[Ep   9650000/50000000] avg_r=  0.034 | h2h=  0.0000 | br=14.3348 | avg= 0.5530 |   3102 ep/s | 53.0m
[Ep   9700000/50000000] avg_r= -0.001 | h2h=  0.0000 | br=14.1639 | avg= 0.5541 |   3114 ep/s | 53.2m
[Ep   9750000/50000000] avg_r=  0.046 | h2h=  0.0000 | br=14.1670 | avg= 0.5528 |   3073 ep/s | 53.5m
[Ep   9800000/50000000] avg_r=  0.028 | h2h=  0.0000 | br=14.3395 | avg= 0.5533 |   3099 ep/s | 53.8m
[Ep   9850000/50000000] avg_r= -0.009 | h2h=  0.0000 | br=14.2601 | avg= 0.5521 |   3438 ep/s | 54.0m
[Ep   9900000/50000000] avg_r=  0.046 | h2h=  0.0000 | br=14.3994 | avg= 0.5542 |   3675 ep/s | 54.2m
[Ep   9950000/50000000] avg_r= -0.004 | h2h=  0.0000 | br=14.4001 | avg= 0.5531 |   3070 ep/s | 54.5m
[Ep  10000000/50000000] avg_r=  0.002 | h2h=  0.0000 | br=14.5337 | avg= 0.5520 |   3095 ep/s | 54.8m
[H2H] ep=10000000 | avg_reward=171.1000 over 1000 games
  >>> H2H WINRATE @ ep 10000000: 171.1000
  [CHECKPOINT] saved at ep 10000000
[snapshot] ep=10000000 -> /home/anthonyn/cos435/cpp-implementation/snapshots/holdem_64x64_baseline/ep10000000
[Ep  10050000/50000000] avg_r= -0.018 | h2h=171.1000 | br=14.3715 | avg= 0.5528 |   1185 ep/s | 55.5m
[Ep  10100000/50000000] avg_r=  0.013 | h2h=171.1000 | br=14.2704 | avg= 0.5537 |   3086 ep/s | 55.8m
[Ep  10150000/50000000] avg_r=  0.006 | h2h=171.1000 | br=14.1697 | avg= 0.5524 |   3079 ep/s | 56.0m
[Ep  10200000/50000000] avg_r=  0.016 | h2h=171.1000 | br=14.2451 | avg= 0.5516 |   3182 ep/s | 56.3m
[Ep  10250000/50000000] avg_r=  0.077 | h2h=171.1000 | br=14.2147 | avg= 0.5528 |   3781 ep/s | 56.5m
[Ep  10300000/50000000] avg_r= -0.091 | h2h=171.1000 | br=14.2141 | avg= 0.5525 |   3236 ep/s | 56.8m
[Ep  10350000/50000000] avg_r= -0.042 | h2h=171.1000 | br=14.1719 | avg= 0.5517 |   2899 ep/s | 57.1m
[Ep  10400000/50000000] avg_r=  0.025 | h2h=171.1000 | br=14.1664 | avg= 0.5527 |   2839 ep/s | 57.4m
[Ep  10450000/50000000] avg_r= -0.033 | h2h=171.1000 | br=14.0177 | avg= 0.5523 |   2895 ep/s | 57.6m
[Ep  10500000/50000000] avg_r=  0.022 | h2h=171.1000 | br=14.1873 | avg= 0.5512 |   2858 ep/s | 57.9m
[Ep  10550000/50000000] avg_r= -0.056 | h2h=171.1000 | br=14.2086 | avg= 0.5504 |   3073 ep/s | 58.2m
[Ep  10600000/50000000] avg_r=  0.005 | h2h=171.1000 | br=14.2339 | avg= 0.5513 |   3088 ep/s | 58.5m
[Ep  10650000/50000000] avg_r=  0.014 | h2h=171.1000 | br=14.2324 | avg= 0.5521 |   3084 ep/s | 58.7m
[Ep  10700000/50000000] avg_r= -0.035 | h2h=171.1000 | br=14.2254 | avg= 0.5521 |   3125 ep/s | 59.0m
[Ep  10750000/50000000] avg_r= -0.014 | h2h=171.1000 | br=14.0176 | avg= 0.5520 |   3088 ep/s | 59.3m
[Ep  10800000/50000000] avg_r=  0.002 | h2h=171.1000 | br=14.0378 | avg= 0.5503 |   3085 ep/s | 59.5m
[Ep  10850000/50000000] avg_r= -0.006 | h2h=171.1000 | br=14.1214 | avg= 0.5510 |   3115 ep/s | 59.8m
[Ep  10900000/50000000] avg_r=  0.053 | h2h=171.1000 | br=13.9635 | avg= 0.5526 |   3104 ep/s | 60.1m
[Ep  10950000/50000000] avg_r= -0.063 | h2h=171.1000 | br=13.6928 | avg= 0.5518 |   3067 ep/s | 60.4m
[Ep  11000000/50000000] avg_r= -0.018 | h2h=171.1000 | br=13.7233 | avg= 0.5495 |   3115 ep/s | 60.6m
[Ep  11050000/50000000] avg_r= -0.030 | h2h=171.1000 | br=13.8980 | avg= 0.5503 |   3102 ep/s | 60.9m
[Ep  11100000/50000000] avg_r= -0.036 | h2h=171.1000 | br=14.0385 | avg= 0.5498 |   3052 ep/s | 61.2m
[Ep  11150000/50000000] avg_r= -0.055 | h2h=171.1000 | br=14.1373 | avg= 0.5510 |   3070 ep/s | 61.4m
[Ep  11200000/50000000] avg_r= -0.010 | h2h=171.1000 | br=14.0952 | avg= 0.5508 |   3069 ep/s | 61.7m
[Ep  11250000/50000000] avg_r= -0.011 | h2h=171.1000 | br=14.0945 | avg= 0.5506 |   3065 ep/s | 62.0m
[Ep  11300000/50000000] avg_r= -0.077 | h2h=171.1000 | br=13.9988 | avg= 0.5492 |   3055 ep/s | 62.3m
[Ep  11350000/50000000] avg_r= -0.028 | h2h=171.1000 | br=14.0983 | avg= 0.5496 |   3086 ep/s | 62.5m
[Ep  11400000/50000000] avg_r= -0.024 | h2h=171.1000 | br=14.2408 | avg= 0.5496 |   3084 ep/s | 62.8m
[Ep  11450000/50000000] avg_r= -0.015 | h2h=171.1000 | br=14.2013 | avg= 0.5507 |   3077 ep/s | 63.1m
[Ep  11500000/50000000] avg_r= -0.019 | h2h=171.1000 | br=14.1059 | avg= 0.5516 |   3092 ep/s | 63.3m
[Ep  11550000/50000000] avg_r= -0.016 | h2h=171.1000 | br=14.1524 | avg= 0.5495 |   3093 ep/s | 63.6m
[Ep  11600000/50000000] avg_r= -0.096 | h2h=171.1000 | br=13.9714 | avg= 0.5519 |   3102 ep/s | 63.9m
[Ep  11650000/50000000] avg_r= -0.045 | h2h=171.1000 | br=13.9889 | avg= 0.5496 |   3114 ep/s | 64.1m
[Ep  11700000/50000000] avg_r= -0.019 | h2h=171.1000 | br=13.9082 | avg= 0.5506 |   3089 ep/s | 64.4m
[Ep  11750000/50000000] avg_r= -0.051 | h2h=171.1000 | br=14.0678 | avg= 0.5493 |   3054 ep/s | 64.7m
[Ep  11800000/50000000] avg_r=  0.029 | h2h=171.1000 | br=14.1380 | avg= 0.5510 |   3080 ep/s | 65.0m
[Ep  11850000/50000000] avg_r= -0.030 | h2h=171.1000 | br=13.8119 | avg= 0.5502 |   3009 ep/s | 65.2m
[Ep  11900000/50000000] avg_r=  0.015 | h2h=171.1000 | br=13.9568 | avg= 0.5490 |   3049 ep/s | 65.5m
[Ep  11950000/50000000] avg_r= -0.024 | h2h=171.1000 | br=13.8687 | avg= 0.5509 |   3074 ep/s | 65.8m
[Ep  12000000/50000000] avg_r= -0.039 | h2h=171.1000 | br=13.7697 | avg= 0.5504 |   3075 ep/s | 66.0m
[Ep  12050000/50000000] avg_r= -0.010 | h2h=171.1000 | br=13.8384 | avg= 0.5487 |   3071 ep/s | 66.3m
[Ep  12100000/50000000] avg_r=  0.045 | h2h=171.1000 | br=13.8415 | avg= 0.5478 |   3062 ep/s | 66.6m
[Ep  12150000/50000000] avg_r= -0.063 | h2h=171.1000 | br=13.8188 | avg= 0.5478 |   3092 ep/s | 66.9m
[Ep  12200000/50000000] avg_r= -0.015 | h2h=171.1000 | br=13.7032 | avg= 0.5487 |   3004 ep/s | 67.1m
[Ep  12250000/50000000] avg_r= -0.029 | h2h=171.1000 | br=13.7282 | avg= 0.5479 |   3047 ep/s | 67.4m
[Ep  12300000/50000000] avg_r= -0.009 | h2h=171.1000 | br=13.6600 | avg= 0.5485 |   3055 ep/s | 67.7m
[Ep  12350000/50000000] avg_r= -0.038 | h2h=171.1000 | br=13.6486 | avg= 0.5475 |   3100 ep/s | 68.0m
[Ep  12400000/50000000] avg_r= -0.047 | h2h=171.1000 | br=13.6652 | avg= 0.5492 |   3041 ep/s | 68.2m
[Ep  12450000/50000000] avg_r=  0.005 | h2h=171.1000 | br=13.5624 | avg= 0.5483 |   3064 ep/s | 68.5m
[Ep  12500000/50000000] avg_r= -0.017 | h2h=171.1000 | br=13.6657 | avg= 0.5476 |   3053 ep/s | 68.8m
[Ep  12550000/50000000] avg_r= -0.009 | h2h=171.1000 | br=13.7458 | avg= 0.5480 |   3101 ep/s | 69.0m
[Ep  12600000/50000000] avg_r= -0.051 | h2h=171.1000 | br=13.6030 | avg= 0.5462 |   3129 ep/s | 69.3m
[Ep  12650000/50000000] avg_r= -0.043 | h2h=171.1000 | br=13.6539 | avg= 0.5470 |   3099 ep/s | 69.6m
[Ep  12700000/50000000] avg_r= -0.080 | h2h=171.1000 | br=13.7424 | avg= 0.5460 |   3056 ep/s | 69.8m
[Ep  12750000/50000000] avg_r= -0.011 | h2h=171.1000 | br=13.5606 | avg= 0.5471 |   3063 ep/s | 70.1m
[Ep  12800000/50000000] avg_r=  0.002 | h2h=171.1000 | br=13.5100 | avg= 0.5460 |   3086 ep/s | 70.4m
[Ep  12850000/50000000] avg_r=  0.014 | h2h=171.1000 | br=13.4715 | avg= 0.5458 |   3048 ep/s | 70.7m
[Ep  12900000/50000000] avg_r= -0.008 | h2h=171.1000 | br=13.6091 | avg= 0.5462 |   3051 ep/s | 70.9m
[Ep  12950000/50000000] avg_r=  0.000 | h2h=171.1000 | br=13.6893 | avg= 0.5460 |   3073 ep/s | 71.2m
[Ep  13000000/50000000] avg_r=  0.002 | h2h=171.1000 | br=13.4573 | avg= 0.5462 |   3052 ep/s | 71.5m
[Ep  13050000/50000000] avg_r= -0.035 | h2h=171.1000 | br=13.5291 | avg= 0.5456 |   3052 ep/s | 71.8m
[Ep  13100000/50000000] avg_r= -0.017 | h2h=171.1000 | br=13.4035 | avg= 0.5453 |   3049 ep/s | 72.0m
[Ep  13150000/50000000] avg_r= -0.015 | h2h=171.1000 | br=13.5340 | avg= 0.5455 |   3044 ep/s | 72.3m
[Ep  13200000/50000000] avg_r= -0.023 | h2h=171.1000 | br=13.5431 | avg= 0.5455 |   3042 ep/s | 72.6m
[Ep  13250000/50000000] avg_r=  0.025 | h2h=171.1000 | br=13.5910 | avg= 0.5448 |   3086 ep/s | 72.8m
[Ep  13300000/50000000] avg_r= -0.009 | h2h=171.1000 | br=13.6581 | avg= 0.5446 |   3069 ep/s | 73.1m
[Ep  13350000/50000000] avg_r=  0.052 | h2h=171.1000 | br=13.6609 | avg= 0.5465 |   3069 ep/s | 73.4m
[Ep  13400000/50000000] avg_r= -0.033 | h2h=171.1000 | br=13.5548 | avg= 0.5430 |   3074 ep/s | 73.7m
[Ep  13450000/50000000] avg_r= -0.070 | h2h=171.1000 | br=13.5482 | avg= 0.5456 |   3074 ep/s | 73.9m
[Ep  13500000/50000000] avg_r=  0.087 | h2h=171.1000 | br=13.5229 | avg= 0.5456 |   3083 ep/s | 74.2m
[Ep  13550000/50000000] avg_r=  0.003 | h2h=171.1000 | br=13.6535 | avg= 0.5445 |   3049 ep/s | 74.5m
[Ep  13600000/50000000] avg_r= -0.008 | h2h=171.1000 | br=13.7883 | avg= 0.5445 |   3085 ep/s | 74.7m
[Ep  13650000/50000000] avg_r=  0.032 | h2h=171.1000 | br=13.7492 | avg= 0.5444 |   3023 ep/s | 75.0m
[Ep  13700000/50000000] avg_r=  0.012 | h2h=171.1000 | br=13.5350 | avg= 0.5446 |   3127 ep/s | 75.3m
[Ep  13750000/50000000] avg_r=  0.028 | h2h=171.1000 | br=13.5841 | avg= 0.5459 |   3129 ep/s | 75.6m
[Ep  13800000/50000000] avg_r=  0.067 | h2h=171.1000 | br=13.3419 | avg= 0.5448 |   3086 ep/s | 75.8m
[Ep  13850000/50000000] avg_r= -0.022 | h2h=171.1000 | br=13.4296 | avg= 0.5455 |   3087 ep/s | 76.1m
[Ep  13900000/50000000] avg_r= -0.092 | h2h=171.1000 | br=13.1232 | avg= 0.5452 |   3090 ep/s | 76.4m
[Ep  13950000/50000000] avg_r=  0.012 | h2h=171.1000 | br=13.0581 | avg= 0.5442 |   3090 ep/s | 76.6m
[Ep  14000000/50000000] avg_r= -0.005 | h2h=171.1000 | br=13.1994 | avg= 0.5442 |   3047 ep/s | 76.9m
[Ep  14050000/50000000] avg_r= -0.068 | h2h=171.1000 | br=13.2047 | avg= 0.5438 |   3084 ep/s | 77.2m
[Ep  14100000/50000000] avg_r=  0.037 | h2h=171.1000 | br=13.1276 | avg= 0.5443 |   3080 ep/s | 77.4m
[Ep  14150000/50000000] avg_r= -0.019 | h2h=171.1000 | br=13.1430 | avg= 0.5436 |   3087 ep/s | 77.7m
[Ep  14200000/50000000] avg_r= -0.045 | h2h=171.1000 | br=13.1438 | avg= 0.5465 |   3082 ep/s | 78.0m
[Ep  14250000/50000000] avg_r= -0.020 | h2h=171.1000 | br=13.1590 | avg= 0.5465 |   3115 ep/s | 78.3m
[Ep  14300000/50000000] avg_r= -0.025 | h2h=171.1000 | br=13.2875 | avg= 0.5464 |   3097 ep/s | 78.5m
[Ep  14350000/50000000] avg_r= -0.049 | h2h=171.1000 | br=13.3993 | avg= 0.5461 |   3032 ep/s | 78.8m
[Ep  14400000/50000000] avg_r= -0.068 | h2h=171.1000 | br=13.4103 | avg= 0.5448 |   3065 ep/s | 79.1m
[Ep  14450000/50000000] avg_r= -0.052 | h2h=171.1000 | br=13.3339 | avg= 0.5465 |   3089 ep/s | 79.3m
[Ep  14500000/50000000] avg_r= -0.017 | h2h=171.1000 | br=13.3474 | avg= 0.5462 |   3076 ep/s | 79.6m
[Ep  14550000/50000000] avg_r=  0.057 | h2h=171.1000 | br=13.3427 | avg= 0.5457 |   3069 ep/s | 79.9m
[Ep  14600000/50000000] avg_r= -0.015 | h2h=171.1000 | br=13.2453 | avg= 0.5463 |   3098 ep/s | 80.1m
[Ep  14650000/50000000] avg_r= -0.029 | h2h=171.1000 | br=13.5041 | avg= 0.5446 |   3098 ep/s | 80.4m
[Ep  14700000/50000000] avg_r= -0.043 | h2h=171.1000 | br=13.3392 | avg= 0.5461 |   3073 ep/s | 80.7m
[Ep  14750000/50000000] avg_r= -0.013 | h2h=171.1000 | br=13.1712 | avg= 0.5455 |   3082 ep/s | 81.0m
[Ep  14800000/50000000] avg_r= -0.012 | h2h=171.1000 | br=13.2318 | avg= 0.5446 |   3070 ep/s | 81.2m
[Ep  14850000/50000000] avg_r= -0.086 | h2h=171.1000 | br=13.1321 | avg= 0.5459 |   3094 ep/s | 81.5m
[Ep  14900000/50000000] avg_r=  0.006 | h2h=171.1000 | br=13.0140 | avg= 0.5446 |   3093 ep/s | 81.8m
[Ep  14950000/50000000] avg_r= -0.052 | h2h=171.1000 | br=12.9372 | avg= 0.5444 |   3057 ep/s | 82.0m
[Ep  15000000/50000000] avg_r= -0.051 | h2h=171.1000 | br=12.8240 | avg= 0.5459 |   3044 ep/s | 82.3m
[Ep  15050000/50000000] avg_r= -0.033 | h2h=171.1000 | br=12.8514 | avg= 0.5439 |   3108 ep/s | 82.6m
[Ep  15100000/50000000] avg_r= -0.094 | h2h=171.1000 | br=12.8716 | avg= 0.5457 |   3054 ep/s | 82.9m
[Ep  15150000/50000000] avg_r= -0.059 | h2h=171.1000 | br=12.8655 | avg= 0.5459 |   3077 ep/s | 83.1m
[Ep  15200000/50000000] avg_r= -0.024 | h2h=171.1000 | br=12.9650 | avg= 0.5452 |   3088 ep/s | 83.4m
[Ep  15250000/50000000] avg_r= -0.039 | h2h=171.1000 | br=12.9590 | avg= 0.5445 |   3073 ep/s | 83.7m
[Ep  15300000/50000000] avg_r=  0.003 | h2h=171.1000 | br=13.0413 | avg= 0.5455 |   3094 ep/s | 83.9m
[Ep  15350000/50000000] avg_r=  0.076 | h2h=171.1000 | br=12.9831 | avg= 0.5444 |   3080 ep/s | 84.2m
[Ep  15400000/50000000] avg_r= -0.039 | h2h=171.1000 | br=13.0065 | avg= 0.5461 |   3092 ep/s | 84.5m
[Ep  15450000/50000000] avg_r= -0.005 | h2h=171.1000 | br=13.0739 | avg= 0.5447 |   3083 ep/s | 84.7m
[Ep  15500000/50000000] avg_r= -0.016 | h2h=171.1000 | br=13.1835 | avg= 0.5457 |   3041 ep/s | 85.0m
[Ep  15550000/50000000] avg_r=  0.036 | h2h=171.1000 | br=13.3925 | avg= 0.5442 |   3078 ep/s | 85.3m
[Ep  15600000/50000000] avg_r=  0.046 | h2h=171.1000 | br=13.2976 | avg= 0.5444 |   3080 ep/s | 85.6m
[Ep  15650000/50000000] avg_r= -0.030 | h2h=171.1000 | br=13.0662 | avg= 0.5438 |   3132 ep/s | 85.8m
[Ep  15700000/50000000] avg_r= -0.008 | h2h=171.1000 | br=13.3230 | avg= 0.5440 |   3099 ep/s | 86.1m
[Ep  15750000/50000000] avg_r= -0.086 | h2h=171.1000 | br=13.2727 | avg= 0.5444 |   3053 ep/s | 86.4m
[Ep  15800000/50000000] avg_r= -0.006 | h2h=171.1000 | br=13.3384 | avg= 0.5436 |   3136 ep/s | 86.6m
[Ep  15850000/50000000] avg_r=  0.016 | h2h=171.1000 | br=13.4033 | avg= 0.5437 |   3086 ep/s | 86.9m
[Ep  15900000/50000000] avg_r= -0.025 | h2h=171.1000 | br=13.6329 | avg= 0.5433 |   3120 ep/s | 87.2m
[Ep  15950000/50000000] avg_r= -0.075 | h2h=171.1000 | br=13.6719 | avg= 0.5444 |   3102 ep/s | 87.4m
[Ep  16000000/50000000] avg_r= -0.039 | h2h=171.1000 | br=13.5835 | avg= 0.5437 |   3091 ep/s | 87.7m
[Ep  16050000/50000000] avg_r= -0.068 | h2h=171.1000 | br=13.4337 | avg= 0.5437 |   3067 ep/s | 88.0m
[Ep  16100000/50000000] avg_r=  0.003 | h2h=171.1000 | br=13.4304 | avg= 0.5429 |   3062 ep/s | 88.3m
[Ep  16150000/50000000] avg_r= -0.027 | h2h=171.1000 | br=13.5071 | avg= 0.5432 |   3097 ep/s | 88.5m
[Ep  16200000/50000000] avg_r= -0.023 | h2h=171.1000 | br=13.4690 | avg= 0.5429 |   3091 ep/s | 88.8m
[Ep  16250000/50000000] avg_r=  0.008 | h2h=171.1000 | br=13.3457 | avg= 0.5428 |   3089 ep/s | 89.1m
[Ep  16300000/50000000] avg_r= -0.051 | h2h=171.1000 | br=13.3898 | avg= 0.5426 |   3017 ep/s | 89.3m
[Ep  16350000/50000000] avg_r=  0.004 | h2h=171.1000 | br=13.3884 | avg= 0.5427 |   3055 ep/s | 89.6m
[Ep  16400000/50000000] avg_r= -0.047 | h2h=171.1000 | br=13.5300 | avg= 0.5432 |   3051 ep/s | 89.9m
[Ep  16450000/50000000] avg_r=  0.000 | h2h=171.1000 | br=13.3912 | avg= 0.5421 |   3065 ep/s | 90.2m
[Ep  16500000/50000000] avg_r=  0.069 | h2h=171.1000 | br=13.4064 | avg= 0.5414 |   3069 ep/s | 90.4m
[Ep  16550000/50000000] avg_r= -0.070 | h2h=171.1000 | br=13.5691 | avg= 0.5412 |   3038 ep/s | 90.7m
[Ep  16600000/50000000] avg_r= -0.060 | h2h=171.1000 | br=13.2704 | avg= 0.5437 |   3068 ep/s | 91.0m
[Ep  16650000/50000000] avg_r= -0.088 | h2h=171.1000 | br=13.5674 | avg= 0.5422 |   3041 ep/s | 91.3m
[Ep  16700000/50000000] avg_r= -0.053 | h2h=171.1000 | br=13.5104 | avg= 0.5417 |   3105 ep/s | 91.5m
[Ep  16750000/50000000] avg_r= -0.041 | h2h=171.1000 | br=13.2993 | avg= 0.5425 |   3079 ep/s | 91.8m
[Ep  16800000/50000000] avg_r= -0.032 | h2h=171.1000 | br=13.3315 | avg= 0.5401 |   3029 ep/s | 92.1m
[Ep  16850000/50000000] avg_r= -0.053 | h2h=171.1000 | br=13.4176 | avg= 0.5414 |   3084 ep/s | 92.3m
[Ep  16900000/50000000] avg_r=  0.035 | h2h=171.1000 | br=13.2579 | avg= 0.5412 |   3074 ep/s | 92.6m
[Ep  16950000/50000000] avg_r=  0.026 | h2h=171.1000 | br=13.2711 | avg= 0.5417 |   3080 ep/s | 92.9m
[Ep  17000000/50000000] avg_r= -0.020 | h2h=171.1000 | br=13.1510 | avg= 0.5415 |   3096 ep/s | 93.1m
[Ep  17050000/50000000] avg_r= -0.036 | h2h=171.1000 | br=13.0931 | avg= 0.5420 |   3056 ep/s | 93.4m
[Ep  17100000/50000000] avg_r=  0.044 | h2h=171.1000 | br=13.1696 | avg= 0.5420 |   3097 ep/s | 93.7m
[Ep  17150000/50000000] avg_r=  0.071 | h2h=171.1000 | br=13.3008 | avg= 0.5411 |   3110 ep/s | 94.0m
[Ep  17200000/50000000] avg_r=  0.014 | h2h=171.1000 | br=13.3887 | avg= 0.5411 |   3081 ep/s | 94.2m
[Ep  17250000/50000000] avg_r= -0.029 | h2h=171.1000 | br=13.3284 | avg= 0.5411 |   3079 ep/s | 94.5m
[Ep  17300000/50000000] avg_r= -0.026 | h2h=171.1000 | br=13.4182 | avg= 0.5406 |   3095 ep/s | 94.8m
[Ep  17350000/50000000] avg_r= -0.036 | h2h=171.1000 | br=13.3001 | avg= 0.5415 |   3032 ep/s | 95.0m
[Ep  17400000/50000000] avg_r= -0.062 | h2h=171.1000 | br=13.5153 | avg= 0.5419 |   3117 ep/s | 95.3m
[Ep  17450000/50000000] avg_r= -0.029 | h2h=171.1000 | br=13.6220 | avg= 0.5396 |   3150 ep/s | 95.6m
[Ep  17500000/50000000] avg_r=  0.050 | h2h=171.1000 | br=13.5713 | avg= 0.5392 |   3112 ep/s | 95.8m
[Ep  17550000/50000000] avg_r=  0.015 | h2h=171.1000 | br=13.5242 | avg= 0.5405 |   3042 ep/s | 96.1m
[Ep  17600000/50000000] avg_r=  0.041 | h2h=171.1000 | br=13.4764 | avg= 0.5418 |   3060 ep/s | 96.4m
[Ep  17650000/50000000] avg_r= -0.023 | h2h=171.1000 | br=13.3655 | avg= 0.5401 |   3081 ep/s | 96.7m
[Ep  17700000/50000000] avg_r= -0.026 | h2h=171.1000 | br=13.4939 | avg= 0.5416 |   3107 ep/s | 96.9m
[Ep  17750000/50000000] avg_r=  0.030 | h2h=171.1000 | br=13.6480 | avg= 0.5423 |   3093 ep/s | 97.2m
[Ep  17800000/50000000] avg_r=  0.028 | h2h=171.1000 | br=13.6196 | avg= 0.5399 |   3063 ep/s | 97.5m
[Ep  17850000/50000000] avg_r= -0.008 | h2h=171.1000 | br=13.7723 | avg= 0.5410 |   3065 ep/s | 97.7m
[Ep  17900000/50000000] avg_r= -0.006 | h2h=171.1000 | br=13.6150 | avg= 0.5414 |   3063 ep/s | 98.0m
[Ep  17950000/50000000] avg_r= -0.013 | h2h=171.1000 | br=13.2536 | avg= 0.5405 |   3111 ep/s | 98.3m
[Ep  18000000/50000000] avg_r= -0.038 | h2h=171.1000 | br=13.3839 | avg= 0.5404 |   3084 ep/s | 98.5m
[Ep  18050000/50000000] avg_r=  0.015 | h2h=171.1000 | br=13.3968 | avg= 0.5408 |   3103 ep/s | 98.8m
[Ep  18100000/50000000] avg_r= -0.075 | h2h=171.1000 | br=13.3494 | avg= 0.5414 |   3085 ep/s | 99.1m
[Ep  18150000/50000000] avg_r=  0.032 | h2h=171.1000 | br=13.1744 | avg= 0.5415 |   3020 ep/s | 99.4m
[Ep  18200000/50000000] avg_r= -0.030 | h2h=171.1000 | br=13.2141 | avg= 0.5412 |   3064 ep/s | 99.6m
[Ep  18250000/50000000] avg_r=  0.003 | h2h=171.1000 | br=13.1428 | avg= 0.5402 |   3052 ep/s | 99.9m
[Ep  18300000/50000000] avg_r= -0.034 | h2h=171.1000 | br=13.1315 | avg= 0.5404 |   3073 ep/s | 100.2m
[Ep  18350000/50000000] avg_r=  0.020 | h2h=171.1000 | br=12.9464 | avg= 0.5411 |   2963 ep/s | 100.5m
[Ep  18400000/50000000] avg_r=  0.016 | h2h=171.1000 | br=13.0345 | avg= 0.5405 |   3026 ep/s | 100.7m
[Ep  18450000/50000000] avg_r= -0.027 | h2h=171.1000 | br=13.1111 | avg= 0.5417 |   2802 ep/s | 101.0m
[Ep  18500000/50000000] avg_r= -0.124 | h2h=171.1000 | br=13.1201 | avg= 0.5397 |   3051 ep/s | 101.3m
[Ep  18550000/50000000] avg_r= -0.072 | h2h=171.1000 | br=13.1182 | avg= 0.5413 |   2959 ep/s | 101.6m
[Ep  18600000/50000000] avg_r= -0.039 | h2h=171.1000 | br=13.1059 | avg= 0.5401 |   2970 ep/s | 101.9m
[Ep  18650000/50000000] avg_r= -0.047 | h2h=171.1000 | br=13.1114 | avg= 0.5394 |   3010 ep/s | 102.1m
[Ep  18700000/50000000] avg_r= -0.076 | h2h=171.1000 | br=13.1383 | avg= 0.5406 |   2945 ep/s | 102.4m
[Ep  18750000/50000000] avg_r= -0.036 | h2h=171.1000 | br=13.1354 | avg= 0.5404 |   3065 ep/s | 102.7m
[Ep  18800000/50000000] avg_r= -0.074 | h2h=171.1000 | br=13.0345 | avg= 0.5406 |   2983 ep/s | 103.0m
[Ep  18850000/50000000] avg_r= -0.041 | h2h=171.1000 | br=13.0754 | avg= 0.5390 |   2945 ep/s | 103.3m
[Ep  18900000/50000000] avg_r= -0.023 | h2h=171.1000 | br=13.0639 | avg= 0.5388 |   2952 ep/s | 103.5m
[Ep  18950000/50000000] avg_r= -0.017 | h2h=171.1000 | br=13.1267 | avg= 0.5409 |   3007 ep/s | 103.8m
[Ep  19000000/50000000] avg_r= -0.041 | h2h=171.1000 | br=13.2807 | avg= 0.5403 |   2917 ep/s | 104.1m
[Ep  19050000/50000000] avg_r= -0.017 | h2h=171.1000 | br=13.3024 | avg= 0.5393 |   2852 ep/s | 104.4m
[Ep  19100000/50000000] avg_r= -0.116 | h2h=171.1000 | br=13.2742 | avg= 0.5409 |   2884 ep/s | 104.7m
[Ep  19150000/50000000] avg_r= -0.024 | h2h=171.1000 | br=13.1562 | avg= 0.5391 |   2931 ep/s | 105.0m
[Ep  19200000/50000000] avg_r= -0.056 | h2h=171.1000 | br=13.0808 | avg= 0.5406 |   2927 ep/s | 105.3m
[Ep  19250000/50000000] avg_r= -0.045 | h2h=171.1000 | br=13.1633 | avg= 0.5399 |   3037 ep/s | 105.5m
[Ep  19300000/50000000] avg_r= -0.112 | h2h=171.1000 | br=13.0678 | avg= 0.5388 |   3017 ep/s | 105.8m
[Ep  19350000/50000000] avg_r= -0.077 | h2h=171.1000 | br=13.2260 | avg= 0.5403 |   3038 ep/s | 106.1m
[Ep  19400000/50000000] avg_r=  0.003 | h2h=171.1000 | br=13.3450 | avg= 0.5392 |   3182 ep/s | 106.3m
[Ep  19450000/50000000] avg_r= -0.024 | h2h=171.1000 | br=13.1899 | avg= 0.5392 |   3727 ep/s | 106.6m
[Ep  19500000/50000000] avg_r= -0.020 | h2h=171.1000 | br=13.1076 | avg= 0.5405 |   3750 ep/s | 106.8m
[Ep  19550000/50000000] avg_r=  0.006 | h2h=171.1000 | br=13.1632 | avg= 0.5405 |   3728 ep/s | 107.0m
[Ep  19600000/50000000] avg_r= -0.041 | h2h=171.1000 | br=13.4063 | avg= 0.5405 |   3670 ep/s | 107.2m
[Ep  19650000/50000000] avg_r= -0.007 | h2h=171.1000 | br=13.2621 | avg= 0.5392 |   3496 ep/s | 107.5m
[Ep  19700000/50000000] avg_r= -0.061 | h2h=171.1000 | br=13.1801 | avg= 0.5388 |   3019 ep/s | 107.8m
[Ep  19750000/50000000] avg_r=  0.027 | h2h=171.1000 | br=12.9956 | avg= 0.5374 |   3013 ep/s | 108.0m
[Ep  19800000/50000000] avg_r= -0.106 | h2h=171.1000 | br=12.9910 | avg= 0.5399 |   3002 ep/s | 108.3m
[Ep  19850000/50000000] avg_r= -0.042 | h2h=171.1000 | br=12.9573 | avg= 0.5400 |   3048 ep/s | 108.6m
[Ep  19900000/50000000] avg_r= -0.017 | h2h=171.1000 | br=13.1007 | avg= 0.5403 |   3054 ep/s | 108.9m
[Ep  19950000/50000000] avg_r= -0.065 | h2h=171.1000 | br=12.9708 | avg= 0.5395 |   3030 ep/s | 109.1m
[Ep  20000000/50000000] avg_r= -0.045 | h2h=171.1000 | br=12.9991 | avg= 0.5398 |   3059 ep/s | 109.4m
[H2H] ep=20000000 | avg_reward=144.4500 over 1000 games
  >>> H2H WINRATE @ ep 20000000: 144.4500
  [CHECKPOINT] saved at ep 20000000
[Ep  20050000/50000000] avg_r= -0.071 | h2h=144.4500 | br=13.1127 | avg= 0.5381 |    664 ep/s | 110.7m
[snapshot] ep=20000000 -> /home/anthonyn/cos435/cpp-implementation/snapshots/holdem_64x64_baseline/ep20000000
[Ep  20100000/50000000] avg_r= -0.002 | h2h=144.4500 | br=13.0733 | avg= 0.5393 |   3077 ep/s | 110.9m
[Ep  20150000/50000000] avg_r=  0.028 | h2h=144.4500 | br=12.9086 | avg= 0.5392 |   3074 ep/s | 111.2m
[Ep  20200000/50000000] avg_r= -0.002 | h2h=144.4500 | br=13.0328 | avg= 0.5386 |   3059 ep/s | 111.5m
[Ep  20250000/50000000] avg_r= -0.082 | h2h=144.4500 | br=12.9812 | avg= 0.5381 |   3063 ep/s | 111.7m
[Ep  20300000/50000000] avg_r=  0.005 | h2h=144.4500 | br=12.9776 | avg= 0.5392 |   3074 ep/s | 112.0m
[Ep  20350000/50000000] avg_r= -0.013 | h2h=144.4500 | br=12.9112 | avg= 0.5381 |   3093 ep/s | 112.3m
[Ep  20400000/50000000] avg_r= -0.066 | h2h=144.4500 | br=12.9109 | avg= 0.5371 |   3072 ep/s | 112.6m
[Ep  20450000/50000000] avg_r= -0.096 | h2h=144.4500 | br=13.0352 | avg= 0.5393 |   3013 ep/s | 112.8m
[Ep  20500000/50000000] avg_r= -0.093 | h2h=144.4500 | br=13.2132 | avg= 0.5380 |   3048 ep/s | 113.1m
[Ep  20550000/50000000] avg_r= -0.068 | h2h=144.4500 | br=13.0313 | avg= 0.5396 |   3050 ep/s | 113.4m
[Ep  20600000/50000000] avg_r= -0.050 | h2h=144.4500 | br=13.2454 | avg= 0.5385 |   3068 ep/s | 113.7m
[Ep  20650000/50000000] avg_r= -0.068 | h2h=144.4500 | br=13.2967 | avg= 0.5387 |   3052 ep/s | 113.9m
[Ep  20700000/50000000] avg_r= -0.024 | h2h=144.4500 | br=13.3393 | avg= 0.5378 |   3602 ep/s | 114.2m
[Ep  20750000/50000000] avg_r= -0.048 | h2h=144.4500 | br=13.3686 | avg= 0.5386 |   3702 ep/s | 114.4m
[Ep  20800000/50000000] avg_r= -0.023 | h2h=144.4500 | br=13.3325 | avg= 0.5369 |   3699 ep/s | 114.6m
[Ep  20850000/50000000] avg_r= -0.022 | h2h=144.4500 | br=13.2874 | avg= 0.5384 |   3651 ep/s | 114.8m
[Ep  20900000/50000000] avg_r= -0.033 | h2h=144.4500 | br=13.2700 | avg= 0.5391 |   3607 ep/s | 115.1m
[Ep  20950000/50000000] avg_r= -0.047 | h2h=144.4500 | br=13.1879 | avg= 0.5376 |   3243 ep/s | 115.3m
[Ep  21000000/50000000] avg_r= -0.063 | h2h=144.4500 | br=13.2588 | avg= 0.5379 |   2652 ep/s | 115.6m
[Ep  21050000/50000000] avg_r= -0.058 | h2h=144.4500 | br=13.3130 | avg= 0.5382 |   2733 ep/s | 115.9m
[Ep  21100000/50000000] avg_r= -0.018 | h2h=144.4500 | br=13.1045 | avg= 0.5372 |   2801 ep/s | 116.2m
[Ep  21150000/50000000] avg_r= -0.047 | h2h=144.4500 | br=13.2322 | avg= 0.5371 |   2916 ep/s | 116.5m
[Ep  21200000/50000000] avg_r= -0.028 | h2h=144.4500 | br=13.1928 | avg= 0.5375 |   2979 ep/s | 116.8m
[Ep  21250000/50000000] avg_r= -0.066 | h2h=144.4500 | br=13.3338 | avg= 0.5365 |   3039 ep/s | 117.1m
[Ep  21300000/50000000] avg_r= -0.072 | h2h=144.4500 | br=13.3849 | avg= 0.5370 |   2962 ep/s | 117.4m
[Ep  21350000/50000000] avg_r=  0.021 | h2h=144.4500 | br=13.3519 | avg= 0.5366 |   2991 ep/s | 117.6m
[Ep  21400000/50000000] avg_r= -0.023 | h2h=144.4500 | br=13.4710 | avg= 0.5372 |   2976 ep/s | 117.9m
[Ep  21450000/50000000] avg_r= -0.057 | h2h=144.4500 | br=13.3112 | avg= 0.5361 |   3010 ep/s | 118.2m
[Ep  21500000/50000000] avg_r= -0.052 | h2h=144.4500 | br=13.1419 | avg= 0.5391 |   2972 ep/s | 118.5m
[Ep  21550000/50000000] avg_r= -0.031 | h2h=144.4500 | br=13.0095 | avg= 0.5367 |   2917 ep/s | 118.8m
[Ep  21600000/50000000] avg_r= -0.003 | h2h=144.4500 | br=13.0179 | avg= 0.5369 |   2974 ep/s | 119.0m
[Ep  21650000/50000000] avg_r= -0.004 | h2h=144.4500 | br=13.0138 | avg= 0.5377 |   2976 ep/s | 119.3m
[Ep  21700000/50000000] avg_r= -0.046 | h2h=144.4500 | br=13.1017 | avg= 0.5377 |   2958 ep/s | 119.6m
[Ep  21750000/50000000] avg_r= -0.083 | h2h=144.4500 | br=13.2380 | avg= 0.5370 |   2915 ep/s | 119.9m
[Ep  21800000/50000000] avg_r=  0.010 | h2h=144.4500 | br=13.1422 | avg= 0.5373 |   3028 ep/s | 120.2m
[Ep  21850000/50000000] avg_r= -0.016 | h2h=144.4500 | br=13.0273 | avg= 0.5355 |   3071 ep/s | 120.4m
[Ep  21900000/50000000] avg_r= -0.035 | h2h=144.4500 | br=13.1025 | avg= 0.5372 |   3071 ep/s | 120.7m
[Ep  21950000/50000000] avg_r= -0.071 | h2h=144.4500 | br=13.1434 | avg= 0.5378 |   3053 ep/s | 121.0m
[Ep  22000000/50000000] avg_r= -0.033 | h2h=144.4500 | br=13.0754 | avg= 0.5358 |   2991 ep/s | 121.3m
[Ep  22050000/50000000] avg_r= -0.127 | h2h=144.4500 | br=12.9933 | avg= 0.5370 |   3034 ep/s | 121.5m
[Ep  22100000/50000000] avg_r= -0.048 | h2h=144.4500 | br=13.1123 | avg= 0.5371 |   3048 ep/s | 121.8m
[Ep  22150000/50000000] avg_r= -0.066 | h2h=144.4500 | br=13.1034 | avg= 0.5376 |   3085 ep/s | 122.1m
[Ep  22200000/50000000] avg_r= -0.076 | h2h=144.4500 | br=12.8966 | avg= 0.5374 |   3075 ep/s | 122.3m
[Ep  22250000/50000000] avg_r= -0.011 | h2h=144.4500 | br=12.9494 | avg= 0.5361 |   3008 ep/s | 122.6m
[Ep  22300000/50000000] avg_r=  0.045 | h2h=144.4500 | br=12.9851 | avg= 0.5365 |   2988 ep/s | 122.9m
[Ep  22350000/50000000] avg_r= -0.041 | h2h=144.4500 | br=13.1236 | avg= 0.5376 |   3066 ep/s | 123.2m
[Ep  22400000/50000000] avg_r= -0.014 | h2h=144.4500 | br=12.9813 | avg= 0.5372 |   3000 ep/s | 123.5m
[Ep  22450000/50000000] avg_r= -0.122 | h2h=144.4500 | br=13.0937 | avg= 0.5376 |   3021 ep/s | 123.7m
[Ep  22500000/50000000] avg_r= -0.015 | h2h=144.4500 | br=13.1701 | avg= 0.5377 |   3017 ep/s | 124.0m
[Ep  22550000/50000000] avg_r= -0.125 | h2h=144.4500 | br=13.0797 | avg= 0.5365 |   3035 ep/s | 124.3m
[Ep  22600000/50000000] avg_r= -0.042 | h2h=144.4500 | br=13.0165 | avg= 0.5367 |   3044 ep/s | 124.6m
[Ep  22650000/50000000] avg_r= -0.084 | h2h=144.4500 | br=12.7004 | avg= 0.5381 |   3046 ep/s | 124.8m
[Ep  22700000/50000000] avg_r= -0.063 | h2h=144.4500 | br=12.5691 | avg= 0.5377 |   2962 ep/s | 125.1m
[Ep  22750000/50000000] avg_r= -0.055 | h2h=144.4500 | br=12.7310 | avg= 0.5367 |   3027 ep/s | 125.4m
[Ep  22800000/50000000] avg_r= -0.054 | h2h=144.4500 | br=12.6225 | avg= 0.5371 |   3027 ep/s | 125.7m
[Ep  22850000/50000000] avg_r= -0.106 | h2h=144.4500 | br=12.6825 | avg= 0.5370 |   3032 ep/s | 125.9m
[Ep  22900000/50000000] avg_r= -0.043 | h2h=144.4500 | br=12.7348 | avg= 0.5383 |   3024 ep/s | 126.2m
[Ep  22950000/50000000] avg_r= -0.044 | h2h=144.4500 | br=12.8200 | avg= 0.5374 |   3052 ep/s | 126.5m
[Ep  23000000/50000000] avg_r= -0.029 | h2h=144.4500 | br=12.5932 | avg= 0.5376 |   3004 ep/s | 126.8m
[Ep  23050000/50000000] avg_r= -0.039 | h2h=144.4500 | br=12.7122 | avg= 0.5362 |   3013 ep/s | 127.0m
[Ep  23100000/50000000] avg_r= -0.054 | h2h=144.4500 | br=12.8687 | avg= 0.5379 |   2995 ep/s | 127.3m
[Ep  23150000/50000000] avg_r= -0.059 | h2h=144.4500 | br=12.7945 | avg= 0.5390 |   3094 ep/s | 127.6m
[Ep  23200000/50000000] avg_r=  0.038 | h2h=144.4500 | br=12.6612 | avg= 0.5376 |   2988 ep/s | 127.9m
[Ep  23250000/50000000] avg_r= -0.088 | h2h=144.4500 | br=12.8092 | avg= 0.5367 |   3028 ep/s | 128.1m
[Ep  23300000/50000000] avg_r= -0.058 | h2h=144.4500 | br=12.8674 | avg= 0.5380 |   3064 ep/s | 128.4m
[Ep  23350000/50000000] avg_r= -0.050 | h2h=144.4500 | br=12.7858 | avg= 0.5395 |   3078 ep/s | 128.7m
[Ep  23400000/50000000] avg_r= -0.043 | h2h=144.4500 | br=12.9332 | avg= 0.5361 |   3052 ep/s | 129.0m
[Ep  23450000/50000000] avg_r= -0.088 | h2h=144.4500 | br=12.9105 | avg= 0.5371 |   3004 ep/s | 129.2m
[Ep  23500000/50000000] avg_r= -0.064 | h2h=144.4500 | br=13.0926 | avg= 0.5375 |   3034 ep/s | 129.5m
[Ep  23550000/50000000] avg_r= -0.095 | h2h=144.4500 | br=13.0799 | avg= 0.5373 |   3014 ep/s | 129.8m
[Ep  23600000/50000000] avg_r= -0.104 | h2h=144.4500 | br=12.9892 | avg= 0.5366 |   3041 ep/s | 130.1m
[Ep  23650000/50000000] avg_r= -0.066 | h2h=144.4500 | br=12.9110 | avg= 0.5385 |   3044 ep/s | 130.3m
[Ep  23700000/50000000] avg_r= -0.062 | h2h=144.4500 | br=13.0053 | avg= 0.5359 |   3064 ep/s | 130.6m
[Ep  23750000/50000000] avg_r= -0.032 | h2h=144.4500 | br=13.0117 | avg= 0.5374 |   3032 ep/s | 130.9m
[Ep  23800000/50000000] avg_r= -0.061 | h2h=144.4500 | br=12.9116 | avg= 0.5387 |   3026 ep/s | 131.2m
[Ep  23850000/50000000] avg_r= -0.051 | h2h=144.4500 | br=12.9681 | avg= 0.5386 |   3041 ep/s | 131.4m
[Ep  23900000/50000000] avg_r= -0.120 | h2h=144.4500 | br=12.9402 | avg= 0.5373 |   3080 ep/s | 131.7m
[Ep  23950000/50000000] avg_r= -0.079 | h2h=144.4500 | br=13.0236 | avg= 0.5354 |   3081 ep/s | 132.0m
[Ep  24000000/50000000] avg_r= -0.045 | h2h=144.4500 | br=13.0191 | avg= 0.5375 |   3041 ep/s | 132.2m
[Ep  24050000/50000000] avg_r= -0.022 | h2h=144.4500 | br=12.8554 | avg= 0.5375 |   3035 ep/s | 132.5m
[Ep  24100000/50000000] avg_r= -0.033 | h2h=144.4500 | br=12.5970 | avg= 0.5375 |   3089 ep/s | 132.8m
[Ep  24150000/50000000] avg_r= -0.020 | h2h=144.4500 | br=12.8387 | avg= 0.5376 |   3061 ep/s | 133.1m
[Ep  24200000/50000000] avg_r= -0.083 | h2h=144.4500 | br=12.8272 | avg= 0.5366 |   3046 ep/s | 133.3m
[Ep  24250000/50000000] avg_r=  0.004 | h2h=144.4500 | br=12.6203 | avg= 0.5369 |   3065 ep/s | 133.6m
[Ep  24300000/50000000] avg_r= -0.039 | h2h=144.4500 | br=12.6251 | avg= 0.5375 |   3041 ep/s | 133.9m
[Ep  24350000/50000000] avg_r= -0.125 | h2h=144.4500 | br=12.6899 | avg= 0.5368 |   3052 ep/s | 134.2m
[Ep  24400000/50000000] avg_r= -0.049 | h2h=144.4500 | br=12.7099 | avg= 0.5394 |   3042 ep/s | 134.4m
[Ep  24450000/50000000] avg_r= -0.063 | h2h=144.4500 | br=12.9059 | avg= 0.5385 |   3042 ep/s | 134.7m
[Ep  24500000/50000000] avg_r= -0.010 | h2h=144.4500 | br=12.6026 | avg= 0.5365 |   3056 ep/s | 135.0m
[Ep  24550000/50000000] avg_r=  0.020 | h2h=144.4500 | br=12.4824 | avg= 0.5387 |   3000 ep/s | 135.3m
[Ep  24600000/50000000] avg_r= -0.037 | h2h=144.4500 | br=12.6230 | avg= 0.5390 |   3073 ep/s | 135.5m
[Ep  24650000/50000000] avg_r=  0.016 | h2h=144.4500 | br=12.7251 | avg= 0.5388 |   3019 ep/s | 135.8m
[Ep  24700000/50000000] avg_r= -0.012 | h2h=144.4500 | br=12.6608 | avg= 0.5378 |   3031 ep/s | 136.1m
[Ep  24750000/50000000] avg_r= -0.074 | h2h=144.4500 | br=12.7672 | avg= 0.5375 |   3014 ep/s | 136.3m
[Ep  24800000/50000000] avg_r= -0.054 | h2h=144.4500 | br=12.6614 | avg= 0.5371 |   3048 ep/s | 136.6m
[Ep  24850000/50000000] avg_r= -0.028 | h2h=144.4500 | br=12.7538 | avg= 0.5373 |   2984 ep/s | 136.9m
[Ep  24900000/50000000] avg_r= -0.071 | h2h=144.4500 | br=12.6446 | avg= 0.5377 |   3028 ep/s | 137.2m
[Ep  24950000/50000000] avg_r= -0.022 | h2h=144.4500 | br=12.4924 | avg= 0.5372 |   3055 ep/s | 137.4m
[Ep  25000000/50000000] avg_r= -0.016 | h2h=144.4500 | br=12.4527 | avg= 0.5379 |   3047 ep/s | 137.7m
[Ep  25050000/50000000] avg_r= -0.085 | h2h=144.4500 | br=12.4882 | avg= 0.5374 |   3082 ep/s | 138.0m
[Ep  25100000/50000000] avg_r= -0.056 | h2h=144.4500 | br=12.4061 | avg= 0.5381 |   3037 ep/s | 138.3m
[Ep  25150000/50000000] avg_r= -0.015 | h2h=144.4500 | br=12.5234 | avg= 0.5387 |   3073 ep/s | 138.5m
[Ep  25200000/50000000] avg_r=  0.054 | h2h=144.4500 | br=12.2554 | avg= 0.5383 |   3073 ep/s | 138.8m
[Ep  25250000/50000000] avg_r= -0.044 | h2h=144.4500 | br=12.2792 | avg= 0.5392 |   3070 ep/s | 139.1m
[Ep  25300000/50000000] avg_r= -0.007 | h2h=144.4500 | br=12.3283 | avg= 0.5385 |   2994 ep/s | 139.4m
[Ep  25350000/50000000] avg_r= -0.036 | h2h=144.4500 | br=12.3673 | avg= 0.5384 |   2990 ep/s | 139.6m
[Ep  25400000/50000000] avg_r= -0.027 | h2h=144.4500 | br=12.5442 | avg= 0.5388 |   3048 ep/s | 139.9m
[Ep  25450000/50000000] avg_r= -0.051 | h2h=144.4500 | br=12.5708 | avg= 0.5397 |   3026 ep/s | 140.2m
[Ep  25500000/50000000] avg_r= -0.087 | h2h=144.4500 | br=12.5893 | avg= 0.5370 |   3001 ep/s | 140.5m
[Ep  25550000/50000000] avg_r= -0.040 | h2h=144.4500 | br=12.8130 | avg= 0.5386 |   2997 ep/s | 140.7m
[Ep  25600000/50000000] avg_r= -0.098 | h2h=144.4500 | br=12.6459 | avg= 0.5380 |   3001 ep/s | 141.0m
[Ep  25650000/50000000] avg_r= -0.021 | h2h=144.4500 | br=12.6808 | avg= 0.5399 |   3034 ep/s | 141.3m
[Ep  25700000/50000000] avg_r= -0.143 | h2h=144.4500 | br=12.7244 | avg= 0.5387 |   3032 ep/s | 141.6m
[Ep  25750000/50000000] avg_r= -0.044 | h2h=144.4500 | br=12.7787 | avg= 0.5372 |   3036 ep/s | 141.8m
[Ep  25800000/50000000] avg_r= -0.008 | h2h=144.4500 | br=12.8008 | avg= 0.5392 |   2984 ep/s | 142.1m
[Ep  25850000/50000000] avg_r= -0.013 | h2h=144.4500 | br=12.8351 | avg= 0.5372 |   3025 ep/s | 142.4m
[Ep  25900000/50000000] avg_r= -0.056 | h2h=144.4500 | br=12.9234 | avg= 0.5378 |   3050 ep/s | 142.7m
[Ep  25950000/50000000] avg_r= -0.108 | h2h=144.4500 | br=12.7552 | avg= 0.5375 |   3044 ep/s | 142.9m
[Ep  26000000/50000000] avg_r= -0.043 | h2h=144.4500 | br=12.7608 | avg= 0.5377 |   2997 ep/s | 143.2m
[Ep  26050000/50000000] avg_r= -0.071 | h2h=144.4500 | br=12.9004 | avg= 0.5366 |   3027 ep/s | 143.5m
[Ep  26100000/50000000] avg_r= -0.029 | h2h=144.4500 | br=12.7297 | avg= 0.5389 |   3020 ep/s | 143.8m
[Ep  26150000/50000000] avg_r= -0.079 | h2h=144.4500 | br=12.6494 | avg= 0.5369 |   3046 ep/s | 144.0m
[Ep  26200000/50000000] avg_r= -0.046 | h2h=144.4500 | br=12.7743 | avg= 0.5389 |   3040 ep/s | 144.3m
[Ep  26250000/50000000] avg_r= -0.082 | h2h=144.4500 | br=12.7742 | avg= 0.5370 |   3027 ep/s | 144.6m
[Ep  26300000/50000000] avg_r= -0.067 | h2h=144.4500 | br=12.9567 | avg= 0.5384 |   3037 ep/s | 144.9m
[Ep  26350000/50000000] avg_r= -0.018 | h2h=144.4500 | br=12.8165 | avg= 0.5377 |   2986 ep/s | 145.2m
[Ep  26400000/50000000] avg_r= -0.066 | h2h=144.4500 | br=12.6814 | avg= 0.5382 |   3036 ep/s | 145.4m
[Ep  26450000/50000000] avg_r= -0.086 | h2h=144.4500 | br=12.8646 | avg= 0.5369 |   3050 ep/s | 145.7m
[Ep  26500000/50000000] avg_r= -0.068 | h2h=144.4500 | br=12.7479 | avg= 0.5382 |   3028 ep/s | 146.0m
[Ep  26550000/50000000] avg_r= -0.040 | h2h=144.4500 | br=12.5553 | avg= 0.5370 |   2983 ep/s | 146.3m
[Ep  26600000/50000000] avg_r= -0.081 | h2h=144.4500 | br=12.6866 | avg= 0.5376 |   2980 ep/s | 146.5m
[Ep  26650000/50000000] avg_r= -0.058 | h2h=144.4500 | br=12.9277 | avg= 0.5390 |   3053 ep/s | 146.8m
[Ep  26700000/50000000] avg_r= -0.052 | h2h=144.4500 | br=12.7539 | avg= 0.5364 |   3033 ep/s | 147.1m
[Ep  26750000/50000000] avg_r= -0.054 | h2h=144.4500 | br=12.8204 | avg= 0.5375 |   3039 ep/s | 147.4m
[Ep  26800000/50000000] avg_r= -0.091 | h2h=144.4500 | br=12.6742 | avg= 0.5386 |   3013 ep/s | 147.6m
[Ep  26850000/50000000] avg_r= -0.099 | h2h=144.4500 | br=12.7298 | avg= 0.5388 |   2990 ep/s | 147.9m
[Ep  26900000/50000000] avg_r= -0.039 | h2h=144.4500 | br=12.7376 | avg= 0.5394 |   3026 ep/s | 148.2m
[Ep  26950000/50000000] avg_r= -0.042 | h2h=144.4500 | br=12.8334 | avg= 0.5392 |   3064 ep/s | 148.5m
[Ep  27000000/50000000] avg_r= -0.031 | h2h=144.4500 | br=12.5742 | avg= 0.5375 |   3066 ep/s | 148.7m
[Ep  27050000/50000000] avg_r=  0.039 | h2h=144.4500 | br=12.5830 | avg= 0.5365 |   3031 ep/s | 149.0m
[Ep  27100000/50000000] avg_r= -0.056 | h2h=144.4500 | br=12.6255 | avg= 0.5385 |   3055 ep/s | 149.3m
[Ep  27150000/50000000] avg_r= -0.070 | h2h=144.4500 | br=12.6912 | avg= 0.5373 |   3063 ep/s | 149.6m
[Ep  27200000/50000000] avg_r= -0.055 | h2h=144.4500 | br=12.7998 | avg= 0.5390 |   2992 ep/s | 149.8m
[Ep  27250000/50000000] avg_r= -0.079 | h2h=144.4500 | br=12.9052 | avg= 0.5375 |   3068 ep/s | 150.1m
[Ep  27300000/50000000] avg_r= -0.092 | h2h=144.4500 | br=12.8817 | avg= 0.5374 |   3060 ep/s | 150.4m
[Ep  27350000/50000000] avg_r= -0.087 | h2h=144.4500 | br=12.7992 | avg= 0.5372 |   3068 ep/s | 150.6m
[Ep  27400000/50000000] avg_r= -0.053 | h2h=144.4500 | br=12.7661 | avg= 0.5368 |   3039 ep/s | 150.9m
[Ep  27450000/50000000] avg_r= -0.062 | h2h=144.4500 | br=12.8015 | avg= 0.5370 |   3032 ep/s | 151.2m
[Ep  27500000/50000000] avg_r= -0.025 | h2h=144.4500 | br=12.6094 | avg= 0.5386 |   3098 ep/s | 151.5m
[Ep  27550000/50000000] avg_r= -0.029 | h2h=144.4500 | br=12.5564 | avg= 0.5388 |   3064 ep/s | 151.7m
[Ep  27600000/50000000] avg_r= -0.102 | h2h=144.4500 | br=12.6565 | avg= 0.5378 |   3043 ep/s | 152.0m
[Ep  27650000/50000000] avg_r= -0.011 | h2h=144.4500 | br=12.7826 | avg= 0.5383 |   3042 ep/s | 152.3m
[Ep  27700000/50000000] avg_r= -0.099 | h2h=144.4500 | br=12.7902 | avg= 0.5376 |   3083 ep/s | 152.6m
[Ep  27750000/50000000] avg_r= -0.031 | h2h=144.4500 | br=12.8458 | avg= 0.5374 |   3024 ep/s | 152.8m
[Ep  27800000/50000000] avg_r= -0.026 | h2h=144.4500 | br=12.8722 | avg= 0.5380 |   3055 ep/s | 153.1m
[Ep  27850000/50000000] avg_r= -0.001 | h2h=144.4500 | br=12.8065 | avg= 0.5384 |   3075 ep/s | 153.4m
[Ep  27900000/50000000] avg_r= -0.101 | h2h=144.4500 | br=12.7170 | avg= 0.5373 |   3092 ep/s | 153.6m
[Ep  27950000/50000000] avg_r= -0.045 | h2h=144.4500 | br=12.6576 | avg= 0.5384 |   3082 ep/s | 153.9m
[Ep  28000000/50000000] avg_r= -0.040 | h2h=144.4500 | br=12.7271 | avg= 0.5376 |   3091 ep/s | 154.2m
[Ep  28050000/50000000] avg_r= -0.022 | h2h=144.4500 | br=12.7075 | avg= 0.5378 |   3061 ep/s | 154.5m
[Ep  28100000/50000000] avg_r= -0.031 | h2h=144.4500 | br=12.6268 | avg= 0.5375 |   3034 ep/s | 154.7m
[Ep  28150000/50000000] avg_r=  0.009 | h2h=144.4500 | br=12.3358 | avg= 0.5375 |   2996 ep/s | 155.0m
[Ep  28200000/50000000] avg_r= -0.024 | h2h=144.4500 | br=12.5372 | avg= 0.5373 |   3052 ep/s | 155.3m
[Ep  28250000/50000000] avg_r= -0.110 | h2h=144.4500 | br=12.4062 | avg= 0.5371 |   3069 ep/s | 155.6m
[Ep  28300000/50000000] avg_r= -0.030 | h2h=144.4500 | br=12.3729 | avg= 0.5372 |   3060 ep/s | 155.8m
[Ep  28350000/50000000] avg_r= -0.035 | h2h=144.4500 | br=12.3224 | avg= 0.5391 |   3051 ep/s | 156.1m
[Ep  28400000/50000000] avg_r= -0.059 | h2h=144.4500 | br=12.4861 | avg= 0.5373 |   3047 ep/s | 156.4m
[Ep  28450000/50000000] avg_r= -0.033 | h2h=144.4500 | br=12.3933 | avg= 0.5379 |   3040 ep/s | 156.6m
[Ep  28500000/50000000] avg_r= -0.030 | h2h=144.4500 | br=12.2459 | avg= 0.5378 |   3077 ep/s | 156.9m
[Ep  28550000/50000000] avg_r= -0.021 | h2h=144.4500 | br=12.2206 | avg= 0.5389 |   3040 ep/s | 157.2m
[Ep  28600000/50000000] avg_r= -0.005 | h2h=144.4500 | br=12.2555 | avg= 0.5381 |   3044 ep/s | 157.5m
[Ep  28650000/50000000] avg_r= -0.091 | h2h=144.4500 | br=12.2623 | avg= 0.5376 |   2996 ep/s | 157.7m
[Ep  28700000/50000000] avg_r= -0.077 | h2h=144.4500 | br=12.2544 | avg= 0.5381 |   3046 ep/s | 158.0m
[Ep  28750000/50000000] avg_r= -0.006 | h2h=144.4500 | br=12.2959 | avg= 0.5378 |   3005 ep/s | 158.3m
[Ep  28800000/50000000] avg_r=  0.038 | h2h=144.4500 | br=12.2913 | avg= 0.5387 |   3050 ep/s | 158.6m
[Ep  28850000/50000000] avg_r= -0.073 | h2h=144.4500 | br=12.3661 | avg= 0.5391 |   3042 ep/s | 158.8m
[Ep  28900000/50000000] avg_r= -0.041 | h2h=144.4500 | br=12.4656 | avg= 0.5382 |   3017 ep/s | 159.1m
[Ep  28950000/50000000] avg_r= -0.121 | h2h=144.4500 | br=12.3426 | avg= 0.5371 |   3018 ep/s | 159.4m
[Ep  29000000/50000000] avg_r= -0.089 | h2h=144.4500 | br=12.2302 | avg= 0.5383 |   3059 ep/s | 159.7m
[Ep  29050000/50000000] avg_r= -0.060 | h2h=144.4500 | br=12.2992 | avg= 0.5371 |   3117 ep/s | 159.9m
[Ep  29100000/50000000] avg_r=  0.015 | h2h=144.4500 | br=12.3512 | avg= 0.5381 |   3723 ep/s | 160.2m
[Ep  29150000/50000000] avg_r= -0.073 | h2h=144.4500 | br=12.2374 | avg= 0.5376 |   3690 ep/s | 160.4m
[Ep  29200000/50000000] avg_r= -0.058 | h2h=144.4500 | br=12.2582 | avg= 0.5372 |   3762 ep/s | 160.6m
[Ep  29250000/50000000] avg_r= -0.091 | h2h=144.4500 | br=12.1840 | avg= 0.5377 |   3749 ep/s | 160.8m
[Ep  29300000/50000000] avg_r= -0.088 | h2h=144.4500 | br=12.2349 | avg= 0.5381 |   3763 ep/s | 161.0m
[Ep  29350000/50000000] avg_r= -0.078 | h2h=144.4500 | br=12.0776 | avg= 0.5377 |   3766 ep/s | 161.3m
[Ep  29400000/50000000] avg_r= -0.074 | h2h=144.4500 | br=12.1265 | avg= 0.5373 |   3690 ep/s | 161.5m
[Ep  29450000/50000000] avg_r= -0.043 | h2h=144.4500 | br=12.2536 | avg= 0.5363 |   3157 ep/s | 161.8m
[Ep  29500000/50000000] avg_r= -0.084 | h2h=144.4500 | br=12.3057 | avg= 0.5369 |   3008 ep/s | 162.0m
[Ep  29550000/50000000] avg_r= -0.086 | h2h=144.4500 | br=12.3515 | avg= 0.5375 |   3005 ep/s | 162.3m
[Ep  29600000/50000000] avg_r= -0.027 | h2h=144.4500 | br=12.3114 | avg= 0.5376 |   3054 ep/s | 162.6m
[Ep  29650000/50000000] avg_r= -0.051 | h2h=144.4500 | br=12.4999 | avg= 0.5362 |   3041 ep/s | 162.9m
[Ep  29700000/50000000] avg_r= -0.029 | h2h=144.4500 | br=12.5994 | avg= 0.5366 |   3056 ep/s | 163.1m
[Ep  29750000/50000000] avg_r= -0.087 | h2h=144.4500 | br=12.7678 | avg= 0.5362 |   3041 ep/s | 163.4m
[Ep  29800000/50000000] avg_r= -0.031 | h2h=144.4500 | br=12.5822 | avg= 0.5368 |   3052 ep/s | 163.7m
[Ep  29850000/50000000] avg_r= -0.054 | h2h=144.4500 | br=12.7637 | avg= 0.5379 |   3054 ep/s | 164.0m
[Ep  29900000/50000000] avg_r= -0.074 | h2h=144.4500 | br=12.8538 | avg= 0.5370 |   3076 ep/s | 164.2m
[Ep  29950000/50000000] avg_r= -0.051 | h2h=144.4500 | br=12.8070 | avg= 0.5358 |   3040 ep/s | 164.5m
[Ep  30000000/50000000] avg_r= -0.080 | h2h=144.4500 | br=12.8560 | avg= 0.5368 |   3048 ep/s | 164.8m
[H2H] ep=30000000 | avg_reward=172.2000 over 1000 games
  >>> H2H WINRATE @ ep 30000000: 172.2000
  [CHECKPOINT] saved at ep 30000000
[Ep  30050000/50000000] avg_r= -0.043 | h2h=172.2000 | br=12.7158 | avg= 0.5354 |    424 ep/s | 166.7m
[snapshot] ep=30000000 -> /home/anthonyn/cos435/cpp-implementation/snapshots/holdem_64x64_baseline/ep30000000
[Ep  30100000/50000000] avg_r= -0.070 | h2h=172.2000 | br=12.4573 | avg= 0.5360 |   3089 ep/s | 167.0m
[Ep  30150000/50000000] avg_r= -0.131 | h2h=172.2000 | br=12.6561 | avg= 0.5357 |   3014 ep/s | 167.3m
[Ep  30200000/50000000] avg_r= -0.022 | h2h=172.2000 | br=12.6593 | avg= 0.5360 |   3047 ep/s | 167.6m
[Ep  30250000/50000000] avg_r= -0.053 | h2h=172.2000 | br=12.8478 | avg= 0.5355 |   3058 ep/s | 167.8m
[Ep  30300000/50000000] avg_r=  0.002 | h2h=172.2000 | br=12.7871 | avg= 0.5363 |   3059 ep/s | 168.1m
[Ep  30350000/50000000] avg_r= -0.041 | h2h=172.2000 | br=12.8023 | avg= 0.5374 |   3031 ep/s | 168.4m
[Ep  30400000/50000000] avg_r= -0.063 | h2h=172.2000 | br=12.9516 | avg= 0.5356 |   3060 ep/s | 168.6m
[Ep  30450000/50000000] avg_r= -0.079 | h2h=172.2000 | br=12.9835 | avg= 0.5360 |   3082 ep/s | 168.9m
[Ep  30500000/50000000] avg_r= -0.071 | h2h=172.2000 | br=13.0548 | avg= 0.5360 |   3033 ep/s | 169.2m
[Ep  30550000/50000000] avg_r= -0.058 | h2h=172.2000 | br=13.0594 | avg= 0.5354 |   3063 ep/s | 169.5m
[Ep  30600000/50000000] avg_r= -0.123 | h2h=172.2000 | br=12.9908 | avg= 0.5368 |   3073 ep/s | 169.7m
[Ep  30650000/50000000] avg_r= -0.037 | h2h=172.2000 | br=12.9642 | avg= 0.5370 |   3051 ep/s | 170.0m
[Ep  30700000/50000000] avg_r= -0.128 | h2h=172.2000 | br=12.8106 | avg= 0.5370 |   3048 ep/s | 170.3m
[Ep  30750000/50000000] avg_r= -0.032 | h2h=172.2000 | br=12.8342 | avg= 0.5365 |   3058 ep/s | 170.6m
[Ep  30800000/50000000] avg_r= -0.030 | h2h=172.2000 | br=12.6525 | avg= 0.5370 |   3015 ep/s | 170.8m
[Ep  30850000/50000000] avg_r= -0.042 | h2h=172.2000 | br=12.6654 | avg= 0.5368 |   3031 ep/s | 171.1m
[Ep  30900000/50000000] avg_r= -0.031 | h2h=172.2000 | br=12.6352 | avg= 0.5353 |   3059 ep/s | 171.4m
[Ep  30950000/50000000] avg_r= -0.072 | h2h=172.2000 | br=12.6161 | avg= 0.5365 |   3030 ep/s | 171.7m
[Ep  31000000/50000000] avg_r= -0.033 | h2h=172.2000 | br=12.5946 | avg= 0.5365 |   3091 ep/s | 171.9m
[Ep  31050000/50000000] avg_r= -0.087 | h2h=172.2000 | br=12.6393 | avg= 0.5354 |   3044 ep/s | 172.2m
[Ep  31100000/50000000] avg_r= -0.079 | h2h=172.2000 | br=12.5414 | avg= 0.5371 |   3116 ep/s | 172.5m
[Ep  31150000/50000000] avg_r= -0.085 | h2h=172.2000 | br=12.5425 | avg= 0.5351 |   3057 ep/s | 172.7m
[Ep  31200000/50000000] avg_r= -0.092 | h2h=172.2000 | br=12.6867 | avg= 0.5362 |   3249 ep/s | 173.0m
[Ep  31250000/50000000] avg_r=  0.031 | h2h=172.2000 | br=12.6108 | avg= 0.5372 |   3647 ep/s | 173.2m
[Ep  31300000/50000000] avg_r= -0.083 | h2h=172.2000 | br=12.3664 | avg= 0.5346 |   3742 ep/s | 173.4m
[Ep  31350000/50000000] avg_r= -0.063 | h2h=172.2000 | br=12.4374 | avg= 0.5347 |   3766 ep/s | 173.7m
[Ep  31400000/50000000] avg_r= -0.044 | h2h=172.2000 | br=12.3679 | avg= 0.5363 |   3753 ep/s | 173.9m
[Ep  31450000/50000000] avg_r= -0.017 | h2h=172.2000 | br=12.3629 | avg= 0.5374 |   3474 ep/s | 174.1m
[Ep  31500000/50000000] avg_r= -0.033 | h2h=172.2000 | br=12.5498 | avg= 0.5369 |   3003 ep/s | 174.4m
[Ep  31550000/50000000] avg_r= -0.034 | h2h=172.2000 | br=12.5610 | avg= 0.5347 |   2698 ep/s | 174.7m
[Ep  31600000/50000000] avg_r= -0.066 | h2h=172.2000 | br=12.5791 | avg= 0.5369 |   2715 ep/s | 175.0m
[Ep  31650000/50000000] avg_r= -0.044 | h2h=172.2000 | br=12.5846 | avg= 0.5368 |   2886 ep/s | 175.3m
[Ep  31700000/50000000] avg_r= -0.009 | h2h=172.2000 | br=12.5402 | avg= 0.5357 |   3081 ep/s | 175.6m
[Ep  31750000/50000000] avg_r= -0.117 | h2h=172.2000 | br=12.5226 | avg= 0.5369 |   3091 ep/s | 175.8m
[Ep  31800000/50000000] avg_r= -0.163 | h2h=172.2000 | br=12.3509 | avg= 0.5374 |   3054 ep/s | 176.1m
[Ep  31850000/50000000] avg_r=  0.039 | h2h=172.2000 | br=12.3969 | avg= 0.5370 |   3097 ep/s | 176.4m
[Ep  31900000/50000000] avg_r= -0.002 | h2h=172.2000 | br=12.4494 | avg= 0.5375 |   3087 ep/s | 176.7m
[Ep  31950000/50000000] avg_r= -0.104 | h2h=172.2000 | br=12.4549 | avg= 0.5378 |   3044 ep/s | 176.9m
[Ep  32000000/50000000] avg_r=  0.007 | h2h=172.2000 | br=12.4764 | avg= 0.5365 |   3083 ep/s | 177.2m
[Ep  32050000/50000000] avg_r= -0.066 | h2h=172.2000 | br=12.5873 | avg= 0.5373 |   3095 ep/s | 177.5m
[Ep  32100000/50000000] avg_r=  0.004 | h2h=172.2000 | br=12.5127 | avg= 0.5360 |   3053 ep/s | 177.7m
[Ep  32150000/50000000] avg_r= -0.070 | h2h=172.2000 | br=12.4423 | avg= 0.5381 |   3084 ep/s | 178.0m
[Ep  32200000/50000000] avg_r= -0.034 | h2h=172.2000 | br=12.2541 | avg= 0.5358 |   3135 ep/s | 178.3m
[Ep  32250000/50000000] avg_r= -0.039 | h2h=172.2000 | br=12.1952 | avg= 0.5361 |   3109 ep/s | 178.6m
[Ep  32300000/50000000] avg_r= -0.056 | h2h=172.2000 | br=12.2747 | avg= 0.5365 |   3066 ep/s | 178.8m
[Ep  32350000/50000000] avg_r= -0.116 | h2h=172.2000 | br=12.1715 | avg= 0.5372 |   3117 ep/s | 179.1m
[Ep  32400000/50000000] avg_r= -0.046 | h2h=172.2000 | br=12.3522 | avg= 0.5362 |   3057 ep/s | 179.4m
[Ep  32450000/50000000] avg_r= -0.104 | h2h=172.2000 | br=12.2838 | avg= 0.5362 |   3083 ep/s | 179.6m
[Ep  32500000/50000000] avg_r= -0.029 | h2h=172.2000 | br=12.3476 | avg= 0.5368 |   3047 ep/s | 179.9m
[Ep  32550000/50000000] avg_r= -0.035 | h2h=172.2000 | br=12.3069 | avg= 0.5357 |   3069 ep/s | 180.2m
[Ep  32600000/50000000] avg_r= -0.005 | h2h=172.2000 | br=12.1799 | avg= 0.5359 |   3047 ep/s | 180.5m
[Ep  32650000/50000000] avg_r= -0.133 | h2h=172.2000 | br=12.4247 | avg= 0.5359 |   3095 ep/s | 180.7m
[Ep  32700000/50000000] avg_r= -0.043 | h2h=172.2000 | br=12.3242 | avg= 0.5364 |   3091 ep/s | 181.0m
[Ep  32750000/50000000] avg_r= -0.076 | h2h=172.2000 | br=12.4481 | avg= 0.5356 |   3057 ep/s | 181.3m
[Ep  32800000/50000000] avg_r= -0.051 | h2h=172.2000 | br=12.2492 | avg= 0.5367 |   3047 ep/s | 181.5m
[Ep  32850000/50000000] avg_r= -0.058 | h2h=172.2000 | br=12.2645 | avg= 0.5349 |   3055 ep/s | 181.8m
[Ep  32900000/50000000] avg_r= -0.048 | h2h=172.2000 | br=12.1882 | avg= 0.5372 |   3073 ep/s | 182.1m
[Ep  32950000/50000000] avg_r= -0.068 | h2h=172.2000 | br=12.2184 | avg= 0.5360 |   3056 ep/s | 182.4m
[Ep  33000000/50000000] avg_r= -0.057 | h2h=172.2000 | br=12.2782 | avg= 0.5359 |   3029 ep/s | 182.6m
[Ep  33050000/50000000] avg_r= -0.046 | h2h=172.2000 | br=12.1584 | avg= 0.5352 |   3041 ep/s | 182.9m
[Ep  33100000/50000000] avg_r=  0.001 | h2h=172.2000 | br=12.1806 | avg= 0.5359 |   3057 ep/s | 183.2m
[Ep  33150000/50000000] avg_r= -0.040 | h2h=172.2000 | br=11.9794 | avg= 0.5366 |   3009 ep/s | 183.5m
[Ep  33200000/50000000] avg_r= -0.037 | h2h=172.2000 | br=11.9808 | avg= 0.5350 |   3038 ep/s | 183.7m
[Ep  33250000/50000000] avg_r= -0.077 | h2h=172.2000 | br=12.2879 | avg= 0.5353 |   3006 ep/s | 184.0m
[Ep  33300000/50000000] avg_r= -0.115 | h2h=172.2000 | br=12.2248 | avg= 0.5368 |   3028 ep/s | 184.3m
[Ep  33350000/50000000] avg_r= -0.106 | h2h=172.2000 | br=12.2557 | avg= 0.5359 |   3060 ep/s | 184.5m
[Ep  33400000/50000000] avg_r= -0.092 | h2h=172.2000 | br=12.1757 | avg= 0.5337 |   3046 ep/s | 184.8m
[Ep  33450000/50000000] avg_r= -0.092 | h2h=172.2000 | br=12.3128 | avg= 0.5360 |   3007 ep/s | 185.1m
[Ep  33500000/50000000] avg_r= -0.084 | h2h=172.2000 | br=12.4961 | avg= 0.5357 |   3008 ep/s | 185.4m
[Ep  33550000/50000000] avg_r= -0.100 | h2h=172.2000 | br=12.5687 | avg= 0.5344 |   3002 ep/s | 185.7m
[Ep  33600000/50000000] avg_r= -0.049 | h2h=172.2000 | br=12.6486 | avg= 0.5351 |   3030 ep/s | 185.9m
[Ep  33650000/50000000] avg_r= -0.052 | h2h=172.2000 | br=12.3863 | avg= 0.5351 |   3080 ep/s | 186.2m
[Ep  33700000/50000000] avg_r= -0.066 | h2h=172.2000 | br=12.4202 | avg= 0.5366 |   3056 ep/s | 186.5m
[Ep  33750000/50000000] avg_r= -0.072 | h2h=172.2000 | br=12.5420 | avg= 0.5346 |   3012 ep/s | 186.8m
[Ep  33800000/50000000] avg_r= -0.041 | h2h=172.2000 | br=12.5869 | avg= 0.5353 |   3034 ep/s | 187.0m
[Ep  33850000/50000000] avg_r= -0.063 | h2h=172.2000 | br=12.4802 | avg= 0.5348 |   2996 ep/s | 187.3m
[Ep  33900000/50000000] avg_r= -0.084 | h2h=172.2000 | br=12.4529 | avg= 0.5340 |   3046 ep/s | 187.6m
[Ep  33950000/50000000] avg_r= -0.091 | h2h=172.2000 | br=12.5315 | avg= 0.5343 |   3074 ep/s | 187.8m
[Ep  34000000/50000000] avg_r= -0.099 | h2h=172.2000 | br=12.5308 | avg= 0.5355 |   3011 ep/s | 188.1m
[Ep  34050000/50000000] avg_r= -0.061 | h2h=172.2000 | br=12.3678 | avg= 0.5356 |   3081 ep/s | 188.4m
[Ep  34100000/50000000] avg_r= -0.113 | h2h=172.2000 | br=12.3081 | avg= 0.5335 |   3076 ep/s | 188.7m
[Ep  34150000/50000000] avg_r= -0.087 | h2h=172.2000 | br=12.3501 | avg= 0.5351 |   3048 ep/s | 188.9m
[Ep  34200000/50000000] avg_r= -0.118 | h2h=172.2000 | br=12.2986 | avg= 0.5346 |   3079 ep/s | 189.2m
[Ep  34250000/50000000] avg_r= -0.158 | h2h=172.2000 | br=12.2858 | avg= 0.5356 |   3068 ep/s | 189.5m
[Ep  34300000/50000000] avg_r= -0.076 | h2h=172.2000 | br=12.3168 | avg= 0.5345 |   3104 ep/s | 189.8m
[Ep  34350000/50000000] avg_r= -0.061 | h2h=172.2000 | br=12.4163 | avg= 0.5351 |   3085 ep/s | 190.0m
[Ep  34400000/50000000] avg_r= -0.073 | h2h=172.2000 | br=12.2620 | avg= 0.5354 |   3061 ep/s | 190.3m
[Ep  34450000/50000000] avg_r= -0.000 | h2h=172.2000 | br=12.4444 | avg= 0.5346 |   3073 ep/s | 190.6m
[Ep  34500000/50000000] avg_r= -0.083 | h2h=172.2000 | br=12.1706 | avg= 0.5343 |   3118 ep/s | 190.8m
[Ep  34550000/50000000] avg_r= -0.091 | h2h=172.2000 | br=12.1469 | avg= 0.5336 |   3059 ep/s | 191.1m
[Ep  34600000/50000000] avg_r= -0.100 | h2h=172.2000 | br=12.1107 | avg= 0.5348 |   3059 ep/s | 191.4m
[Ep  34650000/50000000] avg_r= -0.088 | h2h=172.2000 | br=12.0560 | avg= 0.5349 |   3079 ep/s | 191.6m
[Ep  34700000/50000000] avg_r= -0.049 | h2h=172.2000 | br=12.1920 | avg= 0.5338 |   3078 ep/s | 191.9m
[Ep  34750000/50000000] avg_r= -0.042 | h2h=172.2000 | br=12.0704 | avg= 0.5343 |   3050 ep/s | 192.2m
[Ep  34800000/50000000] avg_r= -0.032 | h2h=172.2000 | br=12.3300 | avg= 0.5345 |   3058 ep/s | 192.5m
[Ep  34850000/50000000] avg_r= -0.051 | h2h=172.2000 | br=12.4592 | avg= 0.5350 |   3061 ep/s | 192.7m
[Ep  34900000/50000000] avg_r= -0.117 | h2h=172.2000 | br=12.5033 | avg= 0.5343 |   3052 ep/s | 193.0m
[Ep  34950000/50000000] avg_r= -0.106 | h2h=172.2000 | br=12.4501 | avg= 0.5351 |   3108 ep/s | 193.3m
[Ep  35000000/50000000] avg_r= -0.123 | h2h=172.2000 | br=12.4450 | avg= 0.5337 |   3057 ep/s | 193.5m
[Ep  35050000/50000000] avg_r= -0.125 | h2h=172.2000 | br=12.4516 | avg= 0.5348 |   3086 ep/s | 193.8m
[Ep  35100000/50000000] avg_r= -0.128 | h2h=172.2000 | br=12.4913 | avg= 0.5349 |   3086 ep/s | 194.1m
[Ep  35150000/50000000] avg_r= -0.096 | h2h=172.2000 | br=12.3118 | avg= 0.5340 |   3075 ep/s | 194.4m
[Ep  35200000/50000000] avg_r= -0.079 | h2h=172.2000 | br=12.3127 | avg= 0.5353 |   3091 ep/s | 194.6m
[Ep  35250000/50000000] avg_r= -0.057 | h2h=172.2000 | br=12.1254 | avg= 0.5333 |   3101 ep/s | 194.9m
[Ep  35300000/50000000] avg_r= -0.062 | h2h=172.2000 | br=12.0086 | avg= 0.5344 |   3027 ep/s | 195.2m
[Ep  35350000/50000000] avg_r= -0.103 | h2h=172.2000 | br=12.1471 | avg= 0.5349 |   3054 ep/s | 195.4m
[Ep  35400000/50000000] avg_r= -0.089 | h2h=172.2000 | br=12.2886 | avg= 0.5331 |   3066 ep/s | 195.7m
[Ep  35450000/50000000] avg_r= -0.100 | h2h=172.2000 | br=12.3407 | avg= 0.5326 |   3057 ep/s | 196.0m
[Ep  35500000/50000000] avg_r= -0.079 | h2h=172.2000 | br=12.4520 | avg= 0.5341 |   3079 ep/s | 196.3m
[Ep  35550000/50000000] avg_r= -0.087 | h2h=172.2000 | br=12.6142 | avg= 0.5342 |   3019 ep/s | 196.5m
[Ep  35600000/50000000] avg_r= -0.034 | h2h=172.2000 | br=12.4014 | avg= 0.5347 |   3035 ep/s | 196.8m
[Ep  35650000/50000000] avg_r= -0.070 | h2h=172.2000 | br=12.3764 | avg= 0.5340 |   3047 ep/s | 197.1m
[Ep  35700000/50000000] avg_r= -0.086 | h2h=172.2000 | br=12.4284 | avg= 0.5334 |   3096 ep/s | 197.4m
[Ep  35750000/50000000] avg_r= -0.118 | h2h=172.2000 | br=12.5555 | avg= 0.5342 |   3079 ep/s | 197.6m
[Ep  35800000/50000000] avg_r= -0.073 | h2h=172.2000 | br=12.5094 | avg= 0.5343 |   3082 ep/s | 197.9m
[Ep  35850000/50000000] avg_r= -0.075 | h2h=172.2000 | br=12.4905 | avg= 0.5323 |   3056 ep/s | 198.2m
[Ep  35900000/50000000] avg_r= -0.050 | h2h=172.2000 | br=12.4401 | avg= 0.5339 |   3061 ep/s | 198.4m
[Ep  35950000/50000000] avg_r= -0.010 | h2h=172.2000 | br=12.4413 | avg= 0.5348 |   3113 ep/s | 198.7m
[Ep  36000000/50000000] avg_r= -0.064 | h2h=172.2000 | br=12.6953 | avg= 0.5343 |   3078 ep/s | 199.0m
[Ep  36050000/50000000] avg_r= -0.079 | h2h=172.2000 | br=12.8095 | avg= 0.5336 |   3048 ep/s | 199.3m
[Ep  36100000/50000000] avg_r= -0.161 | h2h=172.2000 | br=12.8619 | avg= 0.5348 |   3021 ep/s | 199.5m
[Ep  36150000/50000000] avg_r= -0.091 | h2h=172.2000 | br=12.8229 | avg= 0.5351 |   3074 ep/s | 199.8m
[Ep  36200000/50000000] avg_r= -0.065 | h2h=172.2000 | br=12.7378 | avg= 0.5326 |   3085 ep/s | 200.1m
[Ep  36250000/50000000] avg_r= -0.062 | h2h=172.2000 | br=12.6961 | avg= 0.5334 |   3089 ep/s | 200.3m
[Ep  36300000/50000000] avg_r= -0.082 | h2h=172.2000 | br=12.6881 | avg= 0.5328 |   3065 ep/s | 200.6m
[Ep  36350000/50000000] avg_r= -0.083 | h2h=172.2000 | br=12.5318 | avg= 0.5337 |   3052 ep/s | 200.9m
[Ep  36400000/50000000] avg_r= -0.068 | h2h=172.2000 | br=12.6612 | avg= 0.5332 |   3027 ep/s | 201.2m
[Ep  36450000/50000000] avg_r= -0.116 | h2h=172.2000 | br=12.6995 | avg= 0.5337 |   3141 ep/s | 201.4m
[Ep  36500000/50000000] avg_r= -0.060 | h2h=172.2000 | br=12.6953 | avg= 0.5330 |   3028 ep/s | 201.7m
[Ep  36550000/50000000] avg_r= -0.171 | h2h=172.2000 | br=12.7437 | avg= 0.5344 |   3042 ep/s | 202.0m
[Ep  36600000/50000000] avg_r= -0.106 | h2h=172.2000 | br=12.6553 | avg= 0.5326 |   3059 ep/s | 202.2m
[Ep  36650000/50000000] avg_r= -0.072 | h2h=172.2000 | br=12.5781 | avg= 0.5330 |   3090 ep/s | 202.5m
[Ep  36700000/50000000] avg_r= -0.054 | h2h=172.2000 | br=12.6424 | avg= 0.5338 |   3063 ep/s | 202.8m
[Ep  36750000/50000000] avg_r= -0.041 | h2h=172.2000 | br=12.4909 | avg= 0.5333 |   3133 ep/s | 203.1m
[Ep  36800000/50000000] avg_r= -0.050 | h2h=172.2000 | br=12.5206 | avg= 0.5344 |   3068 ep/s | 203.3m
[Ep  36850000/50000000] avg_r= -0.088 | h2h=172.2000 | br=12.3440 | avg= 0.5342 |   3016 ep/s | 203.6m
[Ep  36900000/50000000] avg_r= -0.157 | h2h=172.2000 | br=12.2839 | avg= 0.5340 |   3009 ep/s | 203.9m
[Ep  36950000/50000000] avg_r= -0.035 | h2h=172.2000 | br=12.4127 | avg= 0.5349 |   3077 ep/s | 204.2m
[Ep  37000000/50000000] avg_r= -0.098 | h2h=172.2000 | br=12.4764 | avg= 0.5328 |   3085 ep/s | 204.4m
[Ep  37050000/50000000] avg_r= -0.065 | h2h=172.2000 | br=12.3837 | avg= 0.5336 |   3074 ep/s | 204.7m
[Ep  37100000/50000000] avg_r= -0.017 | h2h=172.2000 | br=12.6873 | avg= 0.5350 |   3062 ep/s | 205.0m
[Ep  37150000/50000000] avg_r= -0.091 | h2h=172.2000 | br=12.6734 | avg= 0.5331 |   2961 ep/s | 205.2m
[Ep  37200000/50000000] avg_r= -0.055 | h2h=172.2000 | br=12.4682 | avg= 0.5338 |   3091 ep/s | 205.5m
[Ep  37250000/50000000] avg_r= -0.073 | h2h=172.2000 | br=12.5291 | avg= 0.5347 |   3066 ep/s | 205.8m
[Ep  37300000/50000000] avg_r= -0.099 | h2h=172.2000 | br=12.3934 | avg= 0.5338 |   3094 ep/s | 206.1m
[Ep  37350000/50000000] avg_r= -0.064 | h2h=172.2000 | br=12.0662 | avg= 0.5351 |   3108 ep/s | 206.3m
[Ep  37400000/50000000] avg_r= -0.132 | h2h=172.2000 | br=11.9940 | avg= 0.5341 |   3036 ep/s | 206.6m
[Ep  37450000/50000000] avg_r= -0.119 | h2h=172.2000 | br=12.1127 | avg= 0.5328 |   3058 ep/s | 206.9m
[Ep  37500000/50000000] avg_r= -0.114 | h2h=172.2000 | br=12.0922 | avg= 0.5345 |   3059 ep/s | 207.1m
[Ep  37550000/50000000] avg_r= -0.035 | h2h=172.2000 | br=11.9357 | avg= 0.5335 |   3045 ep/s | 207.4m
[Ep  37600000/50000000] avg_r= -0.040 | h2h=172.2000 | br=11.7646 | avg= 0.5342 |   3108 ep/s | 207.7m
[Ep  37650000/50000000] avg_r= -0.086 | h2h=172.2000 | br=11.8497 | avg= 0.5322 |   3032 ep/s | 208.0m
[Ep  37700000/50000000] avg_r= -0.032 | h2h=172.2000 | br=11.8713 | avg= 0.5345 |   3071 ep/s | 208.2m
[Ep  37750000/50000000] avg_r= -0.072 | h2h=172.2000 | br=11.9832 | avg= 0.5336 |   3043 ep/s | 208.5m
[Ep  37800000/50000000] avg_r= -0.039 | h2h=172.2000 | br=11.9045 | avg= 0.5335 |   3101 ep/s | 208.8m
[Ep  37850000/50000000] avg_r= -0.067 | h2h=172.2000 | br=12.1025 | avg= 0.5335 |   3090 ep/s | 209.0m
[Ep  37900000/50000000] avg_r= -0.046 | h2h=172.2000 | br=12.0467 | avg= 0.5332 |   3021 ep/s | 209.3m
[Ep  37950000/50000000] avg_r= -0.092 | h2h=172.2000 | br=12.0405 | avg= 0.5346 |   3046 ep/s | 209.6m
[Ep  38000000/50000000] avg_r= -0.068 | h2h=172.2000 | br=12.1449 | avg= 0.5334 |   3050 ep/s | 209.9m
[Ep  38050000/50000000] avg_r=  0.029 | h2h=172.2000 | br=12.2299 | avg= 0.5336 |   3090 ep/s | 210.1m
[Ep  38100000/50000000] avg_r= -0.105 | h2h=172.2000 | br=12.1714 | avg= 0.5344 |   3075 ep/s | 210.4m
[Ep  38150000/50000000] avg_r= -0.010 | h2h=172.2000 | br=12.1077 | avg= 0.5328 |   3072 ep/s | 210.7m
[Ep  38200000/50000000] avg_r= -0.058 | h2h=172.2000 | br=12.2728 | avg= 0.5333 |   3022 ep/s | 211.0m
[Ep  38250000/50000000] avg_r=  0.013 | h2h=172.2000 | br=12.3406 | avg= 0.5323 |   3062 ep/s | 211.2m
[Ep  38300000/50000000] avg_r= -0.098 | h2h=172.2000 | br=12.3474 | avg= 0.5324 |   3088 ep/s | 211.5m
[Ep  38350000/50000000] avg_r= -0.054 | h2h=172.2000 | br=12.4355 | avg= 0.5325 |   3076 ep/s | 211.8m
[Ep  38400000/50000000] avg_r= -0.082 | h2h=172.2000 | br=12.5990 | avg= 0.5345 |   3062 ep/s | 212.0m
[Ep  38450000/50000000] avg_r= -0.078 | h2h=172.2000 | br=12.4641 | avg= 0.5327 |   3024 ep/s | 212.3m
[Ep  38500000/50000000] avg_r= -0.114 | h2h=172.2000 | br=12.4297 | avg= 0.5336 |   3070 ep/s | 212.6m
[Ep  38550000/50000000] avg_r= -0.106 | h2h=172.2000 | br=12.4522 | avg= 0.5333 |   3035 ep/s | 212.9m
[Ep  38600000/50000000] avg_r= -0.042 | h2h=172.2000 | br=12.5919 | avg= 0.5323 |   3084 ep/s | 213.1m
[Ep  38650000/50000000] avg_r= -0.084 | h2h=172.2000 | br=12.5414 | avg= 0.5330 |   3054 ep/s | 213.4m
[Ep  38700000/50000000] avg_r= -0.112 | h2h=172.2000 | br=12.4617 | avg= 0.5332 |   3055 ep/s | 213.7m
[Ep  38750000/50000000] avg_r= -0.021 | h2h=172.2000 | br=12.4510 | avg= 0.5346 |   3069 ep/s | 213.9m
[Ep  38800000/50000000] avg_r= -0.137 | h2h=172.2000 | br=12.2215 | avg= 0.5332 |   3094 ep/s | 214.2m
[Ep  38850000/50000000] avg_r= -0.113 | h2h=172.2000 | br=12.2153 | avg= 0.5335 |   3102 ep/s | 214.5m
[Ep  38900000/50000000] avg_r= -0.083 | h2h=172.2000 | br=12.1581 | avg= 0.5342 |   3111 ep/s | 214.8m
[Ep  38950000/50000000] avg_r= -0.057 | h2h=172.2000 | br=12.1574 | avg= 0.5333 |   2997 ep/s | 215.0m
[Ep  39000000/50000000] avg_r= -0.087 | h2h=172.2000 | br=12.1499 | avg= 0.5330 |   3598 ep/s | 215.3m
[Ep  39050000/50000000] avg_r= -0.120 | h2h=172.2000 | br=12.0375 | avg= 0.5334 |   3744 ep/s | 215.5m
[Ep  39100000/50000000] avg_r= -0.028 | h2h=172.2000 | br=12.1011 | avg= 0.5333 |   3770 ep/s | 215.7m
[Ep  39150000/50000000] avg_r= -0.086 | h2h=172.2000 | br=12.2865 | avg= 0.5339 |   3732 ep/s | 215.9m
[Ep  39200000/50000000] avg_r= -0.131 | h2h=172.2000 | br=12.1282 | avg= 0.5335 |   3768 ep/s | 216.2m
[Ep  39250000/50000000] avg_r= -0.076 | h2h=172.2000 | br=12.0151 | avg= 0.5323 |   3355 ep/s | 216.4m
[Ep  39300000/50000000] avg_r= -0.022 | h2h=172.2000 | br=12.1377 | avg= 0.5331 |   3046 ep/s | 216.7m
[Ep  39350000/50000000] avg_r= -0.130 | h2h=172.2000 | br=12.2380 | avg= 0.5318 |   3086 ep/s | 216.9m
[Ep  39400000/50000000] avg_r= -0.075 | h2h=172.2000 | br=12.3059 | avg= 0.5332 |   3136 ep/s | 217.2m
[Ep  39450000/50000000] avg_r= -0.082 | h2h=172.2000 | br=12.0999 | avg= 0.5337 |   3116 ep/s | 217.5m
[Ep  39500000/50000000] avg_r= -0.117 | h2h=172.2000 | br=11.9575 | avg= 0.5330 |   3098 ep/s | 217.7m
[Ep  39550000/50000000] avg_r= -0.073 | h2h=172.2000 | br=12.0678 | avg= 0.5336 |   3063 ep/s | 218.0m
[Ep  39600000/50000000] avg_r= -0.059 | h2h=172.2000 | br=12.0211 | avg= 0.5330 |   3048 ep/s | 218.3m
[Ep  39650000/50000000] avg_r= -0.052 | h2h=172.2000 | br=12.0767 | avg= 0.5329 |   3094 ep/s | 218.6m
[Ep  39700000/50000000] avg_r= -0.124 | h2h=172.2000 | br=12.2798 | avg= 0.5322 |   3095 ep/s | 218.8m
[Ep  39750000/50000000] avg_r= -0.052 | h2h=172.2000 | br=12.1210 | avg= 0.5323 |   3104 ep/s | 219.1m
[Ep  39800000/50000000] avg_r= -0.063 | h2h=172.2000 | br=12.0333 | avg= 0.5326 |   3089 ep/s | 219.4m
[Ep  39850000/50000000] avg_r= -0.069 | h2h=172.2000 | br=12.0351 | avg= 0.5340 |   3085 ep/s | 219.6m
[Ep  39900000/50000000] avg_r= -0.071 | h2h=172.2000 | br=12.0050 | avg= 0.5325 |   3114 ep/s | 219.9m
[Ep  39950000/50000000] avg_r= -0.118 | h2h=172.2000 | br=11.8520 | avg= 0.5324 |   3069 ep/s | 220.2m
[Ep  40000000/50000000] avg_r= -0.148 | h2h=172.2000 | br=11.9279 | avg= 0.5329 |   3070 ep/s | 220.4m
[H2H] ep=40000000 | avg_reward=155.5500 over 1000 games
  >>> H2H WINRATE @ ep 40000000: 155.5500
  [CHECKPOINT] saved at ep 40000000
[snapshot] ep=40000000 -> /home/anthonyn/cos435/cpp-implementation/snapshots/holdem_64x64_baseline/ep40000000
[Ep  40050000/50000000] avg_r= -0.092 | h2h=155.5500 | br=12.0704 | avg= 0.5338 |    407 ep/s | 222.5m
[Ep  40100000/50000000] avg_r= -0.064 | h2h=155.5500 | br=12.0665 | avg= 0.5326 |   3080 ep/s | 222.8m
[Ep  40150000/50000000] avg_r= -0.123 | h2h=155.5500 | br=12.2196 | avg= 0.5329 |   3066 ep/s | 223.0m
[Ep  40200000/50000000] avg_r= -0.042 | h2h=155.5500 | br=12.1046 | avg= 0.5332 |   3083 ep/s | 223.3m
[Ep  40250000/50000000] avg_r= -0.142 | h2h=155.5500 | br=11.9844 | avg= 0.5334 |   3080 ep/s | 223.6m
[Ep  40300000/50000000] avg_r= -0.087 | h2h=155.5500 | br=12.1294 | avg= 0.5354 |   3124 ep/s | 223.8m
[Ep  40350000/50000000] avg_r= -0.097 | h2h=155.5500 | br=12.1069 | avg= 0.5329 |   3067 ep/s | 224.1m
[Ep  40400000/50000000] avg_r= -0.075 | h2h=155.5500 | br=12.0393 | avg= 0.5339 |   3117 ep/s | 224.4m
[Ep  40450000/50000000] avg_r= -0.098 | h2h=155.5500 | br=12.1289 | avg= 0.5339 |   3088 ep/s | 224.7m
[Ep  40500000/50000000] avg_r= -0.074 | h2h=155.5500 | br=12.0448 | avg= 0.5332 |   3126 ep/s | 224.9m
[Ep  40550000/50000000] avg_r= -0.097 | h2h=155.5500 | br=11.9993 | avg= 0.5335 |   3033 ep/s | 225.2m
[Ep  40600000/50000000] avg_r= -0.060 | h2h=155.5500 | br=12.0449 | avg= 0.5326 |   3075 ep/s | 225.5m
[Ep  40650000/50000000] avg_r= -0.059 | h2h=155.5500 | br=12.0859 | avg= 0.5352 |   3107 ep/s | 225.7m
[Ep  40700000/50000000] avg_r= -0.070 | h2h=155.5500 | br=11.9291 | avg= 0.5343 |   3111 ep/s | 226.0m
[Ep  40750000/50000000] avg_r= -0.141 | h2h=155.5500 | br=11.9856 | avg= 0.5330 |   3038 ep/s | 226.3m
[Ep  40800000/50000000] avg_r= -0.007 | h2h=155.5500 | br=11.9941 | avg= 0.5327 |   3085 ep/s | 226.5m
[Ep  40850000/50000000] avg_r= -0.057 | h2h=155.5500 | br=11.8031 | avg= 0.5337 |   3131 ep/s | 226.8m
[Ep  40900000/50000000] avg_r= -0.061 | h2h=155.5500 | br=11.6763 | avg= 0.5328 |   3073 ep/s | 227.1m
[Ep  40950000/50000000] avg_r= -0.088 | h2h=155.5500 | br=11.8165 | avg= 0.5319 |   3080 ep/s | 227.4m
[Ep  41000000/50000000] avg_r= -0.068 | h2h=155.5500 | br=11.7773 | avg= 0.5320 |   3052 ep/s | 227.6m
[Ep  41050000/50000000] avg_r= -0.099 | h2h=155.5500 | br=11.7224 | avg= 0.5334 |   3042 ep/s | 227.9m
[Ep  41100000/50000000] avg_r= -0.041 | h2h=155.5500 | br=11.7709 | avg= 0.5347 |   3062 ep/s | 228.2m
[Ep  41150000/50000000] avg_r= -0.094 | h2h=155.5500 | br=11.7123 | avg= 0.5330 |   3082 ep/s | 228.4m
[Ep  41200000/50000000] avg_r= -0.060 | h2h=155.5500 | br=11.8700 | avg= 0.5338 |   3092 ep/s | 228.7m
[Ep  41250000/50000000] avg_r= -0.053 | h2h=155.5500 | br=11.8730 | avg= 0.5328 |   3085 ep/s | 229.0m
[Ep  41300000/50000000] avg_r= -0.026 | h2h=155.5500 | br=11.8771 | avg= 0.5336 |   3100 ep/s | 229.3m
[Ep  41350000/50000000] avg_r= -0.083 | h2h=155.5500 | br=11.9017 | avg= 0.5335 |   3109 ep/s | 229.5m
[Ep  41400000/50000000] avg_r= -0.098 | h2h=155.5500 | br=11.9688 | avg= 0.5345 |   3120 ep/s | 229.8m
[Ep  41450000/50000000] avg_r= -0.077 | h2h=155.5500 | br=11.9199 | avg= 0.5341 |   3157 ep/s | 230.1m
[Ep  41500000/50000000] avg_r= -0.136 | h2h=155.5500 | br=12.0382 | avg= 0.5323 |   3111 ep/s | 230.3m
[Ep  41550000/50000000] avg_r= -0.062 | h2h=155.5500 | br=11.9341 | avg= 0.5321 |   3091 ep/s | 230.6m
[Ep  41600000/50000000] avg_r= -0.065 | h2h=155.5500 | br=11.8796 | avg= 0.5343 |   3093 ep/s | 230.9m
[Ep  41650000/50000000] avg_r= -0.040 | h2h=155.5500 | br=12.0423 | avg= 0.5339 |   3235 ep/s | 231.1m
[Ep  41700000/50000000] avg_r= -0.106 | h2h=155.5500 | br=11.9328 | avg= 0.5333 |   3769 ep/s | 231.3m
[Ep  41750000/50000000] avg_r= -0.063 | h2h=155.5500 | br=12.0091 | avg= 0.5328 |   3791 ep/s | 231.6m
[Ep  41800000/50000000] avg_r=  0.002 | h2h=155.5500 | br=11.8362 | avg= 0.5345 |   3798 ep/s | 231.8m
[Ep  41850000/50000000] avg_r= -0.076 | h2h=155.5500 | br=11.9854 | avg= 0.5337 |   3787 ep/s | 232.0m
[Ep  41900000/50000000] avg_r= -0.055 | h2h=155.5500 | br=11.8942 | avg= 0.5339 |   3800 ep/s | 232.2m
[Ep  41950000/50000000] avg_r= -0.071 | h2h=155.5500 | br=11.9156 | avg= 0.5346 |   3784 ep/s | 232.4m
[Ep  42000000/50000000] avg_r= -0.081 | h2h=155.5500 | br=11.9529 | avg= 0.5318 |   3706 ep/s | 232.7m
[Ep  42050000/50000000] avg_r= -0.071 | h2h=155.5500 | br=12.1206 | avg= 0.5334 |   3080 ep/s | 232.9m
[Ep  42100000/50000000] avg_r= -0.092 | h2h=155.5500 | br=12.1525 | avg= 0.5343 |   3045 ep/s | 233.2m
[Ep  42150000/50000000] avg_r= -0.052 | h2h=155.5500 | br=12.1679 | avg= 0.5338 |   2942 ep/s | 233.5m
[Ep  42200000/50000000] avg_r= -0.050 | h2h=155.5500 | br=12.1386 | avg= 0.5325 |   2864 ep/s | 233.8m
[Ep  42250000/50000000] avg_r= -0.055 | h2h=155.5500 | br=12.1353 | avg= 0.5335 |   2861 ep/s | 234.1m
[Ep  42300000/50000000] avg_r= -0.077 | h2h=155.5500 | br=11.9717 | avg= 0.5327 |   2840 ep/s | 234.4m
[Ep  42350000/50000000] avg_r=  0.005 | h2h=155.5500 | br=12.0904 | avg= 0.5331 |   3068 ep/s | 234.6m
[Ep  42400000/50000000] avg_r= -0.038 | h2h=155.5500 | br=12.1345 | avg= 0.5337 |   3106 ep/s | 234.9m
[Ep  42450000/50000000] avg_r= -0.032 | h2h=155.5500 | br=12.1421 | avg= 0.5339 |   3040 ep/s | 235.2m
[Ep  42500000/50000000] avg_r= -0.076 | h2h=155.5500 | br=12.0867 | avg= 0.5333 |   3101 ep/s | 235.4m
[Ep  42550000/50000000] avg_r= -0.089 | h2h=155.5500 | br=12.1622 | avg= 0.5327 |   3098 ep/s | 235.7m
[Ep  42600000/50000000] avg_r= -0.124 | h2h=155.5500 | br=12.0849 | avg= 0.5347 |   3120 ep/s | 236.0m
[Ep  42650000/50000000] avg_r= -0.078 | h2h=155.5500 | br=12.0585 | avg= 0.5340 |   3079 ep/s | 236.3m
[Ep  42700000/50000000] avg_r= -0.055 | h2h=155.5500 | br=12.0454 | avg= 0.5320 |   3094 ep/s | 236.5m
[Ep  42750000/50000000] avg_r= -0.051 | h2h=155.5500 | br=12.1756 | avg= 0.5334 |   3140 ep/s | 236.8m
[Ep  42800000/50000000] avg_r= -0.119 | h2h=155.5500 | br=11.9032 | avg= 0.5325 |   3101 ep/s | 237.1m
[Ep  42850000/50000000] avg_r= -0.086 | h2h=155.5500 | br=11.8661 | avg= 0.5332 |   3093 ep/s | 237.3m
[Ep  42900000/50000000] avg_r= -0.027 | h2h=155.5500 | br=11.9612 | avg= 0.5348 |   3119 ep/s | 237.6m
[Ep  42950000/50000000] avg_r= -0.086 | h2h=155.5500 | br=11.9564 | avg= 0.5342 |   3125 ep/s | 237.9m
[Ep  43000000/50000000] avg_r= -0.023 | h2h=155.5500 | br=11.7958 | avg= 0.5332 |   3103 ep/s | 238.1m
[Ep  43050000/50000000] avg_r= -0.089 | h2h=155.5500 | br=11.9167 | avg= 0.5322 |   3131 ep/s | 238.4m
[Ep  43100000/50000000] avg_r= -0.031 | h2h=155.5500 | br=11.9695 | avg= 0.5329 |   3123 ep/s | 238.7m
[Ep  43150000/50000000] avg_r= -0.017 | h2h=155.5500 | br=11.7442 | avg= 0.5334 |   3131 ep/s | 238.9m
[Ep  43200000/50000000] avg_r= -0.163 | h2h=155.5500 | br=11.8055 | avg= 0.5343 |   3120 ep/s | 239.2m
[Ep  43250000/50000000] avg_r=  0.001 | h2h=155.5500 | br=11.8388 | avg= 0.5333 |   3149 ep/s | 239.5m
[Ep  43300000/50000000] avg_r= -0.019 | h2h=155.5500 | br=11.8492 | avg= 0.5341 |   3049 ep/s | 239.7m
[Ep  43350000/50000000] avg_r= -0.078 | h2h=155.5500 | br=11.9663 | avg= 0.5330 |   3060 ep/s | 240.0m
[Ep  43400000/50000000] avg_r= -0.095 | h2h=155.5500 | br=11.9457 | avg= 0.5337 |   3034 ep/s | 240.3m
[Ep  43450000/50000000] avg_r= -0.029 | h2h=155.5500 | br=12.1401 | avg= 0.5325 |   3107 ep/s | 240.5m
[Ep  43500000/50000000] avg_r= -0.089 | h2h=155.5500 | br=11.9472 | avg= 0.5328 |   3080 ep/s | 240.8m
[Ep  43550000/50000000] avg_r= -0.031 | h2h=155.5500 | br=12.1427 | avg= 0.5325 |   3087 ep/s | 241.1m
[Ep  43600000/50000000] avg_r= -0.006 | h2h=155.5500 | br=12.1430 | avg= 0.5333 |   3070 ep/s | 241.4m
[Ep  43650000/50000000] avg_r= -0.063 | h2h=155.5500 | br=12.1761 | avg= 0.5338 |   3047 ep/s | 241.6m
[Ep  43700000/50000000] avg_r= -0.064 | h2h=155.5500 | br=12.1949 | avg= 0.5342 |   3082 ep/s | 241.9m
[Ep  43750000/50000000] avg_r= -0.009 | h2h=155.5500 | br=12.1698 | avg= 0.5324 |   3096 ep/s | 242.2m
[Ep  43800000/50000000] avg_r= -0.062 | h2h=155.5500 | br=12.0565 | avg= 0.5329 |   3047 ep/s | 242.4m
[Ep  43850000/50000000] avg_r= -0.041 | h2h=155.5500 | br=11.9515 | avg= 0.5329 |   3038 ep/s | 242.7m
[Ep  43900000/50000000] avg_r= -0.146 | h2h=155.5500 | br=12.0194 | avg= 0.5344 |   3061 ep/s | 243.0m
[Ep  43950000/50000000] avg_r= -0.060 | h2h=155.5500 | br=11.9994 | avg= 0.5315 |   3092 ep/s | 243.3m
[Ep  44000000/50000000] avg_r= -0.102 | h2h=155.5500 | br=12.0836 | avg= 0.5333 |   3056 ep/s | 243.5m
[Ep  44050000/50000000] avg_r= -0.051 | h2h=155.5500 | br=12.1203 | avg= 0.5329 |   3088 ep/s | 243.8m
[Ep  44100000/50000000] avg_r= -0.018 | h2h=155.5500 | br=12.0557 | avg= 0.5332 |   3016 ep/s | 244.1m
[Ep  44150000/50000000] avg_r= -0.057 | h2h=155.5500 | br=12.1821 | avg= 0.5325 |   3039 ep/s | 244.4m
[Ep  44200000/50000000] avg_r= -0.034 | h2h=155.5500 | br=12.1329 | avg= 0.5316 |   3057 ep/s | 244.6m
[Ep  44250000/50000000] avg_r= -0.057 | h2h=155.5500 | br=12.0137 | avg= 0.5328 |   3084 ep/s | 244.9m
[Ep  44300000/50000000] avg_r= -0.117 | h2h=155.5500 | br=12.0071 | avg= 0.5325 |   2999 ep/s | 245.2m
[Ep  44350000/50000000] avg_r= -0.068 | h2h=155.5500 | br=11.9668 | avg= 0.5327 |   3075 ep/s | 245.4m
[Ep  44400000/50000000] avg_r= -0.072 | h2h=155.5500 | br=12.0436 | avg= 0.5333 |   3017 ep/s | 245.7m
[Ep  44450000/50000000] avg_r= -0.009 | h2h=155.5500 | br=11.9999 | avg= 0.5327 |   3001 ep/s | 246.0m
[Ep  44500000/50000000] avg_r= -0.127 | h2h=155.5500 | br=11.9262 | avg= 0.5335 |   3061 ep/s | 246.3m
[Ep  44550000/50000000] avg_r= -0.095 | h2h=155.5500 | br=12.1816 | avg= 0.5326 |   3054 ep/s | 246.5m
[Ep  44600000/50000000] avg_r= -0.057 | h2h=155.5500 | br=12.1788 | avg= 0.5328 |   3057 ep/s | 246.8m
[Ep  44650000/50000000] avg_r= -0.133 | h2h=155.5500 | br=12.0859 | avg= 0.5343 |   3098 ep/s | 247.1m
[Ep  44700000/50000000] avg_r= -0.094 | h2h=155.5500 | br=11.9904 | avg= 0.5326 |   3063 ep/s | 247.4m
[Ep  44750000/50000000] avg_r= -0.000 | h2h=155.5500 | br=12.0027 | avg= 0.5320 |   3103 ep/s | 247.6m
[Ep  44800000/50000000] avg_r= -0.015 | h2h=155.5500 | br=12.1140 | avg= 0.5325 |   3055 ep/s | 247.9m
[Ep  44850000/50000000] avg_r= -0.113 | h2h=155.5500 | br=11.9353 | avg= 0.5313 |   3069 ep/s | 248.2m
[Ep  44900000/50000000] avg_r= -0.031 | h2h=155.5500 | br=11.7530 | avg= 0.5325 |   3060 ep/s | 248.4m
[Ep  44950000/50000000] avg_r= -0.065 | h2h=155.5500 | br=11.7748 | avg= 0.5325 |   3045 ep/s | 248.7m
[Ep  45000000/50000000] avg_r= -0.051 | h2h=155.5500 | br=11.8950 | avg= 0.5308 |   3068 ep/s | 249.0m
[Ep  45050000/50000000] avg_r= -0.055 | h2h=155.5500 | br=11.8177 | avg= 0.5315 |   3058 ep/s | 249.3m
[Ep  45100000/50000000] avg_r= -0.105 | h2h=155.5500 | br=11.8697 | avg= 0.5322 |   3097 ep/s | 249.5m
[Ep  45150000/50000000] avg_r= -0.058 | h2h=155.5500 | br=11.8067 | avg= 0.5329 |   3083 ep/s | 249.8m
[Ep  45200000/50000000] avg_r= -0.080 | h2h=155.5500 | br=11.6915 | avg= 0.5330 |   3074 ep/s | 250.1m
[Ep  45250000/50000000] avg_r= -0.101 | h2h=155.5500 | br=11.6728 | avg= 0.5321 |   3054 ep/s | 250.3m
[Ep  45300000/50000000] avg_r= -0.052 | h2h=155.5500 | br=11.5709 | avg= 0.5333 |   3105 ep/s | 250.6m
[Ep  45350000/50000000] avg_r= -0.057 | h2h=155.5500 | br=11.4708 | avg= 0.5330 |   3089 ep/s | 250.9m
[Ep  45400000/50000000] avg_r=  0.010 | h2h=155.5500 | br=11.3630 | avg= 0.5315 |   3067 ep/s | 251.2m
[Ep  45450000/50000000] avg_r= -0.034 | h2h=155.5500 | br=11.5368 | avg= 0.5319 |   3065 ep/s | 251.4m
[Ep  45500000/50000000] avg_r= -0.071 | h2h=155.5500 | br=11.6018 | avg= 0.5331 |   3093 ep/s | 251.7m
[Ep  45550000/50000000] avg_r= -0.147 | h2h=155.5500 | br=11.7008 | avg= 0.5311 |   3051 ep/s | 252.0m
[Ep  45600000/50000000] avg_r= -0.117 | h2h=155.5500 | br=11.7643 | avg= 0.5316 |   3062 ep/s | 252.2m
[Ep  45650000/50000000] avg_r= -0.028 | h2h=155.5500 | br=11.8194 | avg= 0.5335 |   3091 ep/s | 252.5m
[Ep  45700000/50000000] avg_r= -0.056 | h2h=155.5500 | br=11.7053 | avg= 0.5330 |   3065 ep/s | 252.8m
[Ep  45750000/50000000] avg_r= -0.018 | h2h=155.5500 | br=11.7020 | avg= 0.5338 |   3113 ep/s | 253.1m
[Ep  45800000/50000000] avg_r= -0.055 | h2h=155.5500 | br=11.8169 | avg= 0.5331 |   3143 ep/s | 253.3m
[Ep  45850000/50000000] avg_r= -0.090 | h2h=155.5500 | br=11.9480 | avg= 0.5328 |   3053 ep/s | 253.6m
[Ep  45900000/50000000] avg_r= -0.079 | h2h=155.5500 | br=11.9606 | avg= 0.5326 |   3104 ep/s | 253.9m
[Ep  45950000/50000000] avg_r= -0.086 | h2h=155.5500 | br=11.9657 | avg= 0.5325 |   3101 ep/s | 254.1m
[Ep  46000000/50000000] avg_r= -0.057 | h2h=155.5500 | br=11.9425 | avg= 0.5316 |   3083 ep/s | 254.4m
[Ep  46050000/50000000] avg_r= -0.048 | h2h=155.5500 | br=11.8208 | avg= 0.5325 |   3084 ep/s | 254.7m
[Ep  46100000/50000000] avg_r= -0.068 | h2h=155.5500 | br=11.7211 | avg= 0.5301 |   3079 ep/s | 254.9m
[Ep  46150000/50000000] avg_r= -0.115 | h2h=155.5500 | br=11.6186 | avg= 0.5326 |   3019 ep/s | 255.2m
[Ep  46200000/50000000] avg_r=  0.039 | h2h=155.5500 | br=11.5493 | avg= 0.5318 |   3116 ep/s | 255.5m
[Ep  46250000/50000000] avg_r= -0.041 | h2h=155.5500 | br=11.6598 | avg= 0.5318 |   3056 ep/s | 255.8m
[Ep  46300000/50000000] avg_r= -0.036 | h2h=155.5500 | br=11.7742 | avg= 0.5323 |   3070 ep/s | 256.0m
[Ep  46350000/50000000] avg_r= -0.085 | h2h=155.5500 | br=11.8603 | avg= 0.5325 |   3115 ep/s | 256.3m
[Ep  46400000/50000000] avg_r= -0.106 | h2h=155.5500 | br=11.9281 | avg= 0.5325 |   3078 ep/s | 256.6m
[Ep  46450000/50000000] avg_r= -0.121 | h2h=155.5500 | br=11.8575 | avg= 0.5304 |   3043 ep/s | 256.8m
[Ep  46500000/50000000] avg_r= -0.072 | h2h=155.5500 | br=11.8800 | avg= 0.5323 |   3072 ep/s | 257.1m
[Ep  46550000/50000000] avg_r= -0.113 | h2h=155.5500 | br=11.6709 | avg= 0.5324 |   3065 ep/s | 257.4m
[Ep  46600000/50000000] avg_r= -0.091 | h2h=155.5500 | br=11.7411 | avg= 0.5315 |   3067 ep/s | 257.7m
[Ep  46650000/50000000] avg_r= -0.051 | h2h=155.5500 | br=11.5420 | avg= 0.5310 |   3070 ep/s | 257.9m
[Ep  46700000/50000000] avg_r= -0.104 | h2h=155.5500 | br=11.6450 | avg= 0.5319 |   3098 ep/s | 258.2m
[Ep  46750000/50000000] avg_r= -0.037 | h2h=155.5500 | br=11.7643 | avg= 0.5319 |   3052 ep/s | 258.5m
[Ep  46800000/50000000] avg_r= -0.064 | h2h=155.5500 | br=11.7641 | avg= 0.5311 |   3046 ep/s | 258.7m
[Ep  46850000/50000000] avg_r= -0.059 | h2h=155.5500 | br=11.7126 | avg= 0.5322 |   3083 ep/s | 259.0m
[Ep  46900000/50000000] avg_r= -0.152 | h2h=155.5500 | br=11.7041 | avg= 0.5309 |   3101 ep/s | 259.3m
[Ep  46950000/50000000] avg_r= -0.032 | h2h=155.5500 | br=11.7084 | avg= 0.5301 |   3054 ep/s | 259.6m
[Ep  47000000/50000000] avg_r= -0.036 | h2h=155.5500 | br=11.6534 | avg= 0.5325 |   3079 ep/s | 259.8m
[Ep  47050000/50000000] avg_r= -0.143 | h2h=155.5500 | br=11.4861 | avg= 0.5325 |   3021 ep/s | 260.1m
[Ep  47100000/50000000] avg_r= -0.094 | h2h=155.5500 | br=11.4680 | avg= 0.5309 |   3059 ep/s | 260.4m
[Ep  47150000/50000000] avg_r= -0.094 | h2h=155.5500 | br=11.5153 | avg= 0.5313 |   3054 ep/s | 260.6m
[Ep  47200000/50000000] avg_r= -0.054 | h2h=155.5500 | br=11.3608 | avg= 0.5316 |   3077 ep/s | 260.9m
[Ep  47250000/50000000] avg_r= -0.032 | h2h=155.5500 | br=11.5274 | avg= 0.5306 |   3040 ep/s | 261.2m
[Ep  47300000/50000000] avg_r= -0.065 | h2h=155.5500 | br=11.5787 | avg= 0.5321 |   3071 ep/s | 261.5m
[Ep  47350000/50000000] avg_r= -0.067 | h2h=155.5500 | br=11.7042 | avg= 0.5314 |   3065 ep/s | 261.7m
[Ep  47400000/50000000] avg_r= -0.067 | h2h=155.5500 | br=11.5496 | avg= 0.5310 |   3081 ep/s | 262.0m
[Ep  47450000/50000000] avg_r= -0.057 | h2h=155.5500 | br=11.4638 | avg= 0.5329 |   3082 ep/s | 262.3m
[Ep  47500000/50000000] avg_r= -0.161 | h2h=155.5500 | br=11.5003 | avg= 0.5319 |   3071 ep/s | 262.5m
[Ep  47550000/50000000] avg_r= -0.097 | h2h=155.5500 | br=11.6245 | avg= 0.5322 |   3081 ep/s | 262.8m
[Ep  47600000/50000000] avg_r= -0.090 | h2h=155.5500 | br=11.7092 | avg= 0.5304 |   3032 ep/s | 263.1m
[Ep  47650000/50000000] avg_r= -0.088 | h2h=155.5500 | br=11.7238 | avg= 0.5321 |   3070 ep/s | 263.4m
[Ep  47700000/50000000] avg_r= -0.075 | h2h=155.5500 | br=11.7634 | avg= 0.5317 |   3115 ep/s | 263.6m
[Ep  47750000/50000000] avg_r= -0.116 | h2h=155.5500 | br=11.6754 | avg= 0.5316 |   3104 ep/s | 263.9m
[Ep  47800000/50000000] avg_r= -0.062 | h2h=155.5500 | br=11.8837 | avg= 0.5315 |   3059 ep/s | 264.2m
[Ep  47850000/50000000] avg_r= -0.106 | h2h=155.5500 | br=11.8379 | avg= 0.5309 |   3085 ep/s | 264.4m
[Ep  47900000/50000000] avg_r= -0.055 | h2h=155.5500 | br=11.7846 | avg= 0.5316 |   3069 ep/s | 264.7m
[Ep  47950000/50000000] avg_r= -0.182 | h2h=155.5500 | br=11.6483 | avg= 0.5327 |   3074 ep/s | 265.0m
[Ep  48000000/50000000] avg_r= -0.125 | h2h=155.5500 | br=11.7748 | avg= 0.5307 |   3045 ep/s | 265.3m
[Ep  48050000/50000000] avg_r= -0.118 | h2h=155.5500 | br=11.8354 | avg= 0.5311 |   3055 ep/s | 265.5m
[Ep  48100000/50000000] avg_r= -0.086 | h2h=155.5500 | br=11.8784 | avg= 0.5313 |   3080 ep/s | 265.8m
[Ep  48150000/50000000] avg_r= -0.092 | h2h=155.5500 | br=11.7655 | avg= 0.5313 |   3079 ep/s | 266.1m
[Ep  48200000/50000000] avg_r= -0.141 | h2h=155.5500 | br=11.6633 | avg= 0.5307 |   3084 ep/s | 266.3m
[Ep  48250000/50000000] avg_r= -0.093 | h2h=155.5500 | br=11.6821 | avg= 0.5301 |   3113 ep/s | 266.6m
[Ep  48300000/50000000] avg_r= -0.073 | h2h=155.5500 | br=11.7131 | avg= 0.5319 |   3064 ep/s | 266.9m
[Ep  48350000/50000000] avg_r= -0.111 | h2h=155.5500 | br=11.6142 | avg= 0.5306 |   3102 ep/s | 267.1m
[Ep  48400000/50000000] avg_r= -0.113 | h2h=155.5500 | br=11.8676 | avg= 0.5312 |   3163 ep/s | 267.4m
[Ep  48450000/50000000] avg_r= -0.123 | h2h=155.5500 | br=11.7684 | avg= 0.5324 |   3141 ep/s | 267.7m
[Ep  48500000/50000000] avg_r= -0.100 | h2h=155.5500 | br=11.7741 | avg= 0.5312 |   3110 ep/s | 267.9m
[Ep  48550000/50000000] avg_r= -0.084 | h2h=155.5500 | br=11.7326 | avg= 0.5324 |   3088 ep/s | 268.2m
[Ep  48600000/50000000] avg_r= -0.087 | h2h=155.5500 | br=11.6638 | avg= 0.5319 |   3131 ep/s | 268.5m
[Ep  48650000/50000000] avg_r= -0.079 | h2h=155.5500 | br=11.7238 | avg= 0.5322 |   3173 ep/s | 268.7m
[Ep  48700000/50000000] avg_r= -0.142 | h2h=155.5500 | br=11.6916 | avg= 0.5296 |   3307 ep/s | 269.0m
[Ep  48750000/50000000] avg_r= -0.099 | h2h=155.5500 | br=11.6710 | avg= 0.5323 |   3752 ep/s | 269.2m
[Ep  48800000/50000000] avg_r= -0.096 | h2h=155.5500 | br=11.6863 | avg= 0.5318 |   3822 ep/s | 269.4m
[Ep  48850000/50000000] avg_r= -0.039 | h2h=155.5500 | br=11.6420 | avg= 0.5305 |   3798 ep/s | 269.7m
[Ep  48900000/50000000] avg_r= -0.064 | h2h=155.5500 | br=11.5821 | avg= 0.5330 |   3746 ep/s | 269.9m
[Ep  48950000/50000000] avg_r= -0.056 | h2h=155.5500 | br=11.4311 | avg= 0.5311 |   3800 ep/s | 270.1m
[Ep  49000000/50000000] avg_r= -0.017 | h2h=155.5500 | br=11.3980 | avg= 0.5313 |   3870 ep/s | 270.3m
[Ep  49050000/50000000] avg_r= -0.045 | h2h=155.5500 | br=11.5708 | avg= 0.5312 |   3924 ep/s | 270.5m
[Ep  49100000/50000000] avg_r= -0.069 | h2h=155.5500 | br=11.5705 | avg= 0.5315 |   3965 ep/s | 270.7m
[Ep  49150000/50000000] avg_r= -0.034 | h2h=155.5500 | br=11.4872 | avg= 0.5314 |   3944 ep/s | 270.9m
[Ep  49200000/50000000] avg_r= -0.030 | h2h=155.5500 | br=11.6032 | avg= 0.5317 |   3889 ep/s | 271.2m
[Ep  49250000/50000000] avg_r= -0.072 | h2h=155.5500 | br=11.5345 | avg= 0.5313 |   3954 ep/s | 271.4m
[Ep  49300000/50000000] avg_r= -0.087 | h2h=155.5500 | br=11.5504 | avg= 0.5335 |   3929 ep/s | 271.6m
[Ep  49350000/50000000] avg_r= -0.068 | h2h=155.5500 | br=11.4250 | avg= 0.5309 |   3870 ep/s | 271.8m
[Ep  49400000/50000000] avg_r= -0.071 | h2h=155.5500 | br=11.3506 | avg= 0.5314 |   3931 ep/s | 272.0m
[Ep  49450000/50000000] avg_r= -0.104 | h2h=155.5500 | br=11.4680 | avg= 0.5326 |   3874 ep/s | 272.2m
[Ep  49500000/50000000] avg_r=  0.001 | h2h=155.5500 | br=11.4020 | avg= 0.5315 |   3881 ep/s | 272.4m
[Ep  49550000/50000000] avg_r= -0.007 | h2h=155.5500 | br=11.3803 | avg= 0.5317 |   3882 ep/s | 272.7m
[Ep  49600000/50000000] avg_r= -0.101 | h2h=155.5500 | br=11.4711 | avg= 0.5320 |   3860 ep/s | 272.9m
[Ep  49650000/50000000] avg_r= -0.109 | h2h=155.5500 | br=11.5789 | avg= 0.5318 |   3896 ep/s | 273.1m
[Ep  49700000/50000000] avg_r= -0.059 | h2h=155.5500 | br=11.4922 | avg= 0.5317 |   3886 ep/s | 273.3m
[Ep  49750000/50000000] avg_r= -0.049 | h2h=155.5500 | br=11.4698 | avg= 0.5295 |   3873 ep/s | 273.5m
[Ep  49800000/50000000] avg_r= -0.102 | h2h=155.5500 | br=11.3797 | avg= 0.5308 |   3877 ep/s | 273.7m
[Ep  49850000/50000000] avg_r= -0.061 | h2h=155.5500 | br=11.3674 | avg= 0.5314 |   3894 ep/s | 273.9m
[Ep  49900000/50000000] avg_r= -0.056 | h2h=155.5500 | br=11.3634 | avg= 0.5314 |   3870 ep/s | 274.2m
[Ep  49950000/50000000] avg_r= -0.109 | h2h=155.5500 | br=11.4834 | avg= 0.5324 |   3920 ep/s | 274.4m
[Ep  50000000/50000000] avg_r= -0.052 | h2h=155.5500 | br=11.3224 | avg= 0.5313 |   3903 ep/s | 274.6m
[H2H] ep=50000000 | avg_reward=141.8500 over 1000 games
  >>> H2H WINRATE @ ep 50000000: 141.8500
  [CHECKPOINT] saved at ep 50000000
==========================================================================================
DONE holdem_64x64_baseline | 275.9m
H2H log saved to results/logs/holdem_64x64_baseline_seed42_h2h.csv
