NFSP C++ Hold'em holdem_64x64_mv_train_std_05 (nfsp_iqn) | seed=42 | 50000000 episodes | 3 workers | arch=[64,64] | batch=256 | learn_every=256 | target=128000 | dqn_lr=0.002 | sl_lr=0.0002 | dqn_buf=600000 | res_buf=15000000
==========================================================================================
[Ep     50000/50000000] avg_r=  0.840 | h2h=  0.0000 | br= 0.4175 | avg= 0.3306 | fc=0.008 |   2406 ep/s | 0.3m
[Ep    100000/50000000] avg_r=  0.649 | h2h=  0.0000 | br= 0.5171 | avg= 0.3364 | fc=0.008 |   2130 ep/s | 0.7m
[Ep    150000/50000000] avg_r=  0.655 | h2h=  0.0000 | br= 0.5336 | avg= 0.3451 | fc=0.004 |   2278 ep/s | 1.1m
[Ep    200000/50000000] avg_r=  0.523 | h2h=  0.0000 | br= 0.5162 | avg= 0.3621 | fc=0.004 |   2297 ep/s | 1.5m
[Ep    250000/50000000] avg_r=  0.577 | h2h=  0.0000 | br= 0.5105 | avg= 0.3797 | fc=0.006 |   2263 ep/s | 1.8m
[Ep    300000/50000000] avg_r=  0.578 | h2h=  0.0000 | br= 0.5083 | avg= 0.3842 | fc=0.006 |   2352 ep/s | 2.2m
[Ep    350000/50000000] avg_r=  0.607 | h2h=  0.0000 | br= 0.5070 | avg= 0.3871 | fc=0.006 |   2413 ep/s | 2.5m
[Ep    400000/50000000] avg_r=  0.362 | h2h=  0.0000 | br= 0.5064 | avg= 0.3899 | fc=0.014 |   2432 ep/s | 2.9m
[Ep    450000/50000000] avg_r=  0.449 | h2h=  0.0000 | br= 0.4989 | avg= 0.4100 | fc=0.014 |   2423 ep/s | 3.2m
[Ep    500000/50000000] avg_r=  0.386 | h2h=  0.0000 | br= 0.4901 | avg= 0.4094 | fc=0.006 |   2489 ep/s | 3.6m
[Ep    550000/50000000] avg_r=  0.313 | h2h=  0.0000 | br= 0.4892 | avg= 0.4065 | fc=0.004 |   2403 ep/s | 3.9m
[Ep    600000/50000000] avg_r=  0.426 | h2h=  0.0000 | br= 0.4868 | avg= 0.4065 | fc=0.004 |   2364 ep/s | 4.3m
[Ep    650000/50000000] avg_r=  0.422 | h2h=  0.0000 | br= 0.4871 | avg= 0.3968 | fc=0.008 |   2324 ep/s | 4.6m
[Ep    700000/50000000] avg_r=  0.383 | h2h=  0.0000 | br= 0.6510 | avg= 0.3976 | fc=0.113 |   2563 ep/s | 4.9m
[Ep    750000/50000000] avg_r=  0.383 | h2h=  0.0000 | br= 0.6934 | avg= 0.3958 | fc=0.166 |   2438 ep/s | 5.3m
[Ep    800000/50000000] avg_r=  0.361 | h2h=  0.0000 | br= 0.8257 | avg= 0.4049 | fc=0.162 |   2448 ep/s | 5.6m
[Ep    850000/50000000] avg_r=  0.411 | h2h=  0.0000 | br= 0.8141 | avg= 0.4063 | fc=0.184 |   2509 ep/s | 6.0m
[Ep    900000/50000000] avg_r=  0.402 | h2h=  0.0000 | br= 0.8079 | avg= 0.4056 | fc=0.201 |   2431 ep/s | 6.3m
[Ep    950000/50000000] avg_r=  0.387 | h2h=  0.0000 | br= 0.8121 | avg= 0.4084 | fc=0.219 |   2446 ep/s | 6.6m
[Ep   1000000/50000000] avg_r=  0.393 | h2h=  0.0000 | br= 0.8072 | avg= 0.4068 | fc=0.180 |   2438 ep/s | 7.0m
[Ep   1050000/50000000] avg_r=  0.339 | h2h=  0.0000 | br= 0.8071 | avg= 0.4022 | fc=0.176 |   2444 ep/s | 7.3m
[Ep   1100000/50000000] avg_r=  0.380 | h2h=  0.0000 | br= 0.8049 | avg= 0.4005 | fc=0.176 |   2446 ep/s | 7.7m
[Ep   1150000/50000000] avg_r=  0.344 | h2h=  0.0000 | br= 0.8030 | avg= 0.3984 | fc=0.199 |   2528 ep/s | 8.0m
[Ep   1200000/50000000] avg_r=  0.377 | h2h=  0.0000 | br= 0.8049 | avg= 0.3951 | fc=0.189 |   2414 ep/s | 8.3m
[Ep   1250000/50000000] avg_r=  0.438 | h2h=  0.0000 | br= 0.8060 | avg= 0.3922 | fc=0.182 |   2512 ep/s | 8.7m
[Ep   1300000/50000000] avg_r=  0.348 | h2h=  0.0000 | br= 0.8025 | avg= 0.3890 | fc=0.191 |   2528 ep/s | 9.0m
[Ep   1350000/50000000] avg_r=  0.399 | h2h=  0.0000 | br= 0.8082 | avg= 0.3891 | fc=0.148 |   2430 ep/s | 9.3m
[Ep   1400000/50000000] avg_r=  0.339 | h2h=  0.0000 | br= 0.8118 | avg= 0.3924 | fc=0.164 |   2453 ep/s | 9.7m
[Ep   1450000/50000000] avg_r=  0.400 | h2h=  0.0000 | br= 1.0667 | avg= 0.4080 | fc=0.215 |   2340 ep/s | 10.0m
[Ep   1500000/50000000] avg_r=  0.404 | h2h=  0.0000 | br= 1.2656 | avg= 0.3938 | fc=0.170 |   2393 ep/s | 10.4m
[Ep   1550000/50000000] avg_r=  0.393 | h2h=  0.0000 | br= 1.3028 | avg= 0.3965 | fc=0.213 |   2431 ep/s | 10.7m
[Ep   1600000/50000000] avg_r=  0.312 | h2h=  0.0000 | br= 1.2984 | avg= 0.4008 | fc=0.205 |   2423 ep/s | 11.1m
[Ep   1650000/50000000] avg_r=  0.368 | h2h=  0.0000 | br= 1.3007 | avg= 0.4004 | fc=0.174 |   2395 ep/s | 11.4m
[Ep   1700000/50000000] avg_r=  0.344 | h2h=  0.0000 | br= 1.2967 | avg= 0.4043 | fc=0.176 |   2405 ep/s | 11.8m
[Ep   1750000/50000000] avg_r=  0.275 | h2h=  0.0000 | br= 1.2986 | avg= 0.4041 | fc=0.213 |   2368 ep/s | 12.1m
[Ep   1800000/50000000] avg_r=  0.258 | h2h=  0.0000 | br= 1.2996 | avg= 0.4024 | fc=0.201 |   2426 ep/s | 12.5m
[Ep   1850000/50000000] avg_r=  0.331 | h2h=  0.0000 | br= 1.2963 | avg= 0.4039 | fc=0.189 |   2467 ep/s | 12.8m
[Ep   1900000/50000000] avg_r=  0.262 | h2h=  0.0000 | br= 1.2965 | avg= 0.4048 | fc=0.203 |   2410 ep/s | 13.1m
[Ep   1950000/50000000] avg_r=  0.396 | h2h=  0.0000 | br= 1.2942 | avg= 0.4005 | fc=0.164 |   2354 ep/s | 13.5m
[Ep   2000000/50000000] avg_r=  0.317 | h2h=  0.0000 | br= 1.2963 | avg= 0.4001 | fc=0.193 |   2419 ep/s | 13.8m
[Ep   2050000/50000000] avg_r=  0.367 | h2h=  0.0000 | br= 1.2929 | avg= 0.3990 | fc=0.174 |   2344 ep/s | 14.2m
[Ep   2100000/50000000] avg_r=  0.327 | h2h=  0.0000 | br= 1.2959 | avg= 0.4004 | fc=0.162 |   2435 ep/s | 14.5m
[Ep   2150000/50000000] avg_r=  0.465 | h2h=  0.0000 | br= 1.2910 | avg= 0.3959 | fc=0.170 |   2379 ep/s | 14.9m
[Ep   2200000/50000000] avg_r=  0.326 | h2h=  0.0000 | br= 1.2906 | avg= 0.3957 | fc=0.170 |   2349 ep/s | 15.2m
[Ep   2250000/50000000] avg_r=  0.258 | h2h=  0.0000 | br= 1.2932 | avg= 0.3965 | fc=0.170 |   2407 ep/s | 15.6m
[Ep   2300000/50000000] avg_r=  0.384 | h2h=  0.0000 | br= 1.2947 | avg= 0.3944 | fc=0.137 |   2388 ep/s | 15.9m
[Ep   2350000/50000000] avg_r=  0.306 | h2h=  0.0000 | br= 1.2926 | avg= 0.3918 | fc=0.170 |   2378 ep/s | 16.3m
[Ep   2400000/50000000] avg_r=  0.400 | h2h=  0.0000 | br= 1.2958 | avg= 0.3910 | fc=0.207 |   2394 ep/s | 16.6m
[Ep   2450000/50000000] avg_r=  0.263 | h2h=  0.0000 | br= 1.2917 | avg= 0.3889 | fc=0.197 |   2409 ep/s | 17.0m
[Ep   2500000/50000000] avg_r=  0.323 | h2h=  0.0000 | br= 1.2913 | avg= 0.3866 | fc=0.195 |   2401 ep/s | 17.3m
[Ep   2550000/50000000] avg_r=  0.458 | h2h=  0.0000 | br= 1.2902 | avg= 0.3844 | fc=0.186 |   2395 ep/s | 17.7m
[Ep   2600000/50000000] avg_r=  0.343 | h2h=  0.0000 | br= 1.2883 | avg= 0.3829 | fc=0.186 |   2366 ep/s | 18.0m
[Ep   2650000/50000000] avg_r=  0.381 | h2h=  0.0000 | br= 1.2886 | avg= 0.3789 | fc=0.186 |   2354 ep/s | 18.4m
[Ep   2700000/50000000] avg_r=  0.352 | h2h=  0.0000 | br= 1.3497 | avg= 0.3783 | fc=0.232 |   2405 ep/s | 18.7m
[Ep   2750000/50000000] avg_r=  0.459 | h2h=  0.0000 | br= 1.4613 | avg= 0.3898 | fc=0.227 |   2352 ep/s | 19.1m
[Ep   2800000/50000000] avg_r=  0.427 | h2h=  0.0000 | br= 1.4840 | avg= 0.3940 | fc=0.277 |   2425 ep/s | 19.4m
[Ep   2850000/50000000] avg_r=  0.455 | h2h=  0.0000 | br= 1.5660 | avg= 0.3933 | fc=0.248 |   2317 ep/s | 19.8m
[Ep   2900000/50000000] avg_r=  0.383 | h2h=  0.0000 | br= 1.6488 | avg= 0.3879 | fc=0.270 |   2366 ep/s | 20.1m
[Ep   2950000/50000000] avg_r=  0.372 | h2h=  0.0000 | br= 1.6492 | avg= 0.3925 | fc=0.271 |   2369 ep/s | 20.5m
[Ep   3000000/50000000] avg_r=  0.319 | h2h=  0.0000 | br= 1.6461 | avg= 0.3929 | fc=0.285 |   2388 ep/s | 20.8m
[Ep   3050000/50000000] avg_r=  0.252 | h2h=  0.0000 | br= 1.6470 | avg= 0.3975 | fc=0.260 |   2291 ep/s | 21.2m
[Ep   3100000/50000000] avg_r=  0.396 | h2h=  0.0000 | br= 1.6481 | avg= 0.3986 | fc=0.301 |   2359 ep/s | 21.6m
[Ep   3150000/50000000] avg_r=  0.368 | h2h=  0.0000 | br= 1.6443 | avg= 0.3969 | fc=0.273 |   2335 ep/s | 21.9m
[Ep   3200000/50000000] avg_r=  0.418 | h2h=  0.0000 | br= 1.6492 | avg= 0.4004 | fc=0.273 |   2306 ep/s | 22.3m
[Ep   3250000/50000000] avg_r=  0.449 | h2h=  0.0000 | br= 1.6448 | avg= 0.4022 | fc=0.244 |   2318 ep/s | 22.6m
[Ep   3300000/50000000] avg_r=  0.390 | h2h=  0.0000 | br= 1.6425 | avg= 0.4034 | fc=0.268 |   2314 ep/s | 23.0m
[Ep   3350000/50000000] avg_r=  0.319 | h2h=  0.0000 | br= 1.6469 | avg= 0.4038 | fc=0.242 |   2383 ep/s | 23.3m
[Ep   3400000/50000000] avg_r=  0.378 | h2h=  0.0000 | br= 1.6471 | avg= 0.4031 | fc=0.277 |   2355 ep/s | 23.7m
[Ep   3450000/50000000] avg_r=  0.319 | h2h=  0.0000 | br= 1.6460 | avg= 0.4044 | fc=0.223 |   2474 ep/s | 24.0m
[Ep   3500000/50000000] avg_r=  0.377 | h2h=  0.0000 | br= 1.6442 | avg= 0.4040 | fc=0.309 |   2307 ep/s | 24.4m
[Ep   3550000/50000000] avg_r=  0.390 | h2h=  0.0000 | br= 1.6448 | avg= 0.4047 | fc=0.270 |   2312 ep/s | 24.8m
[Ep   3600000/50000000] avg_r=  0.451 | h2h=  0.0000 | br= 1.6406 | avg= 0.4039 | fc=0.273 |   2363 ep/s | 25.1m
[Ep   3650000/50000000] avg_r=  0.390 | h2h=  0.0000 | br= 1.6435 | avg= 0.4031 | fc=0.311 |   2345 ep/s | 25.5m
[Ep   3700000/50000000] avg_r=  0.384 | h2h=  0.0000 | br= 1.6452 | avg= 0.4034 | fc=0.264 |   2370 ep/s | 25.8m
[Ep   3750000/50000000] avg_r=  0.455 | h2h=  0.0000 | br= 1.6402 | avg= 0.4041 | fc=0.258 |   2276 ep/s | 26.2m
[Ep   3800000/50000000] avg_r=  0.294 | h2h=  0.0000 | br= 1.6439 | avg= 0.4047 | fc=0.252 |   2345 ep/s | 26.5m
[Ep   3850000/50000000] avg_r=  0.375 | h2h=  0.0000 | br= 1.6419 | avg= 0.4036 | fc=0.236 |   2357 ep/s | 26.9m
[Ep   3900000/50000000] avg_r=  0.365 | h2h=  0.0000 | br= 1.6432 | avg= 0.4018 | fc=0.268 |   2344 ep/s | 27.2m
[Ep   3950000/50000000] avg_r=  0.426 | h2h=  0.0000 | br= 1.6446 | avg= 0.4029 | fc=0.283 |   2343 ep/s | 27.6m
[Ep   4000000/50000000] avg_r=  0.355 | h2h=  0.0000 | br= 1.6434 | avg= 0.4015 | fc=0.283 |   2347 ep/s | 28.0m
[Ep   4050000/50000000] avg_r=  0.398 | h2h=  0.0000 | br= 1.6452 | avg= 0.3999 | fc=0.277 |   2320 ep/s | 28.3m
[Ep   4100000/50000000] avg_r=  0.399 | h2h=  0.0000 | br= 1.6419 | avg= 0.4010 | fc=0.270 |   2345 ep/s | 28.7m
[Ep   4150000/50000000] avg_r=  0.277 | h2h=  0.0000 | br= 1.6393 | avg= 0.4007 | fc=0.301 |   2423 ep/s | 29.0m
[Ep   4200000/50000000] avg_r=  0.455 | h2h=  0.0000 | br= 1.6409 | avg= 0.4019 | fc=0.309 |   2347 ep/s | 29.4m
[Ep   4250000/50000000] avg_r=  0.325 | h2h=  0.0000 | br= 1.6439 | avg= 0.3987 | fc=0.283 |   2407 ep/s | 29.7m
[Ep   4300000/50000000] avg_r=  0.388 | h2h=  0.0000 | br= 1.6421 | avg= 0.4000 | fc=0.236 |   2357 ep/s | 30.1m
[Ep   4350000/50000000] avg_r=  0.289 | h2h=  0.0000 | br= 1.6410 | avg= 0.3960 | fc=0.225 |   2407 ep/s | 30.4m
[Ep   4400000/50000000] avg_r=  0.316 | h2h=  0.0000 | br= 1.6410 | avg= 0.3984 | fc=0.227 |   2356 ep/s | 30.8m
[Ep   4450000/50000000] avg_r=  0.395 | h2h=  0.0000 | br= 1.6405 | avg= 0.3976 | fc=0.256 |   2414 ep/s | 31.1m
[Ep   4500000/50000000] avg_r=  0.309 | h2h=  0.0000 | br= 1.6410 | avg= 0.3961 | fc=0.277 |   2379 ep/s | 31.5m
[Ep   4550000/50000000] avg_r=  0.335 | h2h=  0.0000 | br= 1.6386 | avg= 0.3935 | fc=0.318 |   2433 ep/s | 31.8m
[Ep   4600000/50000000] avg_r=  0.381 | h2h=  0.0000 | br= 1.6377 | avg= 0.3966 | fc=0.232 |   2260 ep/s | 32.2m
[Ep   4650000/50000000] avg_r=  0.380 | h2h=  0.0000 | br= 1.6334 | avg= 0.3963 | fc=0.250 |   2426 ep/s | 32.5m
[Ep   4700000/50000000] avg_r=  0.317 | h2h=  0.0000 | br= 1.6375 | avg= 0.3941 | fc=0.266 |   2419 ep/s | 32.9m
[Ep   4750000/50000000] avg_r=  0.404 | h2h=  0.0000 | br= 1.6408 | avg= 0.3931 | fc=0.234 |   2372 ep/s | 33.2m
[Ep   4800000/50000000] avg_r=  0.380 | h2h=  0.0000 | br= 1.6390 | avg= 0.3924 | fc=0.244 |   2440 ep/s | 33.6m
[Ep   4850000/50000000] avg_r=  0.416 | h2h=  0.0000 | br= 1.6370 | avg= 0.3916 | fc=0.264 |   2290 ep/s | 33.9m
[Ep   4900000/50000000] avg_r=  0.377 | h2h=  0.0000 | br= 1.6384 | avg= 0.4032 | fc=0.250 |   2347 ep/s | 34.3m
[Ep   4950000/50000000] avg_r=  0.405 | h2h=  0.0000 | br= 1.6413 | avg= 0.4042 | fc=0.277 |   2395 ep/s | 34.6m
[Ep   5000000/50000000] avg_r=  0.363 | h2h=  0.0000 | br= 1.6396 | avg= 0.4027 | fc=0.275 |   2333 ep/s | 35.0m
[Ep   5050000/50000000] avg_r=  0.425 | h2h=  0.0000 | br= 1.6532 | avg= 0.4010 | fc=0.225 |   2406 ep/s | 35.3m
[Ep   5100000/50000000] avg_r=  0.372 | h2h=  0.0000 | br= 1.7612 | avg= 0.3899 | fc=0.225 |   2339 ep/s | 35.7m
[Ep   5150000/50000000] avg_r=  0.574 | h2h=  0.0000 | br= 1.7659 | avg= 0.3898 | fc=0.236 |   2306 ep/s | 36.0m
[Ep   5200000/50000000] avg_r=  0.509 | h2h=  0.0000 | br= 1.7720 | avg= 0.3919 | fc=0.250 |   2278 ep/s | 36.4m
[Ep   5250000/50000000] avg_r=  0.416 | h2h=  0.0000 | br= 1.7716 | avg= 0.3916 | fc=0.256 |   2252 ep/s | 36.8m
[Ep   5300000/50000000] avg_r=  0.421 | h2h=  0.0000 | br= 1.7716 | avg= 0.3921 | fc=0.205 |   2274 ep/s | 37.2m
[Ep   5350000/50000000] avg_r=  0.546 | h2h=  0.0000 | br= 1.7726 | avg= 0.3913 | fc=0.215 |   2314 ep/s | 37.5m
[Ep   5400000/50000000] avg_r=  0.451 | h2h=  0.0000 | br= 1.7698 | avg= 0.3845 | fc=0.223 |   2353 ep/s | 37.9m
[Ep   5450000/50000000] avg_r=  0.330 | h2h=  0.0000 | br= 1.7709 | avg= 0.3740 | fc=0.252 |   2336 ep/s | 38.2m
[Ep   5500000/50000000] avg_r=  0.475 | h2h=  0.0000 | br= 1.7707 | avg= 0.3757 | fc=0.223 |   2306 ep/s | 38.6m
[Ep   5550000/50000000] avg_r=  0.388 | h2h=  0.0000 | br= 1.7672 | avg= 0.3758 | fc=0.225 |   2245 ep/s | 39.0m
[Ep   5600000/50000000] avg_r=  0.449 | h2h=  0.0000 | br= 1.7729 | avg= 0.3758 | fc=0.256 |   2321 ep/s | 39.3m
[Ep   5650000/50000000] avg_r=  0.274 | h2h=  0.0000 | br= 1.8550 | avg= 0.3933 | fc=0.297 |   2378 ep/s | 39.7m
[Ep   5700000/50000000] avg_r=  0.416 | h2h=  0.0000 | br= 1.8317 | avg= 0.3950 | fc=0.281 |   2315 ep/s | 40.0m
[Ep   5750000/50000000] avg_r=  0.456 | h2h=  0.0000 | br= 1.8089 | avg= 0.3941 | fc=0.340 |   2376 ep/s | 40.4m
[Ep   5800000/50000000] avg_r=  0.394 | h2h=  0.0000 | br= 1.8080 | avg= 0.3962 | fc=0.273 |   2396 ep/s | 40.7m
[Ep   5850000/50000000] avg_r=  0.470 | h2h=  0.0000 | br= 1.8097 | avg= 0.3970 | fc=0.324 |   2431 ep/s | 41.1m
[Ep   5900000/50000000] avg_r=  0.441 | h2h=  0.0000 | br= 1.8076 | avg= 0.4013 | fc=0.291 |   2419 ep/s | 41.4m
[Ep   5950000/50000000] avg_r=  0.398 | h2h=  0.0000 | br= 1.8094 | avg= 0.4002 | fc=0.301 |   2324 ep/s | 41.8m
[Ep   6000000/50000000] avg_r=  0.338 | h2h=  0.0000 | br= 1.8151 | avg= 0.4002 | fc=0.268 |   2361 ep/s | 42.1m
[Ep   6050000/50000000] avg_r=  0.403 | h2h=  0.0000 | br= 1.8111 | avg= 0.4015 | fc=0.305 |   2380 ep/s | 42.5m
[Ep   6100000/50000000] avg_r=  0.464 | h2h=  0.0000 | br= 1.8068 | avg= 0.4011 | fc=0.277 |   2394 ep/s | 42.8m
[Ep   6150000/50000000] avg_r=  0.413 | h2h=  0.0000 | br= 1.8068 | avg= 0.4042 | fc=0.291 |   2299 ep/s | 43.2m
[Ep   6200000/50000000] avg_r=  0.397 | h2h=  0.0000 | br= 1.8093 | avg= 0.4014 | fc=0.277 |   2364 ep/s | 43.5m
[Ep   6250000/50000000] avg_r=  0.406 | h2h=  0.0000 | br= 1.8100 | avg= 0.4033 | fc=0.281 |   2342 ep/s | 43.9m
[Ep   6300000/50000000] avg_r=  0.379 | h2h=  0.0000 | br= 1.8096 | avg= 0.4028 | fc=0.314 |   2363 ep/s | 44.2m
[Ep   6350000/50000000] avg_r=  0.458 | h2h=  0.0000 | br= 1.8079 | avg= 0.4016 | fc=0.277 |   2385 ep/s | 44.6m
[Ep   6400000/50000000] avg_r=  0.407 | h2h=  0.0000 | br= 1.8081 | avg= 0.4051 | fc=0.301 |   2315 ep/s | 45.0m
[Ep   6450000/50000000] avg_r=  0.446 | h2h=  0.0000 | br= 1.8102 | avg= 0.4057 | fc=0.314 |   2415 ep/s | 45.3m
[Ep   6500000/50000000] avg_r=  0.518 | h2h=  0.0000 | br= 1.8106 | avg= 0.4053 | fc=0.289 |   2377 ep/s | 45.6m
[Ep   6550000/50000000] avg_r=  0.419 | h2h=  0.0000 | br= 1.8092 | avg= 0.4061 | fc=0.340 |   2427 ep/s | 46.0m
[Ep   6600000/50000000] avg_r=  0.461 | h2h=  0.0000 | br= 1.8057 | avg= 0.4053 | fc=0.281 |   2415 ep/s | 46.3m
[Ep   6650000/50000000] avg_r=  0.450 | h2h=  0.0000 | br= 1.8063 | avg= 0.4058 | fc=0.273 |   2363 ep/s | 46.7m
[Ep   6700000/50000000] avg_r=  0.395 | h2h=  0.0000 | br= 1.8048 | avg= 0.4049 | fc=0.318 |   2360 ep/s | 47.0m
[Ep   6750000/50000000] avg_r=  0.382 | h2h=  0.0000 | br= 1.8090 | avg= 0.4056 | fc=0.271 |   2387 ep/s | 47.4m
[Ep   6800000/50000000] avg_r=  0.363 | h2h=  0.0000 | br= 1.8067 | avg= 0.4046 | fc=0.287 |   2379 ep/s | 47.7m
[Ep   6850000/50000000] avg_r=  0.391 | h2h=  0.0000 | br= 1.8056 | avg= 0.4036 | fc=0.301 |   2362 ep/s | 48.1m
[Ep   6900000/50000000] avg_r=  0.444 | h2h=  0.0000 | br= 1.8081 | avg= 0.4029 | fc=0.303 |   2445 ep/s | 48.4m
[Ep   6950000/50000000] avg_r=  0.450 | h2h=  0.0000 | br= 1.8037 | avg= 0.4052 | fc=0.279 |   2466 ep/s | 48.8m
[Ep   7000000/50000000] avg_r=  0.380 | h2h=  0.0000 | br= 1.8058 | avg= 0.4056 | fc=0.301 |   2343 ep/s | 49.1m
[Ep   7050000/50000000] avg_r=  0.392 | h2h=  0.0000 | br= 1.8077 | avg= 0.4035 | fc=0.318 |   2354 ep/s | 49.5m
[Ep   7100000/50000000] avg_r=  0.430 | h2h=  0.0000 | br= 1.8091 | avg= 0.4050 | fc=0.250 |   2331 ep/s | 49.8m
[Ep   7150000/50000000] avg_r=  0.466 | h2h=  0.0000 | br= 1.8066 | avg= 0.4050 | fc=0.311 |   2463 ep/s | 50.2m
[Ep   7200000/50000000] avg_r=  0.360 | h2h=  0.0000 | br= 1.8063 | avg= 0.4064 | fc=0.299 |   2334 ep/s | 50.5m
[Ep   7250000/50000000] avg_r=  0.479 | h2h=  0.0000 | br= 1.8046 | avg= 0.4046 | fc=0.309 |   2413 ep/s | 50.9m
[Ep   7300000/50000000] avg_r=  0.448 | h2h=  0.0000 | br= 1.8072 | avg= 0.4056 | fc=0.342 |   2359 ep/s | 51.2m
[Ep   7350000/50000000] avg_r=  0.379 | h2h=  0.0000 | br= 1.8094 | avg= 0.4038 | fc=0.299 |   2349 ep/s | 51.6m
[Ep   7400000/50000000] avg_r=  0.350 | h2h=  0.0000 | br= 1.8091 | avg= 0.4045 | fc=0.297 |   2347 ep/s | 51.9m
[Ep   7450000/50000000] avg_r=  0.354 | h2h=  0.0000 | br= 1.8032 | avg= 0.4032 | fc=0.293 |   2381 ep/s | 52.3m
[Ep   7500000/50000000] avg_r=  0.442 | h2h=  0.0000 | br= 1.8064 | avg= 0.4029 | fc=0.301 |   2343 ep/s | 52.7m
[Ep   7550000/50000000] avg_r=  0.483 | h2h=  0.0000 | br= 1.8051 | avg= 0.4033 | fc=0.312 |   2374 ep/s | 53.0m
[Ep   7600000/50000000] avg_r=  0.426 | h2h=  0.0000 | br= 1.8084 | avg= 0.4024 | fc=0.303 |   2426 ep/s | 53.3m
[Ep   7650000/50000000] avg_r=  0.421 | h2h=  0.0000 | br= 1.8072 | avg= 0.4012 | fc=0.309 |   2367 ep/s | 53.7m
[Ep   7700000/50000000] avg_r=  0.346 | h2h=  0.0000 | br= 1.8090 | avg= 0.4017 | fc=0.279 |   2401 ep/s | 54.0m
[Ep   7750000/50000000] avg_r=  0.364 | h2h=  0.0000 | br= 1.8077 | avg= 0.4015 | fc=0.289 |   2393 ep/s | 54.4m
[Ep   7800000/50000000] avg_r=  0.511 | h2h=  0.0000 | br= 1.8058 | avg= 0.4018 | fc=0.309 |   2390 ep/s | 54.7m
[Ep   7850000/50000000] avg_r=  0.472 | h2h=  0.0000 | br= 1.8069 | avg= 0.4018 | fc=0.277 |   2348 ep/s | 55.1m
[Ep   7900000/50000000] avg_r=  0.452 | h2h=  0.0000 | br= 1.8050 | avg= 0.4013 | fc=0.283 |   2442 ep/s | 55.4m
[Ep   7950000/50000000] avg_r=  0.387 | h2h=  0.0000 | br= 1.8065 | avg= 0.4004 | fc=0.344 |   2350 ep/s | 55.8m
[Ep   8000000/50000000] avg_r=  0.480 | h2h=  0.0000 | br= 1.8063 | avg= 0.3998 | fc=0.289 |   2403 ep/s | 56.1m
[Ep   8050000/50000000] avg_r=  0.450 | h2h=  0.0000 | br= 1.8049 | avg= 0.3990 | fc=0.324 |   2376 ep/s | 56.5m
[Ep   8100000/50000000] avg_r=  0.535 | h2h=  0.0000 | br= 1.8062 | avg= 0.3997 | fc=0.328 |   2390 ep/s | 56.8m
[Ep   8150000/50000000] avg_r=  0.396 | h2h=  0.0000 | br= 1.8052 | avg= 0.3994 | fc=0.307 |   2439 ep/s | 57.2m
[Ep   8200000/50000000] avg_r=  0.410 | h2h=  0.0000 | br= 1.8038 | avg= 0.3987 | fc=0.299 |   2310 ep/s | 57.5m
[Ep   8250000/50000000] avg_r=  0.368 | h2h=  0.0000 | br= 1.8057 | avg= 0.3997 | fc=0.320 |   2396 ep/s | 57.9m
[Ep   8300000/50000000] avg_r=  0.446 | h2h=  0.0000 | br= 1.8069 | avg= 0.3983 | fc=0.270 |   2387 ep/s | 58.2m
[Ep   8350000/50000000] avg_r=  0.373 | h2h=  0.0000 | br= 1.8026 | avg= 0.3982 | fc=0.307 |   2362 ep/s | 58.6m
[Ep   8400000/50000000] avg_r=  0.459 | h2h=  0.0000 | br= 1.8046 | avg= 0.3971 | fc=0.301 |   2361 ep/s | 58.9m
[Ep   8450000/50000000] avg_r=  0.425 | h2h=  0.0000 | br= 1.8047 | avg= 0.3951 | fc=0.273 |   2353 ep/s | 59.3m
[Ep   8500000/50000000] avg_r=  0.467 | h2h=  0.0000 | br= 1.8045 | avg= 0.3977 | fc=0.307 |   2367 ep/s | 59.6m
[Ep   8550000/50000000] avg_r=  0.314 | h2h=  0.0000 | br= 1.8032 | avg= 0.3986 | fc=0.311 |   2358 ep/s | 60.0m
[Ep   8600000/50000000] avg_r=  0.446 | h2h=  0.0000 | br= 1.8035 | avg= 0.3974 | fc=0.277 |   2358 ep/s | 60.4m
[Ep   8650000/50000000] avg_r=  0.416 | h2h=  0.0000 | br= 1.8063 | avg= 0.3955 | fc=0.287 |   2408 ep/s | 60.7m
[Ep   8700000/50000000] avg_r=  0.429 | h2h=  0.0000 | br= 1.8055 | avg= 0.3934 | fc=0.283 |   2351 ep/s | 61.1m
[Ep   8750000/50000000] avg_r=  0.505 | h2h=  0.0000 | br= 1.8023 | avg= 0.3967 | fc=0.305 |   2337 ep/s | 61.4m
[Ep   8800000/50000000] avg_r=  0.361 | h2h=  0.0000 | br= 1.8027 | avg= 0.3943 | fc=0.287 |   2409 ep/s | 61.8m
[Ep   8850000/50000000] avg_r=  0.542 | h2h=  0.0000 | br= 1.8034 | avg= 0.3920 | fc=0.309 |   2349 ep/s | 62.1m
[Ep   8900000/50000000] avg_r=  0.381 | h2h=  0.0000 | br= 1.8058 | avg= 0.3940 | fc=0.328 |   2386 ep/s | 62.5m
[Ep   8950000/50000000] avg_r=  0.347 | h2h=  0.0000 | br= 1.8059 | avg= 0.3931 | fc=0.311 |   2355 ep/s | 62.8m
[Ep   9000000/50000000] avg_r=  0.414 | h2h=  0.0000 | br= 1.8033 | avg= 0.3931 | fc=0.299 |   2324 ep/s | 63.2m
[Ep   9050000/50000000] avg_r=  0.399 | h2h=  0.0000 | br= 1.8042 | avg= 0.3925 | fc=0.311 |   2361 ep/s | 63.5m
[Ep   9100000/50000000] avg_r=  0.480 | h2h=  0.0000 | br= 1.8059 | avg= 0.3924 | fc=0.312 |   2434 ep/s | 63.9m
[Ep   9150000/50000000] avg_r=  0.444 | h2h=  0.0000 | br= 1.8026 | avg= 0.3911 | fc=0.283 |   2398 ep/s | 64.2m
[Ep   9200000/50000000] avg_r=  0.435 | h2h=  0.0000 | br= 1.8016 | avg= 0.3903 | fc=0.318 |   2388 ep/s | 64.6m
[Ep   9250000/50000000] avg_r=  0.376 | h2h=  0.0000 | br= 1.8050 | avg= 0.3927 | fc=0.320 |   2395 ep/s | 64.9m
[Ep   9300000/50000000] avg_r=  0.365 | h2h=  0.0000 | br= 1.8032 | avg= 0.3927 | fc=0.279 |   2358 ep/s | 65.3m
[Ep   9350000/50000000] avg_r=  0.346 | h2h=  0.0000 | br= 1.8045 | avg= 0.3974 | fc=0.293 |   2377 ep/s | 65.6m
[Ep   9400000/50000000] avg_r=  0.500 | h2h=  0.0000 | br= 1.8025 | avg= 0.3966 | fc=0.338 |   2352 ep/s | 66.0m
[Ep   9450000/50000000] avg_r=  0.413 | h2h=  0.0000 | br= 1.8007 | avg= 0.3966 | fc=0.303 |   2328 ep/s | 66.3m
[Ep   9500000/50000000] avg_r=  0.411 | h2h=  0.0000 | br= 1.8027 | avg= 0.3958 | fc=0.305 |   2359 ep/s | 66.7m
[Ep   9550000/50000000] avg_r=  0.436 | h2h=  0.0000 | br= 1.8067 | avg= 0.3953 | fc=0.301 |   2364 ep/s | 67.0m
[Ep   9600000/50000000] avg_r=  0.436 | h2h=  0.0000 | br= 1.7995 | avg= 0.3955 | fc=0.316 |   2396 ep/s | 67.4m
[Ep   9650000/50000000] avg_r=  0.453 | h2h=  0.0000 | br= 1.8033 | avg= 0.3952 | fc=0.260 |   2349 ep/s | 67.7m
[Ep   9700000/50000000] avg_r=  0.456 | h2h=  0.0000 | br= 1.8217 | avg= 0.3918 | fc=0.299 |   2333 ep/s | 68.1m
[Ep   9750000/50000000] avg_r=  0.395 | h2h=  0.0000 | br= 1.8597 | avg= 0.3907 | fc=0.322 |   2324 ep/s | 68.5m
[Ep   9800000/50000000] avg_r=  0.561 | h2h=  0.0000 | br= 1.8597 | avg= 0.3895 | fc=0.291 |   2333 ep/s | 68.8m
[Ep   9850000/50000000] avg_r=  0.510 | h2h=  0.0000 | br= 1.8633 | avg= 0.3915 | fc=0.299 |   2394 ep/s | 69.2m
[Ep   9900000/50000000] avg_r=  0.432 | h2h=  0.0000 | br= 1.8604 | avg= 0.3902 | fc=0.305 |   2322 ep/s | 69.5m
[Ep   9950000/50000000] avg_r=  0.440 | h2h=  0.0000 | br= 1.8594 | avg= 0.3933 | fc=0.309 |   2342 ep/s | 69.9m
[Ep  10000000/50000000] avg_r=  0.474 | h2h=  0.0000 | br= 1.8572 | avg= 0.3932 | fc=0.291 |   2572 ep/s | 70.2m
[H2H] ep=10000000 | avg_reward=238.5500 over 1000 games
  >>> H2H WINRATE @ ep 10000000: 238.5500
  [CHECKPOINT] saved at ep 10000000
[Ep  10050000/50000000] avg_r=  0.394 | h2h=238.5500 | br= 1.8574 | avg= 0.3935 | fc=0.328 |    331 ep/s | 72.7m
[snapshot] ep=10000000 -> /home/anthonyn/cos435/cpp-implementation/snapshots/holdem_64x64_mv_train_std_05/ep10000000
[Ep  10100000/50000000] avg_r=  0.450 | h2h=238.5500 | br= 1.8596 | avg= 0.3927 | fc=0.295 |   2595 ep/s | 73.0m
[Ep  10150000/50000000] avg_r=  0.369 | h2h=238.5500 | br= 1.8598 | avg= 0.3960 | fc=0.305 |   2473 ep/s | 73.4m
[Ep  10200000/50000000] avg_r=  0.341 | h2h=238.5500 | br= 1.8610 | avg= 0.3944 | fc=0.295 |   2337 ep/s | 73.7m
[Ep  10250000/50000000] avg_r=  0.469 | h2h=238.5500 | br= 1.8607 | avg= 0.3878 | fc=0.303 |   2249 ep/s | 74.1m
[Ep  10300000/50000000] avg_r=  0.403 | h2h=238.5500 | br= 1.8617 | avg= 0.3886 | fc=0.289 |   2211 ep/s | 74.5m
[Ep  10350000/50000000] avg_r=  0.456 | h2h=238.5500 | br= 1.8572 | avg= 0.3902 | fc=0.309 |   2333 ep/s | 74.8m
[Ep  10400000/50000000] avg_r=  0.486 | h2h=238.5500 | br= 1.8577 | avg= 0.3912 | fc=0.283 |   2348 ep/s | 75.2m
[Ep  10450000/50000000] avg_r=  0.425 | h2h=238.5500 | br= 1.8586 | avg= 0.3915 | fc=0.281 |   2333 ep/s | 75.5m
[Ep  10500000/50000000] avg_r=  0.404 | h2h=238.5500 | br= 1.8584 | avg= 0.3911 | fc=0.314 |   2337 ep/s | 75.9m
[Ep  10550000/50000000] avg_r=  0.382 | h2h=238.5500 | br= 1.8598 | avg= 0.3922 | fc=0.303 |   2293 ep/s | 76.3m
[Ep  10600000/50000000] avg_r=  0.359 | h2h=238.5500 | br= 1.8624 | avg= 0.3931 | fc=0.291 |   2321 ep/s | 76.6m
[Ep  10650000/50000000] avg_r=  0.266 | h2h=238.5500 | br= 1.9477 | avg= 0.4001 | fc=0.344 |   2251 ep/s | 77.0m
[Ep  10700000/50000000] avg_r=  0.304 | h2h=238.5500 | br= 1.9934 | avg= 0.4015 | fc=0.311 |   2234 ep/s | 77.4m
[Ep  10750000/50000000] avg_r=  0.360 | h2h=238.5500 | br= 2.0129 | avg= 0.4018 | fc=0.312 |   2198 ep/s | 77.8m
[Ep  10800000/50000000] avg_r=  0.320 | h2h=238.5500 | br= 2.0122 | avg= 0.4008 | fc=0.309 |   2225 ep/s | 78.1m
[Ep  10850000/50000000] avg_r=  0.323 | h2h=238.5500 | br= 2.0121 | avg= 0.4020 | fc=0.309 |   2276 ep/s | 78.5m
[Ep  10900000/50000000] avg_r=  0.280 | h2h=238.5500 | br= 2.0144 | avg= 0.4045 | fc=0.305 |   2235 ep/s | 78.9m
[Ep  10950000/50000000] avg_r=  0.343 | h2h=238.5500 | br= 2.0112 | avg= 0.4034 | fc=0.281 |   2226 ep/s | 79.2m
[Ep  11000000/50000000] avg_r=  0.314 | h2h=238.5500 | br= 2.0124 | avg= 0.4021 | fc=0.277 |   2200 ep/s | 79.6m
[Ep  11050000/50000000] avg_r=  0.336 | h2h=238.5500 | br= 2.0084 | avg= 0.4042 | fc=0.285 |   2255 ep/s | 80.0m
[Ep  11100000/50000000] avg_r=  0.259 | h2h=238.5500 | br= 2.0093 | avg= 0.4046 | fc=0.279 |   2227 ep/s | 80.4m
[Ep  11150000/50000000] avg_r=  0.264 | h2h=238.5500 | br= 2.0076 | avg= 0.4050 | fc=0.305 |   2320 ep/s | 80.7m
[Ep  11200000/50000000] avg_r=  0.400 | h2h=238.5500 | br= 2.0068 | avg= 0.4058 | fc=0.318 |   2190 ep/s | 81.1m
[Ep  11250000/50000000] avg_r=  0.266 | h2h=238.5500 | br= 2.0114 | avg= 0.4050 | fc=0.266 |   2301 ep/s | 81.5m
[Ep  11300000/50000000] avg_r=  0.274 | h2h=238.5500 | br= 2.0151 | avg= 0.4066 | fc=0.291 |   2211 ep/s | 81.8m
[Ep  11350000/50000000] avg_r=  0.347 | h2h=238.5500 | br= 2.0144 | avg= 0.4040 | fc=0.326 |   2235 ep/s | 82.2m
[Ep  11400000/50000000] avg_r=  0.367 | h2h=238.5500 | br= 2.0141 | avg= 0.4077 | fc=0.330 |   2235 ep/s | 82.6m
[Ep  11450000/50000000] avg_r=  0.357 | h2h=238.5500 | br= 2.0121 | avg= 0.4069 | fc=0.291 |   2265 ep/s | 83.0m
[Ep  11500000/50000000] avg_r=  0.365 | h2h=238.5500 | br= 2.0110 | avg= 0.4078 | fc=0.328 |   2173 ep/s | 83.3m
[Ep  11550000/50000000] avg_r=  0.322 | h2h=238.5500 | br= 2.0130 | avg= 0.4089 | fc=0.367 |   2254 ep/s | 83.7m
[Ep  11600000/50000000] avg_r=  0.307 | h2h=238.5500 | br= 2.0091 | avg= 0.4094 | fc=0.312 |   2242 ep/s | 84.1m
[Ep  11650000/50000000] avg_r=  0.355 | h2h=238.5500 | br= 2.0125 | avg= 0.4077 | fc=0.297 |   2165 ep/s | 84.5m
[Ep  11700000/50000000] avg_r=  0.368 | h2h=238.5500 | br= 2.0106 | avg= 0.4082 | fc=0.303 |   2183 ep/s | 84.8m
[Ep  11750000/50000000] avg_r=  0.317 | h2h=238.5500 | br= 2.0120 | avg= 0.4079 | fc=0.318 |   2195 ep/s | 85.2m
[Ep  11800000/50000000] avg_r=  0.304 | h2h=238.5500 | br= 2.0108 | avg= 0.4091 | fc=0.305 |   2145 ep/s | 85.6m
[Ep  11850000/50000000] avg_r=  0.178 | h2h=238.5500 | br= 2.0139 | avg= 0.4102 | fc=0.344 |   2218 ep/s | 86.0m
[Ep  11900000/50000000] avg_r=  0.311 | h2h=238.5500 | br= 2.0090 | avg= 0.4095 | fc=0.303 |   2343 ep/s | 86.3m
[Ep  11950000/50000000] avg_r=  0.254 | h2h=238.5500 | br= 2.0119 | avg= 0.4116 | fc=0.324 |   2236 ep/s | 86.7m
[Ep  12000000/50000000] avg_r=  0.359 | h2h=238.5500 | br= 2.0088 | avg= 0.4077 | fc=0.332 |   2230 ep/s | 87.1m
[Ep  12050000/50000000] avg_r=  0.267 | h2h=238.5500 | br= 2.0099 | avg= 0.4092 | fc=0.324 |   2256 ep/s | 87.5m
[Ep  12100000/50000000] avg_r=  0.227 | h2h=238.5500 | br= 2.0145 | avg= 0.4117 | fc=0.312 |   2325 ep/s | 87.8m
[Ep  12150000/50000000] avg_r=  0.227 | h2h=238.5500 | br= 2.0085 | avg= 0.4113 | fc=0.303 |   2275 ep/s | 88.2m
[Ep  12200000/50000000] avg_r=  0.357 | h2h=238.5500 | br= 2.0096 | avg= 0.4101 | fc=0.314 |   2244 ep/s | 88.6m
[Ep  12250000/50000000] avg_r=  0.390 | h2h=238.5500 | br= 2.0100 | avg= 0.4104 | fc=0.297 |   2287 ep/s | 88.9m
[Ep  12300000/50000000] avg_r=  0.328 | h2h=238.5500 | br= 2.0098 | avg= 0.4092 | fc=0.297 |   2262 ep/s | 89.3m
[Ep  12350000/50000000] avg_r=  0.355 | h2h=238.5500 | br= 2.0134 | avg= 0.4107 | fc=0.293 |   2276 ep/s | 89.7m
[Ep  12400000/50000000] avg_r=  0.380 | h2h=238.5500 | br= 2.0080 | avg= 0.4114 | fc=0.283 |   2340 ep/s | 90.0m
[Ep  12450000/50000000] avg_r=  0.442 | h2h=238.5500 | br= 2.0111 | avg= 0.4121 | fc=0.312 |   2306 ep/s | 90.4m
[Ep  12500000/50000000] avg_r=  0.283 | h2h=238.5500 | br= 2.0103 | avg= 0.4095 | fc=0.316 |   2223 ep/s | 90.7m
[Ep  12550000/50000000] avg_r=  0.363 | h2h=238.5500 | br= 2.0064 | avg= 0.4093 | fc=0.328 |   2307 ep/s | 91.1m
[Ep  12600000/50000000] avg_r=  0.303 | h2h=238.5500 | br= 2.0094 | avg= 0.4104 | fc=0.316 |   2315 ep/s | 91.5m
[Ep  12650000/50000000] avg_r=  0.291 | h2h=238.5500 | br= 2.0094 | avg= 0.4093 | fc=0.322 |   2326 ep/s | 91.8m
[Ep  12700000/50000000] avg_r=  0.307 | h2h=238.5500 | br= 2.0085 | avg= 0.4100 | fc=0.295 |   2288 ep/s | 92.2m
[Ep  12750000/50000000] avg_r=  0.267 | h2h=238.5500 | br= 2.0133 | avg= 0.4110 | fc=0.287 |   2225 ep/s | 92.6m
[Ep  12800000/50000000] avg_r=  0.383 | h2h=238.5500 | br= 2.0130 | avg= 0.4095 | fc=0.309 |   2266 ep/s | 92.9m
[Ep  12850000/50000000] avg_r=  0.361 | h2h=238.5500 | br= 2.0094 | avg= 0.4098 | fc=0.340 |   2334 ep/s | 93.3m
[Ep  12900000/50000000] avg_r=  0.201 | h2h=238.5500 | br= 2.0144 | avg= 0.4112 | fc=0.289 |   2282 ep/s | 93.7m
[Ep  12950000/50000000] avg_r=  0.421 | h2h=238.5500 | br= 2.0121 | avg= 0.4097 | fc=0.301 |   2272 ep/s | 94.0m
[Ep  13000000/50000000] avg_r=  0.341 | h2h=238.5500 | br= 2.0118 | avg= 0.4125 | fc=0.297 |   2296 ep/s | 94.4m
[Ep  13050000/50000000] avg_r=  0.261 | h2h=238.5500 | br= 2.0082 | avg= 0.4095 | fc=0.256 |   2278 ep/s | 94.8m
[Ep  13100000/50000000] avg_r=  0.366 | h2h=238.5500 | br= 2.0098 | avg= 0.4109 | fc=0.334 |   2282 ep/s | 95.1m
[Ep  13150000/50000000] avg_r=  0.221 | h2h=238.5500 | br= 2.0120 | avg= 0.4114 | fc=0.316 |   2258 ep/s | 95.5m
[Ep  13200000/50000000] avg_r=  0.236 | h2h=238.5500 | br= 2.0100 | avg= 0.4094 | fc=0.314 |   2284 ep/s | 95.9m
[Ep  13250000/50000000] avg_r=  0.236 | h2h=238.5500 | br= 2.0082 | avg= 0.4111 | fc=0.295 |   2297 ep/s | 96.2m
[Ep  13300000/50000000] avg_r=  0.109 | h2h=238.5500 | br= 2.0107 | avg= 0.4106 | fc=0.316 |   2251 ep/s | 96.6m
[Ep  13350000/50000000] avg_r=  0.239 | h2h=238.5500 | br= 2.0107 | avg= 0.4103 | fc=0.332 |   2351 ep/s | 96.9m
[Ep  13400000/50000000] avg_r=  0.420 | h2h=238.5500 | br= 2.0104 | avg= 0.4098 | fc=0.330 |   2253 ep/s | 97.3m
[Ep  13450000/50000000] avg_r=  0.166 | h2h=238.5500 | br= 2.0066 | avg= 0.4098 | fc=0.285 |   2269 ep/s | 97.7m
[Ep  13500000/50000000] avg_r=  0.268 | h2h=238.5500 | br= 2.0070 | avg= 0.4088 | fc=0.301 |   2330 ep/s | 98.0m
[Ep  13550000/50000000] avg_r=  0.341 | h2h=238.5500 | br= 2.0080 | avg= 0.4096 | fc=0.277 |   2303 ep/s | 98.4m
[Ep  13600000/50000000] avg_r=  0.304 | h2h=238.5500 | br= 2.0093 | avg= 0.4091 | fc=0.303 |   2283 ep/s | 98.8m
[Ep  13650000/50000000] avg_r=  0.237 | h2h=238.5500 | br= 2.0121 | avg= 0.4096 | fc=0.330 |   2297 ep/s | 99.1m
[Ep  13700000/50000000] avg_r=  0.375 | h2h=238.5500 | br= 2.0049 | avg= 0.4098 | fc=0.330 |   2281 ep/s | 99.5m
[Ep  13750000/50000000] avg_r=  0.313 | h2h=238.5500 | br= 2.0098 | avg= 0.4090 | fc=0.281 |   2287 ep/s | 99.9m
[Ep  13800000/50000000] avg_r=  0.248 | h2h=238.5500 | br= 2.0090 | avg= 0.4082 | fc=0.295 |   2255 ep/s | 100.2m
[Ep  13850000/50000000] avg_r=  0.338 | h2h=238.5500 | br= 2.0112 | avg= 0.4081 | fc=0.291 |   2235 ep/s | 100.6m
[Ep  13900000/50000000] avg_r=  0.230 | h2h=238.5500 | br= 2.0080 | avg= 0.4079 | fc=0.324 |   2234 ep/s | 101.0m
[Ep  13950000/50000000] avg_r=  0.376 | h2h=238.5500 | br= 2.0088 | avg= 0.4079 | fc=0.285 |   2327 ep/s | 101.3m
[Ep  14000000/50000000] avg_r=  0.339 | h2h=238.5500 | br= 2.0084 | avg= 0.4069 | fc=0.314 |   2266 ep/s | 101.7m
[Ep  14050000/50000000] avg_r=  0.336 | h2h=238.5500 | br= 2.0034 | avg= 0.4079 | fc=0.338 |   2223 ep/s | 102.1m
[Ep  14100000/50000000] avg_r=  0.315 | h2h=238.5500 | br= 2.0096 | avg= 0.4090 | fc=0.309 |   2298 ep/s | 102.4m
[Ep  14150000/50000000] avg_r=  0.297 | h2h=238.5500 | br= 2.0068 | avg= 0.4096 | fc=0.311 |   2281 ep/s | 102.8m
[Ep  14200000/50000000] avg_r=  0.345 | h2h=238.5500 | br= 2.0071 | avg= 0.4074 | fc=0.307 |   2237 ep/s | 103.2m
[Ep  14250000/50000000] avg_r=  0.277 | h2h=238.5500 | br= 2.0086 | avg= 0.4091 | fc=0.342 |   2289 ep/s | 103.5m
[Ep  14300000/50000000] avg_r=  0.339 | h2h=238.5500 | br= 2.0107 | avg= 0.4095 | fc=0.318 |   2254 ep/s | 103.9m
[Ep  14350000/50000000] avg_r=  0.390 | h2h=238.5500 | br= 2.0104 | avg= 0.4062 | fc=0.336 |   2306 ep/s | 104.3m
[Ep  14400000/50000000] avg_r=  0.270 | h2h=238.5500 | br= 2.0113 | avg= 0.4085 | fc=0.305 |   2368 ep/s | 104.6m
[Ep  14450000/50000000] avg_r=  0.265 | h2h=238.5500 | br= 2.0116 | avg= 0.4061 | fc=0.330 |   2260 ep/s | 105.0m
[Ep  14500000/50000000] avg_r=  0.323 | h2h=238.5500 | br= 2.0093 | avg= 0.4062 | fc=0.314 |   2271 ep/s | 105.4m
[Ep  14550000/50000000] avg_r=  0.327 | h2h=238.5500 | br= 2.0091 | avg= 0.4073 | fc=0.291 |   2257 ep/s | 105.7m
[Ep  14600000/50000000] avg_r=  0.364 | h2h=238.5500 | br= 2.0090 | avg= 0.4068 | fc=0.297 |   2289 ep/s | 106.1m
[Ep  14650000/50000000] avg_r=  0.479 | h2h=238.5500 | br= 2.0084 | avg= 0.4067 | fc=0.303 |   2248 ep/s | 106.5m
[Ep  14700000/50000000] avg_r=  0.350 | h2h=238.5500 | br= 2.0116 | avg= 0.4072 | fc=0.293 |   2311 ep/s | 106.8m
[Ep  14750000/50000000] avg_r=  0.287 | h2h=238.5500 | br= 2.0079 | avg= 0.4069 | fc=0.287 |   2279 ep/s | 107.2m
[Ep  14800000/50000000] avg_r=  0.293 | h2h=238.5500 | br= 2.0051 | avg= 0.4063 | fc=0.305 |   2371 ep/s | 107.5m
[Ep  14850000/50000000] avg_r=  0.324 | h2h=238.5500 | br= 2.0072 | avg= 0.4064 | fc=0.320 |   2236 ep/s | 107.9m
[Ep  14900000/50000000] avg_r=  0.342 | h2h=238.5500 | br= 2.0105 | avg= 0.4045 | fc=0.275 |   2320 ep/s | 108.3m
[Ep  14950000/50000000] avg_r=  0.393 | h2h=238.5500 | br= 2.0109 | avg= 0.4052 | fc=0.330 |   2258 ep/s | 108.6m
[Ep  15000000/50000000] avg_r=  0.275 | h2h=238.5500 | br= 2.0123 | avg= 0.4043 | fc=0.326 |   2280 ep/s | 109.0m
[Ep  15050000/50000000] avg_r=  0.370 | h2h=238.5500 | br= 2.0103 | avg= 0.4066 | fc=0.311 |   2285 ep/s | 109.4m
[Ep  15100000/50000000] avg_r=  0.290 | h2h=238.5500 | br= 2.0110 | avg= 0.4041 | fc=0.336 |   2274 ep/s | 109.7m
[Ep  15150000/50000000] avg_r=  0.390 | h2h=238.5500 | br= 2.0086 | avg= 0.4048 | fc=0.350 |   2289 ep/s | 110.1m
[Ep  15200000/50000000] avg_r=  0.284 | h2h=238.5500 | br= 2.0081 | avg= 0.4047 | fc=0.334 |   2297 ep/s | 110.5m
[Ep  15250000/50000000] avg_r=  0.222 | h2h=238.5500 | br= 2.0086 | avg= 0.4034 | fc=0.283 |   2305 ep/s | 110.8m
[Ep  15300000/50000000] avg_r=  0.321 | h2h=238.5500 | br= 2.0136 | avg= 0.4040 | fc=0.316 |   2284 ep/s | 111.2m
[Ep  15350000/50000000] avg_r=  0.257 | h2h=238.5500 | br= 2.0072 | avg= 0.4051 | fc=0.316 |   2286 ep/s | 111.5m
[Ep  15400000/50000000] avg_r=  0.249 | h2h=238.5500 | br= 2.0080 | avg= 0.4041 | fc=0.363 |   2302 ep/s | 111.9m
[Ep  15450000/50000000] avg_r=  0.171 | h2h=238.5500 | br= 2.0063 | avg= 0.4030 | fc=0.291 |   2306 ep/s | 112.3m
[Ep  15500000/50000000] avg_r=  0.438 | h2h=238.5500 | br= 2.0057 | avg= 0.4026 | fc=0.283 |   2344 ep/s | 112.6m
[Ep  15550000/50000000] avg_r=  0.326 | h2h=238.5500 | br= 2.0073 | avg= 0.4031 | fc=0.340 |   2289 ep/s | 113.0m
[Ep  15600000/50000000] avg_r=  0.264 | h2h=238.5500 | br= 2.0061 | avg= 0.4036 | fc=0.301 |   2296 ep/s | 113.4m
[Ep  15650000/50000000] avg_r=  0.250 | h2h=238.5500 | br= 2.0089 | avg= 0.4026 | fc=0.312 |   2283 ep/s | 113.7m
[Ep  15700000/50000000] avg_r=  0.334 | h2h=238.5500 | br= 2.0084 | avg= 0.4015 | fc=0.312 |   2298 ep/s | 114.1m
[Ep  15750000/50000000] avg_r=  0.300 | h2h=238.5500 | br= 2.0107 | avg= 0.4017 | fc=0.307 |   2253 ep/s | 114.5m
[Ep  15800000/50000000] avg_r=  0.316 | h2h=238.5500 | br= 2.0096 | avg= 0.4005 | fc=0.277 |   2309 ep/s | 114.8m
[Ep  15850000/50000000] avg_r=  0.297 | h2h=238.5500 | br= 2.0101 | avg= 0.4022 | fc=0.273 |   2295 ep/s | 115.2m
[Ep  15900000/50000000] avg_r=  0.315 | h2h=238.5500 | br= 2.0123 | avg= 0.4013 | fc=0.344 |   2295 ep/s | 115.5m
[Ep  15950000/50000000] avg_r=  0.271 | h2h=238.5500 | br= 2.0102 | avg= 0.4033 | fc=0.285 |   2277 ep/s | 115.9m
[Ep  16000000/50000000] avg_r=  0.275 | h2h=238.5500 | br= 2.0088 | avg= 0.4018 | fc=0.289 |   2350 ep/s | 116.3m
[Ep  16050000/50000000] avg_r=  0.396 | h2h=238.5500 | br= 2.0091 | avg= 0.4013 | fc=0.312 |   2274 ep/s | 116.6m
[Ep  16100000/50000000] avg_r=  0.232 | h2h=238.5500 | br= 2.0098 | avg= 0.4002 | fc=0.355 |   2304 ep/s | 117.0m
[Ep  16150000/50000000] avg_r=  0.272 | h2h=238.5500 | br= 2.0063 | avg= 0.3994 | fc=0.277 |   2275 ep/s | 117.4m
[Ep  16200000/50000000] avg_r=  0.223 | h2h=238.5500 | br= 2.0090 | avg= 0.4007 | fc=0.307 |   2267 ep/s | 117.7m
[Ep  16250000/50000000] avg_r=  0.187 | h2h=238.5500 | br= 2.0113 | avg= 0.4014 | fc=0.312 |   2244 ep/s | 118.1m
[Ep  16300000/50000000] avg_r=  0.307 | h2h=238.5500 | br= 2.0087 | avg= 0.4004 | fc=0.309 |   2269 ep/s | 118.5m
[Ep  16350000/50000000] avg_r=  0.251 | h2h=238.5500 | br= 2.0071 | avg= 0.3988 | fc=0.271 |   2305 ep/s | 118.8m
[Ep  16400000/50000000] avg_r=  0.403 | h2h=238.5500 | br= 2.0083 | avg= 0.3987 | fc=0.289 |   2301 ep/s | 119.2m
[Ep  16450000/50000000] avg_r=  0.312 | h2h=238.5500 | br= 2.0093 | avg= 0.4004 | fc=0.326 |   2305 ep/s | 119.5m
[Ep  16500000/50000000] avg_r=  0.248 | h2h=238.5500 | br= 2.0104 | avg= 0.3993 | fc=0.273 |   2306 ep/s | 119.9m
[Ep  16550000/50000000] avg_r=  0.196 | h2h=238.5500 | br= 2.0112 | avg= 0.3979 | fc=0.307 |   2253 ep/s | 120.3m
[Ep  16600000/50000000] avg_r=  0.376 | h2h=238.5500 | br= 2.0127 | avg= 0.3995 | fc=0.322 |   2347 ep/s | 120.6m
[Ep  16650000/50000000] avg_r=  0.244 | h2h=238.5500 | br= 2.0092 | avg= 0.3980 | fc=0.299 |   2316 ep/s | 121.0m
[Ep  16700000/50000000] avg_r=  0.350 | h2h=238.5500 | br= 2.0079 | avg= 0.3979 | fc=0.291 |   2283 ep/s | 121.4m
[Ep  16750000/50000000] avg_r=  0.228 | h2h=238.5500 | br= 2.0097 | avg= 0.3971 | fc=0.301 |   2364 ep/s | 121.7m
[Ep  16800000/50000000] avg_r=  0.291 | h2h=238.5500 | br= 2.0102 | avg= 0.3973 | fc=0.297 |   2202 ep/s | 122.1m
[Ep  16850000/50000000] avg_r=  0.347 | h2h=238.5500 | br= 2.0103 | avg= 0.3965 | fc=0.334 |   2332 ep/s | 122.4m
[Ep  16900000/50000000] avg_r=  0.435 | h2h=238.5500 | br= 2.0126 | avg= 0.3970 | fc=0.316 |   2256 ep/s | 122.8m
[Ep  16950000/50000000] avg_r=  0.353 | h2h=238.5500 | br= 2.0110 | avg= 0.3977 | fc=0.316 |   2378 ep/s | 123.2m
[Ep  17000000/50000000] avg_r=  0.430 | h2h=238.5500 | br= 2.0125 | avg= 0.3998 | fc=0.299 |   2320 ep/s | 123.5m
[Ep  17050000/50000000] avg_r=  0.390 | h2h=238.5500 | br= 2.0100 | avg= 0.3974 | fc=0.312 |   2293 ep/s | 123.9m
[Ep  17100000/50000000] avg_r=  0.307 | h2h=238.5500 | br= 2.0083 | avg= 0.3967 | fc=0.332 |   2264 ep/s | 124.3m
[Ep  17150000/50000000] avg_r=  0.275 | h2h=238.5500 | br= 2.0111 | avg= 0.3967 | fc=0.336 |   2314 ep/s | 124.6m
[Ep  17200000/50000000] avg_r=  0.329 | h2h=238.5500 | br= 2.0114 | avg= 0.3971 | fc=0.328 |   2301 ep/s | 125.0m
[Ep  17250000/50000000] avg_r=  0.321 | h2h=238.5500 | br= 2.0055 | avg= 0.3957 | fc=0.305 |   2289 ep/s | 125.3m
[Ep  17300000/50000000] avg_r=  0.351 | h2h=238.5500 | br= 2.0088 | avg= 0.3951 | fc=0.312 |   2293 ep/s | 125.7m
[Ep  17350000/50000000] avg_r=  0.322 | h2h=238.5500 | br= 2.0119 | avg= 0.3952 | fc=0.320 |   2274 ep/s | 126.1m
[Ep  17400000/50000000] avg_r=  0.266 | h2h=238.5500 | br= 2.0087 | avg= 0.3968 | fc=0.299 |   2315 ep/s | 126.4m
[Ep  17450000/50000000] avg_r=  0.368 | h2h=238.5500 | br= 2.0095 | avg= 0.3936 | fc=0.332 |   2379 ep/s | 126.8m
[Ep  17500000/50000000] avg_r=  0.383 | h2h=238.5500 | br= 2.0131 | avg= 0.3915 | fc=0.291 |   2305 ep/s | 127.1m
[Ep  17550000/50000000] avg_r=  0.277 | h2h=238.5500 | br= 2.0080 | avg= 0.3896 | fc=0.275 |   2252 ep/s | 127.5m
[Ep  17600000/50000000] avg_r=  0.321 | h2h=238.5500 | br= 2.0067 | avg= 0.3901 | fc=0.285 |   2220 ep/s | 127.9m
[Ep  17650000/50000000] avg_r=  0.294 | h2h=238.5500 | br= 2.0082 | avg= 0.3903 | fc=0.326 |   2205 ep/s | 128.3m
[Ep  17700000/50000000] avg_r=  0.275 | h2h=238.5500 | br= 2.0075 | avg= 0.3909 | fc=0.330 |   2324 ep/s | 128.6m
[Ep  17750000/50000000] avg_r=  0.413 | h2h=238.5500 | br= 2.0075 | avg= 0.3894 | fc=0.309 |   2273 ep/s | 129.0m
[Ep  17800000/50000000] avg_r=  0.230 | h2h=238.5500 | br= 2.0062 | avg= 0.3900 | fc=0.271 |   2359 ep/s | 129.3m
[Ep  17850000/50000000] avg_r=  0.240 | h2h=238.5500 | br= 2.0054 | avg= 0.3895 | fc=0.342 |   2497 ep/s | 129.7m
[Ep  17900000/50000000] avg_r=  0.282 | h2h=238.5500 | br= 2.0075 | avg= 0.3910 | fc=0.303 |   2350 ep/s | 130.0m
[Ep  17950000/50000000] avg_r=  0.260 | h2h=238.5500 | br= 2.0091 | avg= 0.3897 | fc=0.314 |   2407 ep/s | 130.4m
[Ep  18000000/50000000] avg_r=  0.377 | h2h=238.5500 | br= 2.0130 | avg= 0.3901 | fc=0.283 |   2233 ep/s | 130.8m
[Ep  18050000/50000000] avg_r=  0.183 | h2h=238.5500 | br= 2.0090 | avg= 0.3899 | fc=0.316 |   2217 ep/s | 131.1m
[Ep  18100000/50000000] avg_r=  0.278 | h2h=238.5500 | br= 2.0071 | avg= 0.3893 | fc=0.322 |   2279 ep/s | 131.5m
[Ep  18150000/50000000] avg_r=  0.387 | h2h=238.5500 | br= 2.0180 | avg= 0.3894 | fc=0.305 |   2303 ep/s | 131.9m
[Ep  18200000/50000000] avg_r=  0.263 | h2h=238.5500 | br= 2.0146 | avg= 0.3923 | fc=0.357 |   2262 ep/s | 132.2m
[Ep  18250000/50000000] avg_r=  0.270 | h2h=238.5500 | br= 1.9652 | avg= 0.3915 | fc=0.340 |   2263 ep/s | 132.6m
[Ep  18300000/50000000] avg_r=  0.174 | h2h=238.5500 | br= 1.9465 | avg= 0.3925 | fc=0.332 |   2270 ep/s | 133.0m
[Ep  18350000/50000000] avg_r=  0.255 | h2h=238.5500 | br= 1.9424 | avg= 0.3940 | fc=0.342 |   2271 ep/s | 133.3m
[Ep  18400000/50000000] avg_r=  0.245 | h2h=238.5500 | br= 1.9476 | avg= 0.3937 | fc=0.336 |   2274 ep/s | 133.7m
[Ep  18450000/50000000] avg_r=  0.353 | h2h=238.5500 | br= 1.9492 | avg= 0.3954 | fc=0.346 |   2288 ep/s | 134.1m
[Ep  18500000/50000000] avg_r=  0.195 | h2h=238.5500 | br= 1.9458 | avg= 0.3946 | fc=0.330 |   2317 ep/s | 134.4m
[Ep  18550000/50000000] avg_r=  0.274 | h2h=238.5500 | br= 1.9458 | avg= 0.3954 | fc=0.318 |   2241 ep/s | 134.8m
[Ep  18600000/50000000] avg_r=  0.298 | h2h=238.5500 | br= 1.9465 | avg= 0.3940 | fc=0.311 |   2245 ep/s | 135.2m
[Ep  18650000/50000000] avg_r=  0.200 | h2h=238.5500 | br= 1.9426 | avg= 0.3956 | fc=0.367 |   2230 ep/s | 135.5m
[Ep  18700000/50000000] avg_r=  0.249 | h2h=238.5500 | br= 1.9489 | avg= 0.3965 | fc=0.316 |   2203 ep/s | 135.9m
[Ep  18750000/50000000] avg_r=  0.243 | h2h=238.5500 | br= 1.9445 | avg= 0.3953 | fc=0.334 |   2291 ep/s | 136.3m
[Ep  18800000/50000000] avg_r=  0.308 | h2h=238.5500 | br= 1.9454 | avg= 0.3960 | fc=0.373 |   2266 ep/s | 136.6m
[Ep  18850000/50000000] avg_r=  0.261 | h2h=238.5500 | br= 1.9452 | avg= 0.3973 | fc=0.316 |   2221 ep/s | 137.0m
[Ep  18900000/50000000] avg_r=  0.399 | h2h=238.5500 | br= 1.9460 | avg= 0.3958 | fc=0.312 |   2318 ep/s | 137.4m
[Ep  18950000/50000000] avg_r=  0.371 | h2h=238.5500 | br= 1.9478 | avg= 0.3972 | fc=0.346 |   2236 ep/s | 137.8m
[Ep  19000000/50000000] avg_r=  0.277 | h2h=238.5500 | br= 1.9430 | avg= 0.3979 | fc=0.383 |   2306 ep/s | 138.1m
[Ep  19050000/50000000] avg_r=  0.348 | h2h=238.5500 | br= 1.9417 | avg= 0.3964 | fc=0.359 |   2375 ep/s | 138.5m
[Ep  19100000/50000000] avg_r=  0.339 | h2h=238.5500 | br= 1.9456 | avg= 0.3970 | fc=0.320 |   2392 ep/s | 138.8m
[Ep  19150000/50000000] avg_r=  0.334 | h2h=238.5500 | br= 1.9484 | avg= 0.3975 | fc=0.338 |   2388 ep/s | 139.2m
[Ep  19200000/50000000] avg_r=  0.287 | h2h=238.5500 | br= 1.9459 | avg= 0.3979 | fc=0.354 |   2348 ep/s | 139.5m
[Ep  19250000/50000000] avg_r=  0.222 | h2h=238.5500 | br= 1.9466 | avg= 0.4015 | fc=0.334 |   2291 ep/s | 139.9m
[Ep  19300000/50000000] avg_r=  0.175 | h2h=238.5500 | br= 1.9462 | avg= 0.3980 | fc=0.348 |   2328 ep/s | 140.2m
[Ep  19350000/50000000] avg_r=  0.238 | h2h=238.5500 | br= 1.9414 | avg= 0.3982 | fc=0.334 |   2313 ep/s | 140.6m
[Ep  19400000/50000000] avg_r=  0.279 | h2h=238.5500 | br= 1.9439 | avg= 0.3984 | fc=0.363 |   2244 ep/s | 141.0m
[Ep  19450000/50000000] avg_r=  0.189 | h2h=238.5500 | br= 1.9477 | avg= 0.3937 | fc=0.346 |   2308 ep/s | 141.3m
[Ep  19500000/50000000] avg_r=  0.328 | h2h=238.5500 | br= 1.9444 | avg= 0.3918 | fc=0.350 |   2232 ep/s | 141.7m
[Ep  19550000/50000000] avg_r=  0.326 | h2h=238.5500 | br= 1.9468 | avg= 0.3926 | fc=0.344 |   2276 ep/s | 142.1m
[Ep  19600000/50000000] avg_r=  0.262 | h2h=238.5500 | br= 1.9492 | avg= 0.3923 | fc=0.330 |   2364 ep/s | 142.4m
[Ep  19650000/50000000] avg_r=  0.186 | h2h=238.5500 | br= 1.9484 | avg= 0.3924 | fc=0.312 |   2263 ep/s | 142.8m
[Ep  19700000/50000000] avg_r=  0.287 | h2h=238.5500 | br= 1.9490 | avg= 0.3933 | fc=0.332 |   2264 ep/s | 143.2m
[Ep  19750000/50000000] avg_r=  0.339 | h2h=238.5500 | br= 1.9440 | avg= 0.3929 | fc=0.355 |   2323 ep/s | 143.5m
[Ep  19800000/50000000] avg_r=  0.327 | h2h=238.5500 | br= 1.9435 | avg= 0.3933 | fc=0.320 |   2316 ep/s | 143.9m
[Ep  19850000/50000000] avg_r=  0.320 | h2h=238.5500 | br= 1.9471 | avg= 0.3941 | fc=0.365 |   2375 ep/s | 144.2m
[Ep  19900000/50000000] avg_r=  0.317 | h2h=238.5500 | br= 1.9439 | avg= 0.3933 | fc=0.383 |   2249 ep/s | 144.6m
[Ep  19950000/50000000] avg_r=  0.237 | h2h=238.5500 | br= 1.9488 | avg= 0.3939 | fc=0.312 |   2288 ep/s | 145.0m
[Ep  20000000/50000000] avg_r=  0.252 | h2h=238.5500 | br= 1.9427 | avg= 0.3936 | fc=0.350 |   2217 ep/s | 145.3m
[H2H] ep=20000000 | avg_reward=229.6500 over 1000 games
  >>> H2H WINRATE @ ep 20000000: 229.6500
  [CHECKPOINT] saved at ep 20000000
[snapshot] ep=20000000 -> /home/anthonyn/cos435/cpp-implementation/snapshots/holdem_64x64_mv_train_std_05/ep20000000
[Ep  20050000/50000000] avg_r=  0.336 | h2h=229.6500 | br= 1.9612 | avg= 0.4000 | fc=0.430 |    394 ep/s | 147.5m
[Ep  20100000/50000000] avg_r=  0.143 | h2h=229.6500 | br= 1.9928 | avg= 0.4033 | fc=0.396 |   2158 ep/s | 147.8m
[Ep  20150000/50000000] avg_r=  0.327 | h2h=229.6500 | br= 2.0085 | avg= 0.4029 | fc=0.410 |   2180 ep/s | 148.2m
[Ep  20200000/50000000] avg_r=  0.210 | h2h=229.6500 | br= 2.0078 | avg= 0.4044 | fc=0.363 |   2217 ep/s | 148.6m
[Ep  20250000/50000000] avg_r=  0.278 | h2h=229.6500 | br= 2.0044 | avg= 0.4028 | fc=0.381 |   2163 ep/s | 149.0m
[Ep  20300000/50000000] avg_r=  0.278 | h2h=229.6500 | br= 2.0058 | avg= 0.4054 | fc=0.361 |   2195 ep/s | 149.4m
[Ep  20350000/50000000] avg_r=  0.183 | h2h=229.6500 | br= 2.0048 | avg= 0.4051 | fc=0.387 |   2205 ep/s | 149.7m
[Ep  20400000/50000000] avg_r=  0.246 | h2h=229.6500 | br= 2.0058 | avg= 0.4064 | fc=0.391 |   2202 ep/s | 150.1m
[Ep  20450000/50000000] avg_r=  0.217 | h2h=229.6500 | br= 2.0039 | avg= 0.4064 | fc=0.400 |   2230 ep/s | 150.5m
[Ep  20500000/50000000] avg_r=  0.178 | h2h=229.6500 | br= 2.0081 | avg= 0.4082 | fc=0.422 |   2265 ep/s | 150.9m
[Ep  20550000/50000000] avg_r=  0.181 | h2h=229.6500 | br= 2.0095 | avg= 0.4082 | fc=0.404 |   2214 ep/s | 151.2m
[Ep  20600000/50000000] avg_r=  0.261 | h2h=229.6500 | br= 2.0070 | avg= 0.4094 | fc=0.395 |   2152 ep/s | 151.6m
[Ep  20650000/50000000] avg_r=  0.202 | h2h=229.6500 | br= 2.0073 | avg= 0.4098 | fc=0.402 |   2176 ep/s | 152.0m
[Ep  20700000/50000000] avg_r=  0.245 | h2h=229.6500 | br= 2.0048 | avg= 0.4085 | fc=0.365 |   2164 ep/s | 152.4m
[Ep  20750000/50000000] avg_r=  0.198 | h2h=229.6500 | br= 2.0044 | avg= 0.4097 | fc=0.361 |   2153 ep/s | 152.8m
[Ep  20800000/50000000] avg_r=  0.225 | h2h=229.6500 | br= 2.0046 | avg= 0.4104 | fc=0.408 |   2202 ep/s | 153.2m
[Ep  20850000/50000000] avg_r=  0.285 | h2h=229.6500 | br= 1.9983 | avg= 0.4101 | fc=0.385 |   2193 ep/s | 153.5m
[Ep  20900000/50000000] avg_r=  0.230 | h2h=229.6500 | br= 2.0057 | avg= 0.4118 | fc=0.410 |   2168 ep/s | 153.9m
[Ep  20950000/50000000] avg_r=  0.173 | h2h=229.6500 | br= 2.0089 | avg= 0.4121 | fc=0.371 |   2188 ep/s | 154.3m
[Ep  21000000/50000000] avg_r=  0.192 | h2h=229.6500 | br= 2.0042 | avg= 0.4136 | fc=0.389 |   2247 ep/s | 154.7m
[Ep  21050000/50000000] avg_r=  0.257 | h2h=229.6500 | br= 2.0053 | avg= 0.4117 | fc=0.340 |   2189 ep/s | 155.1m
[Ep  21100000/50000000] avg_r=  0.196 | h2h=229.6500 | br= 2.0054 | avg= 0.4130 | fc=0.375 |   2161 ep/s | 155.4m
[Ep  21150000/50000000] avg_r=  0.158 | h2h=229.6500 | br= 2.0109 | avg= 0.4141 | fc=0.410 |   2170 ep/s | 155.8m
[Ep  21200000/50000000] avg_r=  0.184 | h2h=229.6500 | br= 2.0077 | avg= 0.4150 | fc=0.393 |   2183 ep/s | 156.2m
[Ep  21250000/50000000] avg_r=  0.237 | h2h=229.6500 | br= 2.0079 | avg= 0.4148 | fc=0.373 |   2140 ep/s | 156.6m
[Ep  21300000/50000000] avg_r=  0.216 | h2h=229.6500 | br= 2.0096 | avg= 0.4138 | fc=0.443 |   2266 ep/s | 157.0m
[Ep  21350000/50000000] avg_r=  0.277 | h2h=229.6500 | br= 2.0097 | avg= 0.4167 | fc=0.367 |   2118 ep/s | 157.4m
[Ep  21400000/50000000] avg_r=  0.230 | h2h=229.6500 | br= 2.0058 | avg= 0.4156 | fc=0.391 |   2147 ep/s | 157.7m
[Ep  21450000/50000000] avg_r=  0.181 | h2h=229.6500 | br= 2.0067 | avg= 0.4159 | fc=0.438 |   2178 ep/s | 158.1m
[Ep  21500000/50000000] avg_r=  0.118 | h2h=229.6500 | br= 2.0038 | avg= 0.4161 | fc=0.469 |   2188 ep/s | 158.5m
[Ep  21550000/50000000] avg_r=  0.206 | h2h=229.6500 | br= 2.0059 | avg= 0.4164 | fc=0.385 |   2207 ep/s | 158.9m
[Ep  21600000/50000000] avg_r=  0.233 | h2h=229.6500 | br= 2.0055 | avg= 0.4169 | fc=0.418 |   2263 ep/s | 159.3m
[Ep  21650000/50000000] avg_r=  0.338 | h2h=229.6500 | br= 2.0044 | avg= 0.4174 | fc=0.398 |   2273 ep/s | 159.6m
[Ep  21700000/50000000] avg_r=  0.239 | h2h=229.6500 | br= 2.0001 | avg= 0.4172 | fc=0.396 |   2205 ep/s | 160.0m
[Ep  21750000/50000000] avg_r=  0.227 | h2h=229.6500 | br= 2.0067 | avg= 0.4189 | fc=0.398 |   2256 ep/s | 160.4m
[Ep  21800000/50000000] avg_r=  0.175 | h2h=229.6500 | br= 2.0041 | avg= 0.4193 | fc=0.373 |   2289 ep/s | 160.7m
[Ep  21850000/50000000] avg_r=  0.265 | h2h=229.6500 | br= 2.0038 | avg= 0.4186 | fc=0.400 |   2258 ep/s | 161.1m
[Ep  21900000/50000000] avg_r=  0.165 | h2h=229.6500 | br= 2.0053 | avg= 0.4174 | fc=0.436 |   2232 ep/s | 161.5m
[Ep  21950000/50000000] avg_r=  0.246 | h2h=229.6500 | br= 2.0090 | avg= 0.4201 | fc=0.377 |   2218 ep/s | 161.9m
[Ep  22000000/50000000] avg_r=  0.205 | h2h=229.6500 | br= 2.0072 | avg= 0.4216 | fc=0.373 |   2235 ep/s | 162.2m
[Ep  22050000/50000000] avg_r=  0.220 | h2h=229.6500 | br= 2.0070 | avg= 0.4198 | fc=0.379 |   2232 ep/s | 162.6m
[Ep  22100000/50000000] avg_r=  0.213 | h2h=229.6500 | br= 2.0066 | avg= 0.4200 | fc=0.451 |   2267 ep/s | 163.0m
[Ep  22150000/50000000] avg_r=  0.276 | h2h=229.6500 | br= 2.0067 | avg= 0.4195 | fc=0.404 |   2171 ep/s | 163.3m
[Ep  22200000/50000000] avg_r=  0.209 | h2h=229.6500 | br= 2.0042 | avg= 0.4198 | fc=0.369 |   2252 ep/s | 163.7m
[Ep  22250000/50000000] avg_r=  0.268 | h2h=229.6500 | br= 2.0097 | avg= 0.4205 | fc=0.379 |   2264 ep/s | 164.1m
[Ep  22300000/50000000] avg_r=  0.167 | h2h=229.6500 | br= 2.0070 | avg= 0.4209 | fc=0.373 |   2285 ep/s | 164.5m
[Ep  22350000/50000000] avg_r=  0.116 | h2h=229.6500 | br= 2.0052 | avg= 0.4196 | fc=0.439 |   2264 ep/s | 164.8m
[Ep  22400000/50000000] avg_r=  0.268 | h2h=229.6500 | br= 2.0057 | avg= 0.4220 | fc=0.402 |   2223 ep/s | 165.2m
[Ep  22450000/50000000] avg_r=  0.227 | h2h=229.6500 | br= 2.0055 | avg= 0.4213 | fc=0.416 |   2230 ep/s | 165.6m
[Ep  22500000/50000000] avg_r=  0.158 | h2h=229.6500 | br= 2.0058 | avg= 0.4224 | fc=0.391 |   2274 ep/s | 165.9m
[Ep  22550000/50000000] avg_r=  0.167 | h2h=229.6500 | br= 2.0095 | avg= 0.4222 | fc=0.391 |   2258 ep/s | 166.3m
[Ep  22600000/50000000] avg_r=  0.232 | h2h=229.6500 | br= 2.0082 | avg= 0.4229 | fc=0.367 |   2278 ep/s | 166.7m
[Ep  22650000/50000000] avg_r=  0.266 | h2h=229.6500 | br= 2.0071 | avg= 0.4225 | fc=0.428 |   2222 ep/s | 167.0m
[Ep  22700000/50000000] avg_r=  0.244 | h2h=229.6500 | br= 2.0066 | avg= 0.4217 | fc=0.381 |   2233 ep/s | 167.4m
[Ep  22750000/50000000] avg_r=  0.156 | h2h=229.6500 | br= 2.0022 | avg= 0.4216 | fc=0.396 |   2270 ep/s | 167.8m
[Ep  22800000/50000000] avg_r=  0.175 | h2h=229.6500 | br= 2.0055 | avg= 0.4215 | fc=0.404 |   2193 ep/s | 168.2m
[Ep  22850000/50000000] avg_r=  0.213 | h2h=229.6500 | br= 2.0031 | avg= 0.4231 | fc=0.396 |   2253 ep/s | 168.5m
[Ep  22900000/50000000] avg_r=  0.222 | h2h=229.6500 | br= 2.0055 | avg= 0.4215 | fc=0.389 |   2278 ep/s | 168.9m
[Ep  22950000/50000000] avg_r=  0.147 | h2h=229.6500 | br= 2.0041 | avg= 0.4228 | fc=0.402 |   2163 ep/s | 169.3m
[Ep  23000000/50000000] avg_r=  0.339 | h2h=229.6500 | br= 2.0022 | avg= 0.4236 | fc=0.393 |   2260 ep/s | 169.7m
[Ep  23050000/50000000] avg_r=  0.161 | h2h=229.6500 | br= 2.0052 | avg= 0.4209 | fc=0.389 |   2199 ep/s | 170.0m
[Ep  23100000/50000000] avg_r=  0.126 | h2h=229.6500 | br= 2.0087 | avg= 0.4239 | fc=0.385 |   2216 ep/s | 170.4m
[Ep  23150000/50000000] avg_r=  0.217 | h2h=229.6500 | br= 2.0034 | avg= 0.4239 | fc=0.391 |   2254 ep/s | 170.8m
[Ep  23200000/50000000] avg_r=  0.227 | h2h=229.6500 | br= 2.0047 | avg= 0.4228 | fc=0.387 |   2158 ep/s | 171.2m
[Ep  23250000/50000000] avg_r=  0.285 | h2h=229.6500 | br= 2.0029 | avg= 0.4218 | fc=0.324 |   2217 ep/s | 171.5m
[Ep  23300000/50000000] avg_r=  0.268 | h2h=229.6500 | br= 2.0026 | avg= 0.4222 | fc=0.396 |   2328 ep/s | 171.9m
[Ep  23350000/50000000] avg_r=  0.222 | h2h=229.6500 | br= 2.0026 | avg= 0.4234 | fc=0.387 |   2223 ep/s | 172.3m
[Ep  23400000/50000000] avg_r=  0.197 | h2h=229.6500 | br= 2.0022 | avg= 0.4257 | fc=0.404 |   2251 ep/s | 172.6m
[Ep  23450000/50000000] avg_r=  0.260 | h2h=229.6500 | br= 2.0005 | avg= 0.4255 | fc=0.400 |   2241 ep/s | 173.0m
[Ep  23500000/50000000] avg_r=  0.215 | h2h=229.6500 | br= 2.0026 | avg= 0.4253 | fc=0.402 |   2241 ep/s | 173.4m
[Ep  23550000/50000000] avg_r=  0.191 | h2h=229.6500 | br= 2.0026 | avg= 0.4261 | fc=0.379 |   2228 ep/s | 173.8m
[Ep  23600000/50000000] avg_r=  0.298 | h2h=229.6500 | br= 2.0069 | avg= 0.4250 | fc=0.355 |   2229 ep/s | 174.1m
[Ep  23650000/50000000] avg_r=  0.239 | h2h=229.6500 | br= 2.0039 | avg= 0.4255 | fc=0.400 |   2246 ep/s | 174.5m
[Ep  23700000/50000000] avg_r=  0.134 | h2h=229.6500 | br= 2.0037 | avg= 0.4242 | fc=0.367 |   2246 ep/s | 174.9m
[Ep  23750000/50000000] avg_r=  0.232 | h2h=229.6500 | br= 2.0071 | avg= 0.4252 | fc=0.402 |   2277 ep/s | 175.2m
[Ep  23800000/50000000] avg_r=  0.194 | h2h=229.6500 | br= 2.0060 | avg= 0.4267 | fc=0.389 |   2192 ep/s | 175.6m
[Ep  23850000/50000000] avg_r=  0.142 | h2h=229.6500 | br= 2.0062 | avg= 0.4249 | fc=0.393 |   2301 ep/s | 176.0m
[Ep  23900000/50000000] avg_r=  0.170 | h2h=229.6500 | br= 2.0077 | avg= 0.4253 | fc=0.404 |   2216 ep/s | 176.4m
[Ep  23950000/50000000] avg_r=  0.216 | h2h=229.6500 | br= 2.0075 | avg= 0.4249 | fc=0.402 |   2250 ep/s | 176.7m
[Ep  24000000/50000000] avg_r=  0.226 | h2h=229.6500 | br= 2.0090 | avg= 0.4244 | fc=0.420 |   2306 ep/s | 177.1m
[Ep  24050000/50000000] avg_r=  0.230 | h2h=229.6500 | br= 2.0059 | avg= 0.4263 | fc=0.377 |   2304 ep/s | 177.5m
[Ep  24100000/50000000] avg_r=  0.278 | h2h=229.6500 | br= 2.0041 | avg= 0.4259 | fc=0.410 |   2288 ep/s | 177.8m
[Ep  24150000/50000000] avg_r=  0.226 | h2h=229.6500 | br= 2.0052 | avg= 0.4254 | fc=0.350 |   2306 ep/s | 178.2m
[Ep  24200000/50000000] avg_r=  0.218 | h2h=229.6500 | br= 2.0062 | avg= 0.4274 | fc=0.443 |   2293 ep/s | 178.5m
[Ep  24250000/50000000] avg_r=  0.340 | h2h=229.6500 | br= 2.0058 | avg= 0.4255 | fc=0.408 |   2188 ep/s | 178.9m
[Ep  24300000/50000000] avg_r=  0.228 | h2h=229.6500 | br= 2.0097 | avg= 0.4267 | fc=0.422 |   2263 ep/s | 179.3m
[Ep  24350000/50000000] avg_r=  0.246 | h2h=229.6500 | br= 2.0073 | avg= 0.4244 | fc=0.373 |   2270 ep/s | 179.7m
[Ep  24400000/50000000] avg_r=  0.198 | h2h=229.6500 | br= 2.0032 | avg= 0.4255 | fc=0.389 |   2212 ep/s | 180.0m
[Ep  24450000/50000000] avg_r=  0.183 | h2h=229.6500 | br= 2.0047 | avg= 0.4267 | fc=0.365 |   2222 ep/s | 180.4m
[Ep  24500000/50000000] avg_r=  0.137 | h2h=229.6500 | br= 2.0045 | avg= 0.4248 | fc=0.385 |   2252 ep/s | 180.8m
[Ep  24550000/50000000] avg_r=  0.354 | h2h=229.6500 | br= 2.0073 | avg= 0.4286 | fc=0.381 |   2255 ep/s | 181.2m
[Ep  24600000/50000000] avg_r=  0.353 | h2h=229.6500 | br= 2.0078 | avg= 0.4261 | fc=0.391 |   2191 ep/s | 181.5m
[Ep  24650000/50000000] avg_r=  0.199 | h2h=229.6500 | br= 2.0083 | avg= 0.4271 | fc=0.396 |   2287 ep/s | 181.9m
[Ep  24700000/50000000] avg_r=  0.105 | h2h=229.6500 | br= 2.0045 | avg= 0.4266 | fc=0.400 |   2296 ep/s | 182.3m
[Ep  24750000/50000000] avg_r=  0.320 | h2h=229.6500 | br= 2.0076 | avg= 0.4248 | fc=0.408 |   2264 ep/s | 182.6m
[Ep  24800000/50000000] avg_r=  0.191 | h2h=229.6500 | br= 2.0022 | avg= 0.4272 | fc=0.428 |   2249 ep/s | 183.0m
[Ep  24850000/50000000] avg_r=  0.255 | h2h=229.6500 | br= 2.0034 | avg= 0.4263 | fc=0.414 |   2198 ep/s | 183.4m
[Ep  24900000/50000000] avg_r=  0.249 | h2h=229.6500 | br= 2.0059 | avg= 0.4268 | fc=0.406 |   2276 ep/s | 183.7m
[Ep  24950000/50000000] avg_r=  0.260 | h2h=229.6500 | br= 2.0086 | avg= 0.4271 | fc=0.359 |   2293 ep/s | 184.1m
[Ep  25000000/50000000] avg_r=  0.263 | h2h=229.6500 | br= 2.0035 | avg= 0.4261 | fc=0.387 |   2254 ep/s | 184.5m
[Ep  25050000/50000000] avg_r=  0.281 | h2h=229.6500 | br= 2.0030 | avg= 0.4263 | fc=0.387 |   2255 ep/s | 184.8m
[Ep  25100000/50000000] avg_r=  0.248 | h2h=229.6500 | br= 2.0038 | avg= 0.4250 | fc=0.383 |   2250 ep/s | 185.2m
[Ep  25150000/50000000] avg_r=  0.201 | h2h=229.6500 | br= 2.0035 | avg= 0.4259 | fc=0.385 |   2318 ep/s | 185.6m
[Ep  25200000/50000000] avg_r=  0.305 | h2h=229.6500 | br= 2.0040 | avg= 0.4260 | fc=0.416 |   2404 ep/s | 185.9m
[Ep  25250000/50000000] avg_r=  0.254 | h2h=229.6500 | br= 2.0044 | avg= 0.4271 | fc=0.412 |   2442 ep/s | 186.3m
[Ep  25300000/50000000] avg_r=  0.335 | h2h=229.6500 | br= 2.0085 | avg= 0.4265 | fc=0.338 |   2290 ep/s | 186.6m
[Ep  25350000/50000000] avg_r=  0.187 | h2h=229.6500 | br= 2.0075 | avg= 0.4264 | fc=0.406 |   2204 ep/s | 187.0m
[Ep  25400000/50000000] avg_r=  0.240 | h2h=229.6500 | br= 2.0084 | avg= 0.4277 | fc=0.406 |   2262 ep/s | 187.4m
[Ep  25450000/50000000] avg_r=  0.259 | h2h=229.6500 | br= 2.0049 | avg= 0.4259 | fc=0.383 |   2259 ep/s | 187.7m
[Ep  25500000/50000000] avg_r=  0.307 | h2h=229.6500 | br= 2.0058 | avg= 0.4268 | fc=0.412 |   2248 ep/s | 188.1m
[Ep  25550000/50000000] avg_r=  0.261 | h2h=229.6500 | br= 1.9999 | avg= 0.4260 | fc=0.379 |   2238 ep/s | 188.5m
[Ep  25600000/50000000] avg_r=  0.185 | h2h=229.6500 | br= 2.0044 | avg= 0.4264 | fc=0.400 |   2242 ep/s | 188.9m
[Ep  25650000/50000000] avg_r=  0.263 | h2h=229.6500 | br= 2.0060 | avg= 0.4274 | fc=0.416 |   2179 ep/s | 189.2m
[Ep  25700000/50000000] avg_r=  0.188 | h2h=229.6500 | br= 2.0062 | avg= 0.4266 | fc=0.406 |   2191 ep/s | 189.6m
[Ep  25750000/50000000] avg_r=  0.270 | h2h=229.6500 | br= 2.0059 | avg= 0.4263 | fc=0.400 |   2225 ep/s | 190.0m
[Ep  25800000/50000000] avg_r=  0.177 | h2h=229.6500 | br= 2.0043 | avg= 0.4256 | fc=0.369 |   2222 ep/s | 190.4m
[Ep  25850000/50000000] avg_r=  0.195 | h2h=229.6500 | br= 2.0050 | avg= 0.4249 | fc=0.369 |   2281 ep/s | 190.7m
[Ep  25900000/50000000] avg_r=  0.180 | h2h=229.6500 | br= 2.0022 | avg= 0.4261 | fc=0.398 |   2249 ep/s | 191.1m
[Ep  25950000/50000000] avg_r=  0.199 | h2h=229.6500 | br= 2.0021 | avg= 0.4282 | fc=0.346 |   2235 ep/s | 191.5m
[Ep  26000000/50000000] avg_r=  0.220 | h2h=229.6500 | br= 2.0010 | avg= 0.4266 | fc=0.400 |   2303 ep/s | 191.8m
[Ep  26050000/50000000] avg_r=  0.303 | h2h=229.6500 | br= 2.0005 | avg= 0.4261 | fc=0.404 |   2249 ep/s | 192.2m
[Ep  26100000/50000000] avg_r=  0.232 | h2h=229.6500 | br= 2.0049 | avg= 0.4261 | fc=0.367 |   2252 ep/s | 192.6m
[Ep  26150000/50000000] avg_r=  0.185 | h2h=229.6500 | br= 2.0066 | avg= 0.4255 | fc=0.430 |   2270 ep/s | 193.0m
[Ep  26200000/50000000] avg_r=  0.176 | h2h=229.6500 | br= 2.0048 | avg= 0.4265 | fc=0.383 |   2228 ep/s | 193.3m
[Ep  26250000/50000000] avg_r=  0.266 | h2h=229.6500 | br= 2.0045 | avg= 0.4268 | fc=0.391 |   2271 ep/s | 193.7m
[Ep  26300000/50000000] avg_r=  0.191 | h2h=229.6500 | br= 2.0049 | avg= 0.4247 | fc=0.377 |   2274 ep/s | 194.1m
[Ep  26350000/50000000] avg_r=  0.155 | h2h=229.6500 | br= 2.0025 | avg= 0.4243 | fc=0.375 |   2305 ep/s | 194.4m
[Ep  26400000/50000000] avg_r=  0.167 | h2h=229.6500 | br= 2.0014 | avg= 0.4266 | fc=0.385 |   2262 ep/s | 194.8m
[Ep  26450000/50000000] avg_r=  0.276 | h2h=229.6500 | br= 2.0035 | avg= 0.4258 | fc=0.379 |   2208 ep/s | 195.2m
[Ep  26500000/50000000] avg_r=  0.236 | h2h=229.6500 | br= 2.0020 | avg= 0.4247 | fc=0.396 |   2224 ep/s | 195.5m
[Ep  26550000/50000000] avg_r=  0.315 | h2h=229.6500 | br= 2.0057 | avg= 0.4275 | fc=0.375 |   2283 ep/s | 195.9m
[Ep  26600000/50000000] avg_r=  0.213 | h2h=229.6500 | br= 2.0056 | avg= 0.4248 | fc=0.402 |   2211 ep/s | 196.3m
[Ep  26650000/50000000] avg_r=  0.176 | h2h=229.6500 | br= 2.0055 | avg= 0.4267 | fc=0.402 |   2317 ep/s | 196.6m
[Ep  26700000/50000000] avg_r=  0.173 | h2h=229.6500 | br= 2.0028 | avg= 0.4277 | fc=0.410 |   2254 ep/s | 197.0m
[Ep  26750000/50000000] avg_r=  0.190 | h2h=229.6500 | br= 2.0061 | avg= 0.4265 | fc=0.377 |   2303 ep/s | 197.4m
[Ep  26800000/50000000] avg_r=  0.257 | h2h=229.6500 | br= 2.0066 | avg= 0.4273 | fc=0.379 |   2287 ep/s | 197.7m
[Ep  26850000/50000000] avg_r=  0.185 | h2h=229.6500 | br= 2.0055 | avg= 0.4257 | fc=0.402 |   2360 ep/s | 198.1m
[Ep  26900000/50000000] avg_r=  0.283 | h2h=229.6500 | br= 2.0027 | avg= 0.4243 | fc=0.432 |   2233 ep/s | 198.5m
[Ep  26950000/50000000] avg_r=  0.172 | h2h=229.6500 | br= 2.0073 | avg= 0.4254 | fc=0.373 |   2285 ep/s | 198.8m
[Ep  27000000/50000000] avg_r=  0.150 | h2h=229.6500 | br= 2.0058 | avg= 0.4245 | fc=0.404 |   2251 ep/s | 199.2m
[Ep  27050000/50000000] avg_r=  0.180 | h2h=229.6500 | br= 2.0048 | avg= 0.4255 | fc=0.396 |   2283 ep/s | 199.6m
[Ep  27100000/50000000] avg_r=  0.116 | h2h=229.6500 | br= 2.0029 | avg= 0.4252 | fc=0.367 |   2271 ep/s | 199.9m
[Ep  27150000/50000000] avg_r=  0.229 | h2h=229.6500 | br= 2.0040 | avg= 0.4232 | fc=0.395 |   2256 ep/s | 200.3m
[Ep  27200000/50000000] avg_r=  0.273 | h2h=229.6500 | br= 2.0020 | avg= 0.4256 | fc=0.406 |   2243 ep/s | 200.7m
[Ep  27250000/50000000] avg_r=  0.249 | h2h=229.6500 | br= 2.0013 | avg= 0.4274 | fc=0.385 |   2241 ep/s | 201.0m
[Ep  27300000/50000000] avg_r=  0.201 | h2h=229.6500 | br= 2.0038 | avg= 0.4253 | fc=0.395 |   2278 ep/s | 201.4m
[Ep  27350000/50000000] avg_r=  0.336 | h2h=229.6500 | br= 2.0022 | avg= 0.4262 | fc=0.344 |   2255 ep/s | 201.8m
[Ep  27400000/50000000] avg_r=  0.202 | h2h=229.6500 | br= 2.0025 | avg= 0.4252 | fc=0.408 |   2201 ep/s | 202.2m
[Ep  27450000/50000000] avg_r=  0.200 | h2h=229.6500 | br= 2.0027 | avg= 0.4247 | fc=0.400 |   2236 ep/s | 202.5m
[Ep  27500000/50000000] avg_r=  0.275 | h2h=229.6500 | br= 2.0036 | avg= 0.4270 | fc=0.361 |   2222 ep/s | 202.9m
[Ep  27550000/50000000] avg_r=  0.240 | h2h=229.6500 | br= 2.0021 | avg= 0.4268 | fc=0.414 |   2239 ep/s | 203.3m
[Ep  27600000/50000000] avg_r=  0.240 | h2h=229.6500 | br= 2.0053 | avg= 0.4243 | fc=0.373 |   2248 ep/s | 203.6m
[Ep  27650000/50000000] avg_r=  0.232 | h2h=229.6500 | br= 2.0043 | avg= 0.4252 | fc=0.389 |   2255 ep/s | 204.0m
[Ep  27700000/50000000] avg_r=  0.132 | h2h=229.6500 | br= 2.0052 | avg= 0.4251 | fc=0.396 |   2193 ep/s | 204.4m
[Ep  27750000/50000000] avg_r=  0.206 | h2h=229.6500 | br= 2.0054 | avg= 0.4239 | fc=0.410 |   2207 ep/s | 204.8m
[Ep  27800000/50000000] avg_r=  0.225 | h2h=229.6500 | br= 2.0065 | avg= 0.4234 | fc=0.416 |   2345 ep/s | 205.1m
[Ep  27850000/50000000] avg_r=  0.217 | h2h=229.6500 | br= 2.0044 | avg= 0.4260 | fc=0.408 |   2229 ep/s | 205.5m
[Ep  27900000/50000000] avg_r=  0.182 | h2h=229.6500 | br= 2.0026 | avg= 0.4233 | fc=0.385 |   2324 ep/s | 205.9m
[Ep  27950000/50000000] avg_r=  0.204 | h2h=229.6500 | br= 2.0009 | avg= 0.4249 | fc=0.357 |   2225 ep/s | 206.2m
[Ep  28000000/50000000] avg_r=  0.185 | h2h=229.6500 | br= 2.0056 | avg= 0.4256 | fc=0.402 |   2288 ep/s | 206.6m
[Ep  28050000/50000000] avg_r=  0.204 | h2h=229.6500 | br= 2.0055 | avg= 0.4234 | fc=0.412 |   2303 ep/s | 207.0m
[Ep  28100000/50000000] avg_r=  0.281 | h2h=229.6500 | br= 2.0079 | avg= 0.4248 | fc=0.434 |   2301 ep/s | 207.3m
[Ep  28150000/50000000] avg_r=  0.306 | h2h=229.6500 | br= 2.0054 | avg= 0.4239 | fc=0.393 |   2339 ep/s | 207.7m
[Ep  28200000/50000000] avg_r=  0.251 | h2h=229.6500 | br= 2.0062 | avg= 0.4237 | fc=0.361 |   2307 ep/s | 208.0m
[Ep  28250000/50000000] avg_r=  0.184 | h2h=229.6500 | br= 2.0047 | avg= 0.4241 | fc=0.387 |   2340 ep/s | 208.4m
[Ep  28300000/50000000] avg_r=  0.155 | h2h=229.6500 | br= 2.0034 | avg= 0.4231 | fc=0.412 |   2377 ep/s | 208.7m
[Ep  28350000/50000000] avg_r=  0.157 | h2h=229.6500 | br= 2.0013 | avg= 0.4241 | fc=0.371 |   2250 ep/s | 209.1m
[Ep  28400000/50000000] avg_r=  0.315 | h2h=229.6500 | br= 2.0030 | avg= 0.4234 | fc=0.389 |   2188 ep/s | 209.5m
[Ep  28450000/50000000] avg_r=  0.223 | h2h=229.6500 | br= 2.0071 | avg= 0.4229 | fc=0.441 |   2259 ep/s | 209.9m
[Ep  28500000/50000000] avg_r=  0.197 | h2h=229.6500 | br= 2.0046 | avg= 0.4234 | fc=0.391 |   2264 ep/s | 210.2m
[Ep  28550000/50000000] avg_r=  0.304 | h2h=229.6500 | br= 2.0047 | avg= 0.4234 | fc=0.387 |   2232 ep/s | 210.6m
[Ep  28600000/50000000] avg_r=  0.248 | h2h=229.6500 | br= 2.0018 | avg= 0.4234 | fc=0.383 |   2333 ep/s | 211.0m
[Ep  28650000/50000000] avg_r=  0.176 | h2h=229.6500 | br= 2.0049 | avg= 0.4204 | fc=0.393 |   2199 ep/s | 211.3m
[Ep  28700000/50000000] avg_r=  0.231 | h2h=229.6500 | br= 2.0060 | avg= 0.4231 | fc=0.420 |   2198 ep/s | 211.7m
[Ep  28750000/50000000] avg_r=  0.190 | h2h=229.6500 | br= 2.0089 | avg= 0.4226 | fc=0.387 |   2235 ep/s | 212.1m
[Ep  28800000/50000000] avg_r=  0.260 | h2h=229.6500 | br= 2.0045 | avg= 0.4232 | fc=0.381 |   2200 ep/s | 212.5m
[Ep  28850000/50000000] avg_r=  0.220 | h2h=229.6500 | br= 2.0055 | avg= 0.4229 | fc=0.398 |   2244 ep/s | 212.8m
[Ep  28900000/50000000] avg_r=  0.098 | h2h=229.6500 | br= 2.0027 | avg= 0.4226 | fc=0.389 |   2229 ep/s | 213.2m
[Ep  28950000/50000000] avg_r=  0.204 | h2h=229.6500 | br= 2.0037 | avg= 0.4221 | fc=0.424 |   2245 ep/s | 213.6m
[Ep  29000000/50000000] avg_r=  0.232 | h2h=229.6500 | br= 2.0046 | avg= 0.4228 | fc=0.402 |   2253 ep/s | 214.0m
[Ep  29050000/50000000] avg_r=  0.258 | h2h=229.6500 | br= 2.0068 | avg= 0.4221 | fc=0.398 |   2238 ep/s | 214.3m
[Ep  29100000/50000000] avg_r=  0.233 | h2h=229.6500 | br= 2.0048 | avg= 0.4222 | fc=0.412 |   2185 ep/s | 214.7m
[Ep  29150000/50000000] avg_r=  0.219 | h2h=229.6500 | br= 2.0058 | avg= 0.4227 | fc=0.369 |   2248 ep/s | 215.1m
[Ep  29200000/50000000] avg_r=  0.197 | h2h=229.6500 | br= 2.0075 | avg= 0.4215 | fc=0.395 |   2222 ep/s | 215.5m
[Ep  29250000/50000000] avg_r=  0.231 | h2h=229.6500 | br= 2.0064 | avg= 0.4227 | fc=0.418 |   2232 ep/s | 215.8m
[Ep  29300000/50000000] avg_r=  0.236 | h2h=229.6500 | br= 2.0051 | avg= 0.4214 | fc=0.385 |   2226 ep/s | 216.2m
[Ep  29350000/50000000] avg_r=  0.186 | h2h=229.6500 | br= 2.0075 | avg= 0.4225 | fc=0.400 |   2240 ep/s | 216.6m
[Ep  29400000/50000000] avg_r=  0.262 | h2h=229.6500 | br= 2.0038 | avg= 0.4214 | fc=0.381 |   2290 ep/s | 216.9m
[Ep  29450000/50000000] avg_r=  0.219 | h2h=229.6500 | br= 2.0009 | avg= 0.4206 | fc=0.383 |   2200 ep/s | 217.3m
[Ep  29500000/50000000] avg_r=  0.173 | h2h=229.6500 | br= 2.0030 | avg= 0.4211 | fc=0.344 |   2289 ep/s | 217.7m
[Ep  29550000/50000000] avg_r=  0.246 | h2h=229.6500 | br= 2.0036 | avg= 0.4204 | fc=0.361 |   2267 ep/s | 218.1m
[Ep  29600000/50000000] avg_r=  0.191 | h2h=229.6500 | br= 2.0063 | avg= 0.4210 | fc=0.410 |   2251 ep/s | 218.4m
[Ep  29650000/50000000] avg_r=  0.248 | h2h=229.6500 | br= 2.0045 | avg= 0.4218 | fc=0.416 |   2223 ep/s | 218.8m
[Ep  29700000/50000000] avg_r=  0.124 | h2h=229.6500 | br= 2.0063 | avg= 0.4211 | fc=0.412 |   2284 ep/s | 219.2m
[Ep  29750000/50000000] avg_r=  0.196 | h2h=229.6500 | br= 2.0048 | avg= 0.4213 | fc=0.346 |   2251 ep/s | 219.5m
[Ep  29800000/50000000] avg_r=  0.225 | h2h=229.6500 | br= 2.0061 | avg= 0.4224 | fc=0.375 |   2202 ep/s | 219.9m
[Ep  29850000/50000000] avg_r=  0.209 | h2h=229.6500 | br= 2.0036 | avg= 0.4205 | fc=0.404 |   2243 ep/s | 220.3m
[Ep  29900000/50000000] avg_r=  0.220 | h2h=229.6500 | br= 2.0048 | avg= 0.4201 | fc=0.426 |   2205 ep/s | 220.7m
[Ep  29950000/50000000] avg_r=  0.242 | h2h=229.6500 | br= 2.0064 | avg= 0.4215 | fc=0.410 |   2331 ep/s | 221.0m
[Ep  30000000/50000000] avg_r=  0.174 | h2h=229.6500 | br= 2.0022 | avg= 0.4207 | fc=0.391 |   2258 ep/s | 221.4m
[H2H] ep=30000000 | avg_reward=198.5500 over 1000 games
  >>> H2H WINRATE @ ep 30000000: 198.5500
  [CHECKPOINT] saved at ep 30000000
[snapshot] ep=30000000 -> /home/anthonyn/cos435/cpp-implementation/snapshots/holdem_64x64_mv_train_std_05/ep30000000
[Ep  30050000/50000000] avg_r=  0.180 | h2h=198.5500 | br= 2.0043 | avg= 0.4192 | fc=0.400 |    327 ep/s | 223.9m
[Ep  30100000/50000000] avg_r=  0.229 | h2h=198.5500 | br= 2.0047 | avg= 0.4202 | fc=0.404 |   2236 ep/s | 224.3m
[Ep  30150000/50000000] avg_r=  0.143 | h2h=198.5500 | br= 2.0080 | avg= 0.4197 | fc=0.408 |   2256 ep/s | 224.7m
[Ep  30200000/50000000] avg_r=  0.242 | h2h=198.5500 | br= 2.0073 | avg= 0.4205 | fc=0.406 |   2223 ep/s | 225.1m
[Ep  30250000/50000000] avg_r=  0.218 | h2h=198.5500 | br= 2.0080 | avg= 0.4202 | fc=0.426 |   2243 ep/s | 225.4m
[Ep  30300000/50000000] avg_r=  0.250 | h2h=198.5500 | br= 2.0060 | avg= 0.4197 | fc=0.416 |   2197 ep/s | 225.8m
[Ep  30350000/50000000] avg_r=  0.226 | h2h=198.5500 | br= 2.0082 | avg= 0.4184 | fc=0.377 |   2170 ep/s | 226.2m
[Ep  30400000/50000000] avg_r=  0.201 | h2h=198.5500 | br= 2.0056 | avg= 0.4191 | fc=0.402 |   2186 ep/s | 226.6m
[Ep  30450000/50000000] avg_r=  0.170 | h2h=198.5500 | br= 2.0029 | avg= 0.4181 | fc=0.422 |   2225 ep/s | 226.9m
[Ep  30500000/50000000] avg_r=  0.287 | h2h=198.5500 | br= 2.0039 | avg= 0.4184 | fc=0.432 |   2197 ep/s | 227.3m
[Ep  30550000/50000000] avg_r=  0.203 | h2h=198.5500 | br= 2.0054 | avg= 0.4181 | fc=0.414 |   2260 ep/s | 227.7m
[Ep  30600000/50000000] avg_r=  0.170 | h2h=198.5500 | br= 2.0016 | avg= 0.4186 | fc=0.424 |   2209 ep/s | 228.1m
[Ep  30650000/50000000] avg_r=  0.167 | h2h=198.5500 | br= 2.0039 | avg= 0.4190 | fc=0.377 |   2213 ep/s | 228.4m
[Ep  30700000/50000000] avg_r=  0.226 | h2h=198.5500 | br= 2.0020 | avg= 0.4191 | fc=0.344 |   2152 ep/s | 228.8m
[Ep  30750000/50000000] avg_r=  0.262 | h2h=198.5500 | br= 2.0018 | avg= 0.4206 | fc=0.426 |   2211 ep/s | 229.2m
[Ep  30800000/50000000] avg_r=  0.199 | h2h=198.5500 | br= 2.0090 | avg= 0.4185 | fc=0.334 |   2289 ep/s | 229.6m
[Ep  30850000/50000000] avg_r=  0.170 | h2h=198.5500 | br= 2.0044 | avg= 0.4187 | fc=0.379 |   2188 ep/s | 230.0m
[Ep  30900000/50000000] avg_r=  0.250 | h2h=198.5500 | br= 2.0055 | avg= 0.4175 | fc=0.406 |   2153 ep/s | 230.3m
[Ep  30950000/50000000] avg_r=  0.227 | h2h=198.5500 | br= 1.9990 | avg= 0.4167 | fc=0.416 |   2215 ep/s | 230.7m
[Ep  31000000/50000000] avg_r=  0.165 | h2h=198.5500 | br= 2.0054 | avg= 0.4184 | fc=0.395 |   2201 ep/s | 231.1m
[Ep  31050000/50000000] avg_r=  0.162 | h2h=198.5500 | br= 2.0059 | avg= 0.4169 | fc=0.400 |   2196 ep/s | 231.5m
[Ep  31100000/50000000] avg_r=  0.273 | h2h=198.5500 | br= 2.0068 | avg= 0.4160 | fc=0.371 |   2210 ep/s | 231.9m
[Ep  31150000/50000000] avg_r=  0.257 | h2h=198.5500 | br= 2.0041 | avg= 0.4170 | fc=0.355 |   2177 ep/s | 232.2m
[Ep  31200000/50000000] avg_r=  0.221 | h2h=198.5500 | br= 2.0042 | avg= 0.4153 | fc=0.389 |   2181 ep/s | 232.6m
[Ep  31250000/50000000] avg_r=  0.253 | h2h=198.5500 | br= 2.0033 | avg= 0.4170 | fc=0.371 |   2162 ep/s | 233.0m
[Ep  31300000/50000000] avg_r=  0.189 | h2h=198.5500 | br= 2.0027 | avg= 0.4163 | fc=0.432 |   2247 ep/s | 233.4m
[Ep  31350000/50000000] avg_r=  0.222 | h2h=198.5500 | br= 2.0059 | avg= 0.4179 | fc=0.416 |   2168 ep/s | 233.8m
[Ep  31400000/50000000] avg_r=  0.282 | h2h=198.5500 | br= 2.0019 | avg= 0.4184 | fc=0.398 |   2250 ep/s | 234.1m
[Ep  31450000/50000000] avg_r=  0.331 | h2h=198.5500 | br= 2.0048 | avg= 0.4171 | fc=0.385 |   2278 ep/s | 234.5m
[Ep  31500000/50000000] avg_r=  0.225 | h2h=198.5500 | br= 2.0034 | avg= 0.4176 | fc=0.395 |   2254 ep/s | 234.9m
[Ep  31550000/50000000] avg_r=  0.233 | h2h=198.5500 | br= 2.0055 | avg= 0.4179 | fc=0.410 |   2201 ep/s | 235.2m
[Ep  31600000/50000000] avg_r=  0.231 | h2h=198.5500 | br= 2.0050 | avg= 0.4172 | fc=0.379 |   2255 ep/s | 235.6m
[Ep  31650000/50000000] avg_r=  0.196 | h2h=198.5500 | br= 2.0069 | avg= 0.4154 | fc=0.389 |   2224 ep/s | 236.0m
[Ep  31700000/50000000] avg_r=  0.237 | h2h=198.5500 | br= 2.0056 | avg= 0.4166 | fc=0.393 |   2213 ep/s | 236.4m
[Ep  31750000/50000000] avg_r=  0.132 | h2h=198.5500 | br= 2.0046 | avg= 0.4167 | fc=0.410 |   2302 ep/s | 236.7m
[Ep  31800000/50000000] avg_r=  0.290 | h2h=198.5500 | br= 2.0031 | avg= 0.4158 | fc=0.373 |   2200 ep/s | 237.1m
[Ep  31850000/50000000] avg_r=  0.306 | h2h=198.5500 | br= 1.9977 | avg= 0.4151 | fc=0.359 |   2279 ep/s | 237.5m
[Ep  31900000/50000000] avg_r=  0.253 | h2h=198.5500 | br= 2.0045 | avg= 0.4156 | fc=0.447 |   2274 ep/s | 237.8m
[Ep  31950000/50000000] avg_r=  0.366 | h2h=198.5500 | br= 2.0007 | avg= 0.4149 | fc=0.375 |   2265 ep/s | 238.2m
[Ep  32000000/50000000] avg_r=  0.240 | h2h=198.5500 | br= 2.0018 | avg= 0.4165 | fc=0.381 |   2266 ep/s | 238.6m
[Ep  32050000/50000000] avg_r=  0.318 | h2h=198.5500 | br= 2.0033 | avg= 0.4159 | fc=0.340 |   2254 ep/s | 238.9m
[Ep  32100000/50000000] avg_r=  0.246 | h2h=198.5500 | br= 2.0078 | avg= 0.4139 | fc=0.400 |   2255 ep/s | 239.3m
[Ep  32150000/50000000] avg_r=  0.281 | h2h=198.5500 | br= 2.0035 | avg= 0.4143 | fc=0.389 |   2251 ep/s | 239.7m
[Ep  32200000/50000000] avg_r=  0.240 | h2h=198.5500 | br= 2.0009 | avg= 0.4136 | fc=0.375 |   2291 ep/s | 240.0m
[Ep  32250000/50000000] avg_r=  0.337 | h2h=198.5500 | br= 2.0058 | avg= 0.4158 | fc=0.359 |   2303 ep/s | 240.4m
[Ep  32300000/50000000] avg_r=  0.216 | h2h=198.5500 | br= 2.0070 | avg= 0.4141 | fc=0.354 |   2343 ep/s | 240.8m
[Ep  32350000/50000000] avg_r=  0.173 | h2h=198.5500 | br= 2.0043 | avg= 0.4149 | fc=0.348 |   2360 ep/s | 241.1m
[Ep  32400000/50000000] avg_r=  0.226 | h2h=198.5500 | br= 2.0028 | avg= 0.4152 | fc=0.396 |   2284 ep/s | 241.5m
[Ep  32450000/50000000] avg_r=  0.241 | h2h=198.5500 | br= 2.0030 | avg= 0.4159 | fc=0.365 |   2232 ep/s | 241.9m
[Ep  32500000/50000000] avg_r=  0.324 | h2h=198.5500 | br= 2.0038 | avg= 0.4168 | fc=0.365 |   2205 ep/s | 242.2m
[Ep  32550000/50000000] avg_r=  0.208 | h2h=198.5500 | br= 2.0080 | avg= 0.4141 | fc=0.369 |   2289 ep/s | 242.6m
[Ep  32600000/50000000] avg_r=  0.137 | h2h=198.5500 | br= 2.0048 | avg= 0.4127 | fc=0.404 |   2283 ep/s | 243.0m
[Ep  32650000/50000000] avg_r=  0.224 | h2h=198.5500 | br= 2.0006 | avg= 0.4134 | fc=0.424 |   2249 ep/s | 243.3m
[Ep  32700000/50000000] avg_r=  0.196 | h2h=198.5500 | br= 2.0050 | avg= 0.4139 | fc=0.400 |   2245 ep/s | 243.7m
[Ep  32750000/50000000] avg_r=  0.209 | h2h=198.5500 | br= 2.0061 | avg= 0.4146 | fc=0.352 |   2224 ep/s | 244.1m
[Ep  32800000/50000000] avg_r=  0.259 | h2h=198.5500 | br= 2.0051 | avg= 0.4137 | fc=0.395 |   2263 ep/s | 244.4m
[Ep  32850000/50000000] avg_r=  0.141 | h2h=198.5500 | br= 2.0065 | avg= 0.4148 | fc=0.395 |   2280 ep/s | 244.8m
[Ep  32900000/50000000] avg_r=  0.207 | h2h=198.5500 | br= 2.0025 | avg= 0.4145 | fc=0.365 |   2275 ep/s | 245.2m
[Ep  32950000/50000000] avg_r=  0.260 | h2h=198.5500 | br= 2.0034 | avg= 0.4150 | fc=0.428 |   2169 ep/s | 245.6m
[Ep  33000000/50000000] avg_r=  0.308 | h2h=198.5500 | br= 2.0051 | avg= 0.4140 | fc=0.381 |   2197 ep/s | 245.9m
[Ep  33050000/50000000] avg_r=  0.140 | h2h=198.5500 | br= 2.0025 | avg= 0.4151 | fc=0.389 |   2246 ep/s | 246.3m
[Ep  33100000/50000000] avg_r=  0.111 | h2h=198.5500 | br= 2.0026 | avg= 0.4149 | fc=0.414 |   2215 ep/s | 246.7m
[Ep  33150000/50000000] avg_r=  0.211 | h2h=198.5500 | br= 2.0059 | avg= 0.4158 | fc=0.371 |   2228 ep/s | 247.1m
[Ep  33200000/50000000] avg_r=  0.268 | h2h=198.5500 | br= 2.0029 | avg= 0.4150 | fc=0.391 |   2287 ep/s | 247.4m
[Ep  33250000/50000000] avg_r=  0.247 | h2h=198.5500 | br= 2.0035 | avg= 0.4140 | fc=0.387 |   2284 ep/s | 247.8m
[Ep  33300000/50000000] avg_r=  0.246 | h2h=198.5500 | br= 2.0031 | avg= 0.4148 | fc=0.363 |   2368 ep/s | 248.1m
[Ep  33350000/50000000] avg_r=  0.116 | h2h=198.5500 | br= 2.0035 | avg= 0.4152 | fc=0.350 |   2168 ep/s | 248.5m
[Ep  33400000/50000000] avg_r=  0.301 | h2h=198.5500 | br= 2.0100 | avg= 0.4151 | fc=0.393 |   2199 ep/s | 248.9m
[Ep  33450000/50000000] avg_r=  0.174 | h2h=198.5500 | br= 2.0091 | avg= 0.4143 | fc=0.395 |   2193 ep/s | 249.3m
[Ep  33500000/50000000] avg_r=  0.242 | h2h=198.5500 | br= 2.0065 | avg= 0.4135 | fc=0.369 |   2159 ep/s | 249.7m
[Ep  33550000/50000000] avg_r=  0.135 | h2h=198.5500 | br= 2.0047 | avg= 0.4131 | fc=0.422 |   2288 ep/s | 250.0m
[Ep  33600000/50000000] avg_r=  0.241 | h2h=198.5500 | br= 2.0059 | avg= 0.4151 | fc=0.375 |   2314 ep/s | 250.4m
[Ep  33650000/50000000] avg_r=  0.241 | h2h=198.5500 | br= 2.0085 | avg= 0.4143 | fc=0.389 |   2257 ep/s | 250.8m
[Ep  33700000/50000000] avg_r=  0.101 | h2h=198.5500 | br= 2.0072 | avg= 0.4135 | fc=0.383 |   2275 ep/s | 251.1m
[Ep  33750000/50000000] avg_r=  0.213 | h2h=198.5500 | br= 2.0069 | avg= 0.4143 | fc=0.371 |   2240 ep/s | 251.5m
[Ep  33800000/50000000] avg_r=  0.197 | h2h=198.5500 | br= 2.0086 | avg= 0.4131 | fc=0.402 |   2373 ep/s | 251.9m
[Ep  33850000/50000000] avg_r=  0.214 | h2h=198.5500 | br= 2.0043 | avg= 0.4139 | fc=0.404 |   2277 ep/s | 252.2m
[Ep  33900000/50000000] avg_r=  0.295 | h2h=198.5500 | br= 2.0057 | avg= 0.4139 | fc=0.402 |   2331 ep/s | 252.6m
[Ep  33950000/50000000] avg_r=  0.262 | h2h=198.5500 | br= 2.0041 | avg= 0.4131 | fc=0.398 |   2223 ep/s | 253.0m
[Ep  34000000/50000000] avg_r=  0.231 | h2h=198.5500 | br= 2.0016 | avg= 0.4146 | fc=0.406 |   2324 ep/s | 253.3m
[Ep  34050000/50000000] avg_r=  0.280 | h2h=198.5500 | br= 2.0017 | avg= 0.4124 | fc=0.408 |   2348 ep/s | 253.7m
[Ep  34100000/50000000] avg_r=  0.129 | h2h=198.5500 | br= 2.0049 | avg= 0.4139 | fc=0.393 |   2361 ep/s | 254.0m
[Ep  34150000/50000000] avg_r=  0.233 | h2h=198.5500 | br= 2.0061 | avg= 0.4140 | fc=0.375 |   2241 ep/s | 254.4m
[Ep  34200000/50000000] avg_r=  0.329 | h2h=198.5500 | br= 2.0120 | avg= 0.4117 | fc=0.352 |   2283 ep/s | 254.8m
[Ep  34250000/50000000] avg_r=  0.324 | h2h=198.5500 | br= 1.9934 | avg= 0.4108 | fc=0.402 |   2219 ep/s | 255.1m
[Ep  34300000/50000000] avg_r=  0.365 | h2h=198.5500 | br= 1.9449 | avg= 0.4123 | fc=0.438 |   2276 ep/s | 255.5m
[Ep  34350000/50000000] avg_r=  0.264 | h2h=198.5500 | br= 1.9377 | avg= 0.4100 | fc=0.375 |   2219 ep/s | 255.9m
[Ep  34400000/50000000] avg_r=  0.319 | h2h=198.5500 | br= 1.9381 | avg= 0.4109 | fc=0.406 |   2276 ep/s | 256.2m
[Ep  34450000/50000000] avg_r=  0.273 | h2h=198.5500 | br= 1.9376 | avg= 0.4132 | fc=0.416 |   2252 ep/s | 256.6m
[Ep  34500000/50000000] avg_r=  0.231 | h2h=198.5500 | br= 1.9334 | avg= 0.4127 | fc=0.410 |   2329 ep/s | 257.0m
[Ep  34550000/50000000] avg_r=  0.327 | h2h=198.5500 | br= 1.9365 | avg= 0.4122 | fc=0.424 |   2317 ep/s | 257.3m
[Ep  34600000/50000000] avg_r=  0.330 | h2h=198.5500 | br= 1.9401 | avg= 0.4111 | fc=0.400 |   2271 ep/s | 257.7m
[Ep  34650000/50000000] avg_r=  0.222 | h2h=198.5500 | br= 1.9352 | avg= 0.4122 | fc=0.410 |   2302 ep/s | 258.1m
[Ep  34700000/50000000] avg_r=  0.364 | h2h=198.5500 | br= 1.9320 | avg= 0.4103 | fc=0.410 |   2261 ep/s | 258.4m
[Ep  34750000/50000000] avg_r=  0.299 | h2h=198.5500 | br= 1.9303 | avg= 0.4107 | fc=0.385 |   2341 ep/s | 258.8m
[Ep  34800000/50000000] avg_r=  0.228 | h2h=198.5500 | br= 1.9309 | avg= 0.4140 | fc=0.387 |   2299 ep/s | 259.1m
[Ep  34850000/50000000] avg_r=  0.322 | h2h=198.5500 | br= 1.9364 | avg= 0.4162 | fc=0.414 |   2282 ep/s | 259.5m
[Ep  34900000/50000000] avg_r=  0.252 | h2h=198.5500 | br= 1.9338 | avg= 0.4124 | fc=0.352 |   2315 ep/s | 259.9m
[Ep  34950000/50000000] avg_r=  0.258 | h2h=198.5500 | br= 1.9350 | avg= 0.4145 | fc=0.387 |   2269 ep/s | 260.2m
[Ep  35000000/50000000] avg_r=  0.217 | h2h=198.5500 | br= 1.9344 | avg= 0.4135 | fc=0.438 |   2294 ep/s | 260.6m
[Ep  35050000/50000000] avg_r=  0.336 | h2h=198.5500 | br= 1.9342 | avg= 0.4129 | fc=0.412 |   2220 ep/s | 261.0m
[Ep  35100000/50000000] avg_r=  0.267 | h2h=198.5500 | br= 1.9337 | avg= 0.4135 | fc=0.365 |   2302 ep/s | 261.3m
[Ep  35150000/50000000] avg_r=  0.306 | h2h=198.5500 | br= 1.9389 | avg= 0.4122 | fc=0.377 |   2253 ep/s | 261.7m
[Ep  35200000/50000000] avg_r=  0.368 | h2h=198.5500 | br= 1.9382 | avg= 0.4128 | fc=0.436 |   2249 ep/s | 262.1m
[Ep  35250000/50000000] avg_r=  0.311 | h2h=198.5500 | br= 1.9360 | avg= 0.4138 | fc=0.389 |   2279 ep/s | 262.4m
[Ep  35300000/50000000] avg_r=  0.261 | h2h=198.5500 | br= 1.9329 | avg= 0.4141 | fc=0.404 |   2244 ep/s | 262.8m
[Ep  35350000/50000000] avg_r=  0.357 | h2h=198.5500 | br= 1.9357 | avg= 0.4118 | fc=0.404 |   2337 ep/s | 263.2m
[Ep  35400000/50000000] avg_r=  0.480 | h2h=198.5500 | br= 1.9337 | avg= 0.4124 | fc=0.344 |   2296 ep/s | 263.5m
[Ep  35450000/50000000] avg_r=  0.232 | h2h=198.5500 | br= 1.9328 | avg= 0.4152 | fc=0.398 |   2299 ep/s | 263.9m
[Ep  35500000/50000000] avg_r=  0.303 | h2h=198.5500 | br= 1.9338 | avg= 0.4143 | fc=0.400 |   2223 ep/s | 264.3m
[Ep  35550000/50000000] avg_r=  0.208 | h2h=198.5500 | br= 1.9336 | avg= 0.4159 | fc=0.416 |   2295 ep/s | 264.6m
[Ep  35600000/50000000] avg_r=  0.339 | h2h=198.5500 | br= 1.9348 | avg= 0.4141 | fc=0.428 |   2274 ep/s | 265.0m
[Ep  35650000/50000000] avg_r=  0.269 | h2h=198.5500 | br= 1.9330 | avg= 0.4153 | fc=0.416 |   2229 ep/s | 265.4m
[Ep  35700000/50000000] avg_r=  0.338 | h2h=198.5500 | br= 1.9350 | avg= 0.4143 | fc=0.400 |   2244 ep/s | 265.7m
[Ep  35750000/50000000] avg_r=  0.337 | h2h=198.5500 | br= 1.9344 | avg= 0.4141 | fc=0.402 |   2270 ep/s | 266.1m
[Ep  35800000/50000000] avg_r=  0.296 | h2h=198.5500 | br= 1.9328 | avg= 0.4144 | fc=0.369 |   2334 ep/s | 266.5m
[Ep  35850000/50000000] avg_r=  0.304 | h2h=198.5500 | br= 1.9327 | avg= 0.4164 | fc=0.420 |   2303 ep/s | 266.8m
[Ep  35900000/50000000] avg_r=  0.274 | h2h=198.5500 | br= 1.9312 | avg= 0.4144 | fc=0.396 |   2251 ep/s | 267.2m
[Ep  35950000/50000000] avg_r=  0.238 | h2h=198.5500 | br= 1.9362 | avg= 0.4158 | fc=0.455 |   2273 ep/s | 267.6m
[Ep  36000000/50000000] avg_r=  0.297 | h2h=198.5500 | br= 1.9315 | avg= 0.4140 | fc=0.393 |   2196 ep/s | 268.0m
[Ep  36050000/50000000] avg_r=  0.328 | h2h=198.5500 | br= 1.9357 | avg= 0.4139 | fc=0.395 |   2241 ep/s | 268.3m
[Ep  36100000/50000000] avg_r=  0.309 | h2h=198.5500 | br= 1.9337 | avg= 0.4164 | fc=0.400 |   2326 ep/s | 268.7m
[Ep  36150000/50000000] avg_r=  0.327 | h2h=198.5500 | br= 1.9351 | avg= 0.4163 | fc=0.438 |   2304 ep/s | 269.0m
[Ep  36200000/50000000] avg_r=  0.258 | h2h=198.5500 | br= 1.9358 | avg= 0.4149 | fc=0.416 |   2285 ep/s | 269.4m
[Ep  36250000/50000000] avg_r=  0.309 | h2h=198.5500 | br= 1.9325 | avg= 0.4132 | fc=0.410 |   2337 ep/s | 269.8m
[Ep  36300000/50000000] avg_r=  0.295 | h2h=198.5500 | br= 1.9326 | avg= 0.4156 | fc=0.434 |   2285 ep/s | 270.1m
[Ep  36350000/50000000] avg_r=  0.300 | h2h=198.5500 | br= 1.9336 | avg= 0.4151 | fc=0.393 |   2385 ep/s | 270.5m
[Ep  36400000/50000000] avg_r=  0.279 | h2h=198.5500 | br= 1.9331 | avg= 0.4164 | fc=0.434 |   2361 ep/s | 270.8m
[Ep  36450000/50000000] avg_r=  0.372 | h2h=198.5500 | br= 1.9346 | avg= 0.4124 | fc=0.389 |   2398 ep/s | 271.2m
[Ep  36500000/50000000] avg_r=  0.254 | h2h=198.5500 | br= 1.9325 | avg= 0.4134 | fc=0.375 |   2258 ep/s | 271.5m
[Ep  36550000/50000000] avg_r=  0.473 | h2h=198.5500 | br= 1.9344 | avg= 0.4143 | fc=0.395 |   2285 ep/s | 271.9m
[Ep  36600000/50000000] avg_r=  0.313 | h2h=198.5500 | br= 1.9376 | avg= 0.4142 | fc=0.393 |   2270 ep/s | 272.3m
[Ep  36650000/50000000] avg_r=  0.363 | h2h=198.5500 | br= 1.9350 | avg= 0.4141 | fc=0.383 |   2321 ep/s | 272.6m
[Ep  36700000/50000000] avg_r=  0.374 | h2h=198.5500 | br= 1.9366 | avg= 0.4136 | fc=0.387 |   2222 ep/s | 273.0m
[Ep  36750000/50000000] avg_r=  0.268 | h2h=198.5500 | br= 1.9339 | avg= 0.4146 | fc=0.438 |   2220 ep/s | 273.4m
[Ep  36800000/50000000] avg_r=  0.316 | h2h=198.5500 | br= 1.9352 | avg= 0.4141 | fc=0.357 |   2287 ep/s | 273.8m
[Ep  36850000/50000000] avg_r=  0.256 | h2h=198.5500 | br= 1.9351 | avg= 0.4146 | fc=0.393 |   2287 ep/s | 274.1m
[Ep  36900000/50000000] avg_r=  0.227 | h2h=198.5500 | br= 1.9342 | avg= 0.4147 | fc=0.393 |   2257 ep/s | 274.5m
[Ep  36950000/50000000] avg_r=  0.323 | h2h=198.5500 | br= 1.9354 | avg= 0.4134 | fc=0.424 |   2326 ep/s | 274.8m
[Ep  37000000/50000000] avg_r=  0.316 | h2h=198.5500 | br= 1.9360 | avg= 0.4149 | fc=0.410 |   2251 ep/s | 275.2m
[Ep  37050000/50000000] avg_r=  0.231 | h2h=198.5500 | br= 1.9401 | avg= 0.4147 | fc=0.398 |   2265 ep/s | 275.6m
[Ep  37100000/50000000] avg_r=  0.324 | h2h=198.5500 | br= 1.9340 | avg= 0.4147 | fc=0.369 |   2259 ep/s | 276.0m
[Ep  37150000/50000000] avg_r=  0.354 | h2h=198.5500 | br= 1.9332 | avg= 0.4138 | fc=0.387 |   2222 ep/s | 276.3m
[Ep  37200000/50000000] avg_r=  0.281 | h2h=198.5500 | br= 1.9353 | avg= 0.4143 | fc=0.391 |   2330 ep/s | 276.7m
[Ep  37250000/50000000] avg_r=  0.326 | h2h=198.5500 | br= 1.9303 | avg= 0.4152 | fc=0.383 |   2255 ep/s | 277.1m
[Ep  37300000/50000000] avg_r=  0.281 | h2h=198.5500 | br= 1.9348 | avg= 0.4156 | fc=0.400 |   2273 ep/s | 277.4m
[Ep  37350000/50000000] avg_r=  0.317 | h2h=198.5500 | br= 1.9357 | avg= 0.4142 | fc=0.422 |   2190 ep/s | 277.8m
[Ep  37400000/50000000] avg_r=  0.242 | h2h=198.5500 | br= 1.9316 | avg= 0.4151 | fc=0.434 |   2257 ep/s | 278.2m
[Ep  37450000/50000000] avg_r=  0.333 | h2h=198.5500 | br= 1.9357 | avg= 0.4148 | fc=0.389 |   2272 ep/s | 278.5m
[Ep  37500000/50000000] avg_r=  0.247 | h2h=198.5500 | br= 1.9320 | avg= 0.4155 | fc=0.381 |   2232 ep/s | 278.9m
[Ep  37550000/50000000] avg_r=  0.267 | h2h=198.5500 | br= 1.9325 | avg= 0.4152 | fc=0.393 |   2259 ep/s | 279.3m
[Ep  37600000/50000000] avg_r=  0.209 | h2h=198.5500 | br= 1.9319 | avg= 0.4169 | fc=0.420 |   2322 ep/s | 279.6m
[Ep  37650000/50000000] avg_r=  0.257 | h2h=198.5500 | br= 1.9327 | avg= 0.4159 | fc=0.398 |   2312 ep/s | 280.0m
[Ep  37700000/50000000] avg_r=  0.338 | h2h=198.5500 | br= 1.9333 | avg= 0.4152 | fc=0.391 |   2252 ep/s | 280.4m
[Ep  37750000/50000000] avg_r=  0.200 | h2h=198.5500 | br= 1.9353 | avg= 0.4154 | fc=0.381 |   2309 ep/s | 280.7m
[Ep  37800000/50000000] avg_r=  0.339 | h2h=198.5500 | br= 1.9345 | avg= 0.4167 | fc=0.393 |   2297 ep/s | 281.1m
[Ep  37850000/50000000] avg_r=  0.262 | h2h=198.5500 | br= 1.9279 | avg= 0.4160 | fc=0.379 |   2233 ep/s | 281.5m
[Ep  37900000/50000000] avg_r=  0.211 | h2h=198.5500 | br= 1.8545 | avg= 0.4161 | fc=0.406 |   2335 ep/s | 281.8m
[Ep  37950000/50000000] avg_r=  0.072 | h2h=198.5500 | br= 1.7754 | avg= 0.4166 | fc=0.408 |   2379 ep/s | 282.2m
[Ep  38000000/50000000] avg_r=  0.159 | h2h=198.5500 | br= 1.7406 | avg= 0.4169 | fc=0.463 |   2318 ep/s | 282.5m
[Ep  38050000/50000000] avg_r=  0.140 | h2h=198.5500 | br= 1.7455 | avg= 0.4174 | fc=0.396 |   2461 ep/s | 282.9m
[Ep  38100000/50000000] avg_r=  0.185 | h2h=198.5500 | br= 1.7451 | avg= 0.4182 | fc=0.396 |   2274 ep/s | 283.2m
[Ep  38150000/50000000] avg_r=  0.037 | h2h=198.5500 | br= 1.7433 | avg= 0.4174 | fc=0.387 |   2277 ep/s | 283.6m
[Ep  38200000/50000000] avg_r=  0.154 | h2h=198.5500 | br= 1.7441 | avg= 0.4167 | fc=0.422 |   2313 ep/s | 284.0m
[Ep  38250000/50000000] avg_r=  0.275 | h2h=198.5500 | br= 1.7453 | avg= 0.4187 | fc=0.383 |   2255 ep/s | 284.3m
[Ep  38300000/50000000] avg_r=  0.090 | h2h=198.5500 | br= 1.7419 | avg= 0.4173 | fc=0.396 |   2302 ep/s | 284.7m
[Ep  38350000/50000000] avg_r=  0.090 | h2h=198.5500 | br= 1.7408 | avg= 0.4193 | fc=0.373 |   2309 ep/s | 285.1m
[Ep  38400000/50000000] avg_r=  0.113 | h2h=198.5500 | br= 1.7425 | avg= 0.4178 | fc=0.434 |   2332 ep/s | 285.4m
[Ep  38450000/50000000] avg_r=  0.119 | h2h=198.5500 | br= 1.7387 | avg= 0.4179 | fc=0.402 |   2280 ep/s | 285.8m
[Ep  38500000/50000000] avg_r=  0.148 | h2h=198.5500 | br= 1.7416 | avg= 0.4194 | fc=0.391 |   2336 ep/s | 286.1m
[Ep  38550000/50000000] avg_r=  0.090 | h2h=198.5500 | br= 1.7415 | avg= 0.4188 | fc=0.385 |   2403 ep/s | 286.5m
[Ep  38600000/50000000] avg_r=  0.099 | h2h=198.5500 | br= 1.7389 | avg= 0.4204 | fc=0.430 |   2344 ep/s | 286.8m
[Ep  38650000/50000000] avg_r=  0.163 | h2h=198.5500 | br= 1.7379 | avg= 0.4214 | fc=0.406 |   2311 ep/s | 287.2m
[Ep  38700000/50000000] avg_r=  0.203 | h2h=198.5500 | br= 1.7377 | avg= 0.4193 | fc=0.361 |   2304 ep/s | 287.6m
[Ep  38750000/50000000] avg_r=  0.105 | h2h=198.5500 | br= 1.7387 | avg= 0.4214 | fc=0.396 |   2293 ep/s | 287.9m
[Ep  38800000/50000000] avg_r=  0.078 | h2h=198.5500 | br= 1.7385 | avg= 0.4214 | fc=0.367 |   2307 ep/s | 288.3m
[Ep  38850000/50000000] avg_r=  0.114 | h2h=198.5500 | br= 1.7443 | avg= 0.4198 | fc=0.402 |   2328 ep/s | 288.6m
[Ep  38900000/50000000] avg_r=  0.227 | h2h=198.5500 | br= 1.7444 | avg= 0.4209 | fc=0.389 |   2364 ep/s | 289.0m
[Ep  38950000/50000000] avg_r=  0.150 | h2h=198.5500 | br= 1.7456 | avg= 0.4214 | fc=0.363 |   2251 ep/s | 289.4m
[Ep  39000000/50000000] avg_r=  0.181 | h2h=198.5500 | br= 1.7424 | avg= 0.4221 | fc=0.404 |   2256 ep/s | 289.7m
[Ep  39050000/50000000] avg_r=  0.110 | h2h=198.5500 | br= 1.7410 | avg= 0.4199 | fc=0.377 |   2286 ep/s | 290.1m
[Ep  39100000/50000000] avg_r=  0.221 | h2h=198.5500 | br= 1.7386 | avg= 0.4210 | fc=0.350 |   2343 ep/s | 290.5m
[Ep  39150000/50000000] avg_r=  0.147 | h2h=198.5500 | br= 1.7400 | avg= 0.4222 | fc=0.418 |   2419 ep/s | 290.8m
[Ep  39200000/50000000] avg_r=  0.174 | h2h=198.5500 | br= 1.7418 | avg= 0.4215 | fc=0.387 |   2353 ep/s | 291.2m
[Ep  39250000/50000000] avg_r=  0.123 | h2h=198.5500 | br= 1.7364 | avg= 0.4229 | fc=0.402 |   2303 ep/s | 291.5m
[Ep  39300000/50000000] avg_r=  0.090 | h2h=198.5500 | br= 1.7397 | avg= 0.4213 | fc=0.398 |   2280 ep/s | 291.9m
[Ep  39350000/50000000] avg_r=  0.181 | h2h=198.5500 | br= 1.7387 | avg= 0.4226 | fc=0.406 |   2324 ep/s | 292.2m
[Ep  39400000/50000000] avg_r=  0.170 | h2h=198.5500 | br= 1.7336 | avg= 0.4224 | fc=0.426 |   2322 ep/s | 292.6m
[Ep  39450000/50000000] avg_r=  0.020 | h2h=198.5500 | br= 1.7386 | avg= 0.4228 | fc=0.395 |   2373 ep/s | 293.0m
[Ep  39500000/50000000] avg_r=  0.133 | h2h=198.5500 | br= 1.7364 | avg= 0.4234 | fc=0.432 |   2408 ep/s | 293.3m
[Ep  39550000/50000000] avg_r=  0.146 | h2h=198.5500 | br= 1.7382 | avg= 0.4232 | fc=0.404 |   2363 ep/s | 293.7m
[Ep  39600000/50000000] avg_r=  0.158 | h2h=198.5500 | br= 1.7433 | avg= 0.4236 | fc=0.363 |   2489 ep/s | 294.0m
[Ep  39650000/50000000] avg_r=  0.238 | h2h=198.5500 | br= 1.7407 | avg= 0.4229 | fc=0.377 |   2428 ep/s | 294.3m
[Ep  39700000/50000000] avg_r=  0.059 | h2h=198.5500 | br= 1.7420 | avg= 0.4230 | fc=0.408 |   2476 ep/s | 294.7m
[Ep  39750000/50000000] avg_r=  0.140 | h2h=198.5500 | br= 1.7429 | avg= 0.4225 | fc=0.391 |   2649 ep/s | 295.0m
[Ep  39800000/50000000] avg_r=  0.205 | h2h=198.5500 | br= 1.7370 | avg= 0.4245 | fc=0.371 |   2625 ep/s | 295.3m
[Ep  39850000/50000000] avg_r=  0.025 | h2h=198.5500 | br= 1.7397 | avg= 0.4256 | fc=0.396 |   2570 ep/s | 295.6m
[Ep  39900000/50000000] avg_r=  0.172 | h2h=198.5500 | br= 1.7439 | avg= 0.4245 | fc=0.430 |   2683 ep/s | 295.9m
[Ep  39950000/50000000] avg_r=  0.152 | h2h=198.5500 | br= 1.7457 | avg= 0.4251 | fc=0.379 |   2552 ep/s | 296.3m
[Ep  40000000/50000000] avg_r=  0.108 | h2h=198.5500 | br= 1.7446 | avg= 0.4247 | fc=0.414 |   2652 ep/s | 296.6m
[H2H] ep=40000000 | avg_reward=177.0500 over 1000 games
  >>> H2H WINRATE @ ep 40000000: 177.0500
  [CHECKPOINT] saved at ep 40000000
[snapshot] ep=40000000 -> /home/anthonyn/cos435/cpp-implementation/snapshots/holdem_64x64_mv_train_std_05/ep40000000
[Ep  40050000/50000000] avg_r=  0.131 | h2h=177.0500 | br= 1.7398 | avg= 0.4250 | fc=0.389 |    326 ep/s | 299.1m
[Ep  40100000/50000000] avg_r=  0.085 | h2h=177.0500 | br= 1.7380 | avg= 0.4247 | fc=0.402 |   2475 ep/s | 299.5m
[Ep  40150000/50000000] avg_r=  0.130 | h2h=177.0500 | br= 1.7384 | avg= 0.4242 | fc=0.414 |   2361 ep/s | 299.8m
[Ep  40200000/50000000] avg_r=  0.111 | h2h=177.0500 | br= 1.7383 | avg= 0.4239 | fc=0.404 |   2468 ep/s | 300.2m
[Ep  40250000/50000000] avg_r=  0.190 | h2h=177.0500 | br= 1.7410 | avg= 0.4254 | fc=0.408 |   2468 ep/s | 300.5m
[Ep  40300000/50000000] avg_r=  0.125 | h2h=177.0500 | br= 1.7405 | avg= 0.4254 | fc=0.406 |   2480 ep/s | 300.8m
[Ep  40350000/50000000] avg_r=  0.141 | h2h=177.0500 | br= 1.7389 | avg= 0.4241 | fc=0.383 |   2481 ep/s | 301.2m
[Ep  40400000/50000000] avg_r=  0.137 | h2h=177.0500 | br= 1.7404 | avg= 0.4257 | fc=0.400 |   2413 ep/s | 301.5m
[Ep  40450000/50000000] avg_r=  0.193 | h2h=177.0500 | br= 1.7395 | avg= 0.4257 | fc=0.377 |   2500 ep/s | 301.8m
[Ep  40500000/50000000] avg_r=  0.150 | h2h=177.0500 | br= 1.7434 | avg= 0.4243 | fc=0.402 |   2390 ep/s | 302.2m
[Ep  40550000/50000000] avg_r=  0.158 | h2h=177.0500 | br= 1.7393 | avg= 0.4250 | fc=0.389 |   2511 ep/s | 302.5m
[Ep  40600000/50000000] avg_r=  0.195 | h2h=177.0500 | br= 1.7412 | avg= 0.4249 | fc=0.389 |   2521 ep/s | 302.9m
[Ep  40650000/50000000] avg_r=  0.126 | h2h=177.0500 | br= 1.7413 | avg= 0.4260 | fc=0.385 |   2521 ep/s | 303.2m
[Ep  40700000/50000000] avg_r=  0.143 | h2h=177.0500 | br= 1.7420 | avg= 0.4244 | fc=0.406 |   2459 ep/s | 303.5m
[Ep  40750000/50000000] avg_r=  0.154 | h2h=177.0500 | br= 1.7399 | avg= 0.4247 | fc=0.408 |   2426 ep/s | 303.9m
[Ep  40800000/50000000] avg_r=  0.214 | h2h=177.0500 | br= 1.7394 | avg= 0.4271 | fc=0.404 |   2364 ep/s | 304.2m
[Ep  40850000/50000000] avg_r=  0.100 | h2h=177.0500 | br= 1.7401 | avg= 0.4276 | fc=0.367 |   2474 ep/s | 304.6m
[Ep  40900000/50000000] avg_r=  0.110 | h2h=177.0500 | br= 1.7411 | avg= 0.4261 | fc=0.418 |   2382 ep/s | 304.9m
[Ep  40950000/50000000] avg_r=  0.202 | h2h=177.0500 | br= 1.7392 | avg= 0.4250 | fc=0.385 |   2441 ep/s | 305.2m
[Ep  41000000/50000000] avg_r=  0.093 | h2h=177.0500 | br= 1.7394 | avg= 0.4267 | fc=0.412 |   2500 ep/s | 305.6m
[Ep  41050000/50000000] avg_r=  0.111 | h2h=177.0500 | br= 1.7417 | avg= 0.4261 | fc=0.395 |   2457 ep/s | 305.9m
[Ep  41100000/50000000] avg_r=  0.095 | h2h=177.0500 | br= 1.7410 | avg= 0.4259 | fc=0.381 |   2546 ep/s | 306.2m
[Ep  41150000/50000000] avg_r=  0.100 | h2h=177.0500 | br= 1.7397 | avg= 0.4274 | fc=0.400 |   2494 ep/s | 306.6m
[Ep  41200000/50000000] avg_r=  0.197 | h2h=177.0500 | br= 1.7450 | avg= 0.4263 | fc=0.410 |   2512 ep/s | 306.9m
[Ep  41250000/50000000] avg_r=  0.129 | h2h=177.0500 | br= 1.7427 | avg= 0.4256 | fc=0.428 |   2777 ep/s | 307.2m
[Ep  41300000/50000000] avg_r=  0.116 | h2h=177.0500 | br= 1.7374 | avg= 0.4275 | fc=0.406 |   2807 ep/s | 307.5m
[Ep  41350000/50000000] avg_r=  0.214 | h2h=177.0500 | br= 1.7405 | avg= 0.4273 | fc=0.385 |   2848 ep/s | 307.8m
[Ep  41400000/50000000] avg_r=  0.233 | h2h=177.0500 | br= 1.7393 | avg= 0.4286 | fc=0.406 |   3098 ep/s | 308.1m
[Ep  41450000/50000000] avg_r=  0.117 | h2h=177.0500 | br= 1.7392 | avg= 0.4270 | fc=0.379 |   2786 ep/s | 308.4m
[Ep  41500000/50000000] avg_r=  0.076 | h2h=177.0500 | br= 1.7431 | avg= 0.4279 | fc=0.410 |   2941 ep/s | 308.7m
[Ep  41550000/50000000] avg_r=  0.225 | h2h=177.0500 | br= 1.7398 | avg= 0.4264 | fc=0.387 |   2912 ep/s | 308.9m
[Ep  41600000/50000000] avg_r=  0.233 | h2h=177.0500 | br= 1.7335 | avg= 0.4256 | fc=0.428 |   3025 ep/s | 309.2m
[Ep  41650000/50000000] avg_r=  0.174 | h2h=177.0500 | br= 1.7362 | avg= 0.4267 | fc=0.393 |   3007 ep/s | 309.5m
[Ep  41700000/50000000] avg_r=  0.044 | h2h=177.0500 | br= 1.7408 | avg= 0.4275 | fc=0.418 |   2813 ep/s | 309.8m
[Ep  41750000/50000000] avg_r=  0.043 | h2h=177.0500 | br= 1.7402 | avg= 0.4263 | fc=0.410 |   2903 ep/s | 310.1m
[Ep  41800000/50000000] avg_r=  0.146 | h2h=177.0500 | br= 1.7463 | avg= 0.4274 | fc=0.396 |   2933 ep/s | 310.4m
[Ep  41850000/50000000] avg_r=  0.194 | h2h=177.0500 | br= 1.7408 | avg= 0.4255 | fc=0.379 |   2997 ep/s | 310.6m
[Ep  41900000/50000000] avg_r=  0.145 | h2h=177.0500 | br= 1.7448 | avg= 0.4256 | fc=0.387 |   3015 ep/s | 310.9m
[Ep  41950000/50000000] avg_r=  0.109 | h2h=177.0500 | br= 1.7414 | avg= 0.4278 | fc=0.393 |   2863 ep/s | 311.2m
[Ep  42000000/50000000] avg_r=  0.104 | h2h=177.0500 | br= 1.7402 | avg= 0.4284 | fc=0.420 |   2822 ep/s | 311.5m
[Ep  42050000/50000000] avg_r=  0.095 | h2h=177.0500 | br= 1.7373 | avg= 0.4279 | fc=0.363 |   2922 ep/s | 311.8m
[Ep  42100000/50000000] avg_r=  0.084 | h2h=177.0500 | br= 1.7383 | avg= 0.4297 | fc=0.400 |   2928 ep/s | 312.1m
[Ep  42150000/50000000] avg_r=  0.146 | h2h=177.0500 | br= 1.7398 | avg= 0.4270 | fc=0.410 |   2910 ep/s | 312.4m
[Ep  42200000/50000000] avg_r=  0.133 | h2h=177.0500 | br= 1.7370 | avg= 0.4268 | fc=0.398 |   2827 ep/s | 312.7m
[Ep  42250000/50000000] avg_r=  0.161 | h2h=177.0500 | br= 1.7405 | avg= 0.4273 | fc=0.408 |   2909 ep/s | 312.9m
[Ep  42300000/50000000] avg_r=  0.044 | h2h=177.0500 | br= 1.7423 | avg= 0.4278 | fc=0.383 |   2871 ep/s | 313.2m
[Ep  42350000/50000000] avg_r=  0.102 | h2h=177.0500 | br= 1.7376 | avg= 0.4286 | fc=0.422 |   2906 ep/s | 313.5m
[Ep  42400000/50000000] avg_r=  0.115 | h2h=177.0500 | br= 1.7386 | avg= 0.4290 | fc=0.385 |   2898 ep/s | 313.8m
[Ep  42450000/50000000] avg_r=  0.103 | h2h=177.0500 | br= 1.7362 | avg= 0.4280 | fc=0.408 |   2928 ep/s | 314.1m
[Ep  42500000/50000000] avg_r=  0.225 | h2h=177.0500 | br= 1.7388 | avg= 0.4279 | fc=0.430 |   2869 ep/s | 314.4m
[Ep  42550000/50000000] avg_r=  0.158 | h2h=177.0500 | br= 1.7437 | avg= 0.4279 | fc=0.379 |   2889 ep/s | 314.7m
[Ep  42600000/50000000] avg_r=  0.114 | h2h=177.0500 | br= 1.7418 | avg= 0.4287 | fc=0.375 |   2839 ep/s | 315.0m
[Ep  42650000/50000000] avg_r=  0.194 | h2h=177.0500 | br= 1.7402 | avg= 0.4252 | fc=0.432 |   2861 ep/s | 315.3m
[Ep  42700000/50000000] avg_r=  0.186 | h2h=177.0500 | br= 1.7403 | avg= 0.4279 | fc=0.418 |   2877 ep/s | 315.5m
[Ep  42750000/50000000] avg_r=  0.194 | h2h=177.0500 | br= 1.7350 | avg= 0.4275 | fc=0.428 |   2981 ep/s | 315.8m
[Ep  42800000/50000000] avg_r=  0.027 | h2h=177.0500 | br= 1.7382 | avg= 0.4278 | fc=0.348 |   2956 ep/s | 316.1m
[Ep  42850000/50000000] avg_r=  0.149 | h2h=177.0500 | br= 1.7416 | avg= 0.4287 | fc=0.416 |   2947 ep/s | 316.4m
[Ep  42900000/50000000] avg_r=  0.186 | h2h=177.0500 | br= 1.7405 | avg= 0.4283 | fc=0.410 |   2931 ep/s | 316.7m
[Ep  42950000/50000000] avg_r=  0.192 | h2h=177.0500 | br= 1.7395 | avg= 0.4271 | fc=0.443 |   2812 ep/s | 317.0m
[Ep  43000000/50000000] avg_r=  0.100 | h2h=177.0500 | br= 1.7395 | avg= 0.4268 | fc=0.391 |   3210 ep/s | 317.2m
[Ep  43050000/50000000] avg_r=  0.181 | h2h=177.0500 | br= 1.7424 | avg= 0.4263 | fc=0.410 |   3096 ep/s | 317.5m
[Ep  43100000/50000000] avg_r=  0.070 | h2h=177.0500 | br= 1.7387 | avg= 0.4296 | fc=0.398 |   3074 ep/s | 317.8m
[Ep  43150000/50000000] avg_r=  0.113 | h2h=177.0500 | br= 1.7396 | avg= 0.4268 | fc=0.430 |   3177 ep/s | 318.0m
[Ep  43200000/50000000] avg_r=  0.096 | h2h=177.0500 | br= 1.7415 | avg= 0.4277 | fc=0.416 |   3145 ep/s | 318.3m
[Ep  43250000/50000000] avg_r=  0.153 | h2h=177.0500 | br= 1.7428 | avg= 0.4289 | fc=0.428 |   3134 ep/s | 318.6m
[Ep  43300000/50000000] avg_r=  0.118 | h2h=177.0500 | br= 1.7373 | avg= 0.4277 | fc=0.412 |   3081 ep/s | 318.8m
[Ep  43350000/50000000] avg_r=  0.121 | h2h=177.0500 | br= 1.7391 | avg= 0.4282 | fc=0.416 |   3036 ep/s | 319.1m
[Ep  43400000/50000000] avg_r=  0.127 | h2h=177.0500 | br= 1.7394 | avg= 0.4294 | fc=0.369 |   3257 ep/s | 319.4m
[Ep  43450000/50000000] avg_r=  0.065 | h2h=177.0500 | br= 1.7398 | avg= 0.4286 | fc=0.359 |   3012 ep/s | 319.6m
[Ep  43500000/50000000] avg_r=  0.063 | h2h=177.0500 | br= 1.7404 | avg= 0.4275 | fc=0.387 |   3157 ep/s | 319.9m
[Ep  43550000/50000000] avg_r=  0.108 | h2h=177.0500 | br= 1.7389 | avg= 0.4282 | fc=0.387 |   3290 ep/s | 320.2m
[Ep  43600000/50000000] avg_r=  0.211 | h2h=177.0500 | br= 1.7431 | avg= 0.4284 | fc=0.375 |   3069 ep/s | 320.4m
[Ep  43650000/50000000] avg_r=  0.133 | h2h=177.0500 | br= 1.7471 | avg= 0.4275 | fc=0.391 |   3134 ep/s | 320.7m
[Ep  43700000/50000000] avg_r=  0.236 | h2h=177.0500 | br= 1.7427 | avg= 0.4259 | fc=0.424 |   3084 ep/s | 321.0m
[Ep  43750000/50000000] avg_r=  0.088 | h2h=177.0500 | br= 1.7420 | avg= 0.4301 | fc=0.389 |   3313 ep/s | 321.2m
[Ep  43800000/50000000] avg_r=  0.190 | h2h=177.0500 | br= 1.7383 | avg= 0.4270 | fc=0.422 |   3142 ep/s | 321.5m
[Ep  43850000/50000000] avg_r=  0.069 | h2h=177.0500 | br= 1.7368 | avg= 0.4275 | fc=0.422 |   3192 ep/s | 321.7m
[Ep  43900000/50000000] avg_r=  0.138 | h2h=177.0500 | br= 1.7387 | avg= 0.4271 | fc=0.379 |   3142 ep/s | 322.0m
[Ep  43950000/50000000] avg_r=  0.034 | h2h=177.0500 | br= 1.7342 | avg= 0.4292 | fc=0.406 |   3216 ep/s | 322.3m
[Ep  44000000/50000000] avg_r=  0.206 | h2h=177.0500 | br= 1.7383 | avg= 0.4277 | fc=0.367 |   3146 ep/s | 322.5m
[Ep  44050000/50000000] avg_r=  0.140 | h2h=177.0500 | br= 1.7388 | avg= 0.4272 | fc=0.416 |   3170 ep/s | 322.8m
[Ep  44100000/50000000] avg_r=  0.089 | h2h=177.0500 | br= 1.7368 | avg= 0.4271 | fc=0.422 |   3293 ep/s | 323.0m
[Ep  44150000/50000000] avg_r=  0.186 | h2h=177.0500 | br= 1.7362 | avg= 0.4279 | fc=0.373 |   3614 ep/s | 323.3m
[Ep  44200000/50000000] avg_r=  0.116 | h2h=177.0500 | br= 1.7378 | avg= 0.4286 | fc=0.371 |   3601 ep/s | 323.5m
[Ep  44250000/50000000] avg_r=  0.174 | h2h=177.0500 | br= 1.7383 | avg= 0.4297 | fc=0.383 |   3647 ep/s | 323.7m
[Ep  44300000/50000000] avg_r=  0.090 | h2h=177.0500 | br= 1.7412 | avg= 0.4290 | fc=0.400 |   3556 ep/s | 324.0m
[Ep  44350000/50000000] avg_r=  0.153 | h2h=177.0500 | br= 1.7408 | avg= 0.4298 | fc=0.389 |   3647 ep/s | 324.2m
[Ep  44400000/50000000] avg_r=  0.096 | h2h=177.0500 | br= 1.7391 | avg= 0.4302 | fc=0.365 |   3626 ep/s | 324.4m
[Ep  44450000/50000000] avg_r=  0.120 | h2h=177.0500 | br= 1.7397 | avg= 0.4281 | fc=0.420 |   3683 ep/s | 324.7m
[Ep  44500000/50000000] avg_r=  0.139 | h2h=177.0500 | br= 1.7415 | avg= 0.4285 | fc=0.420 |   3629 ep/s | 324.9m
[Ep  44550000/50000000] avg_r=  0.173 | h2h=177.0500 | br= 1.7431 | avg= 0.4291 | fc=0.375 |   3641 ep/s | 325.1m
[Ep  44600000/50000000] avg_r=  0.142 | h2h=177.0500 | br= 1.7388 | avg= 0.4294 | fc=0.404 |   3731 ep/s | 325.3m
[Ep  44650000/50000000] avg_r=  0.095 | h2h=177.0500 | br= 1.7391 | avg= 0.4281 | fc=0.410 |   3750 ep/s | 325.6m
[Ep  44700000/50000000] avg_r=  0.134 | h2h=177.0500 | br= 1.7370 | avg= 0.4300 | fc=0.400 |   3749 ep/s | 325.8m
[Ep  44750000/50000000] avg_r=  0.023 | h2h=177.0500 | br= 1.7370 | avg= 0.4282 | fc=0.371 |   3779 ep/s | 326.0m
[Ep  44800000/50000000] avg_r=  0.111 | h2h=177.0500 | br= 1.7419 | avg= 0.4292 | fc=0.377 |   3771 ep/s | 326.2m
[Ep  44850000/50000000] avg_r=  0.129 | h2h=177.0500 | br= 1.7416 | avg= 0.4287 | fc=0.377 |   3701 ep/s | 326.4m
[Ep  44900000/50000000] avg_r=  0.196 | h2h=177.0500 | br= 1.7400 | avg= 0.4283 | fc=0.424 |   3653 ep/s | 326.7m
[Ep  44950000/50000000] avg_r=  0.141 | h2h=177.0500 | br= 1.7376 | avg= 0.4290 | fc=0.391 |   3756 ep/s | 326.9m
[Ep  45000000/50000000] avg_r=  0.134 | h2h=177.0500 | br= 1.7398 | avg= 0.4290 | fc=0.410 |   3738 ep/s | 327.1m
[Ep  45050000/50000000] avg_r=  0.133 | h2h=177.0500 | br= 1.7403 | avg= 0.4289 | fc=0.412 |   3845 ep/s | 327.3m
[Ep  45100000/50000000] avg_r=  0.176 | h2h=177.0500 | br= 1.7418 | avg= 0.4281 | fc=0.402 |   3790 ep/s | 327.6m
[Ep  45150000/50000000] avg_r=  0.155 | h2h=177.0500 | br= 1.7362 | avg= 0.4281 | fc=0.354 |   3597 ep/s | 327.8m
[Ep  45200000/50000000] avg_r=  0.061 | h2h=177.0500 | br= 1.7404 | avg= 0.4270 | fc=0.375 |   3726 ep/s | 328.0m
[Ep  45250000/50000000] avg_r=  0.190 | h2h=177.0500 | br= 1.7415 | avg= 0.4286 | fc=0.395 |   3817 ep/s | 328.2m
[Ep  45300000/50000000] avg_r=  0.108 | h2h=177.0500 | br= 1.7410 | avg= 0.4299 | fc=0.395 |   3764 ep/s | 328.5m
[Ep  45350000/50000000] avg_r=  0.185 | h2h=177.0500 | br= 1.7372 | avg= 0.4286 | fc=0.402 |   3797 ep/s | 328.7m
[Ep  45400000/50000000] avg_r=  0.133 | h2h=177.0500 | br= 1.7406 | avg= 0.4294 | fc=0.395 |   3786 ep/s | 328.9m
[Ep  45450000/50000000] avg_r=  0.192 | h2h=177.0500 | br= 1.7383 | avg= 0.4299 | fc=0.439 |   3725 ep/s | 329.1m
[Ep  45500000/50000000] avg_r=  0.137 | h2h=177.0500 | br= 1.7357 | avg= 0.4278 | fc=0.398 |   3677 ep/s | 329.3m
[Ep  45550000/50000000] avg_r=  0.215 | h2h=177.0500 | br= 1.7383 | avg= 0.4290 | fc=0.383 |   3705 ep/s | 329.6m
[Ep  45600000/50000000] avg_r=  0.155 | h2h=177.0500 | br= 1.7407 | avg= 0.4268 | fc=0.406 |   3744 ep/s | 329.8m
[Ep  45650000/50000000] avg_r=  0.188 | h2h=177.0500 | br= 1.7414 | avg= 0.4289 | fc=0.402 |   3780 ep/s | 330.0m
[Ep  45700000/50000000] avg_r=  0.090 | h2h=177.0500 | br= 1.7429 | avg= 0.4278 | fc=0.418 |   3793 ep/s | 330.2m
[Ep  45750000/50000000] avg_r=  0.161 | h2h=177.0500 | br= 1.7398 | avg= 0.4279 | fc=0.383 |   3732 ep/s | 330.5m
[Ep  45800000/50000000] avg_r=  0.151 | h2h=177.0500 | br= 1.7371 | avg= 0.4295 | fc=0.402 |   3655 ep/s | 330.7m
[Ep  45850000/50000000] avg_r=  0.149 | h2h=177.0500 | br= 1.7381 | avg= 0.4278 | fc=0.404 |   3809 ep/s | 330.9m
[Ep  45900000/50000000] avg_r=  0.130 | h2h=177.0500 | br= 1.7408 | avg= 0.4280 | fc=0.400 |   3683 ep/s | 331.1m
[Ep  45950000/50000000] avg_r=  0.114 | h2h=177.0500 | br= 1.7368 | avg= 0.4285 | fc=0.408 |   3680 ep/s | 331.4m
[Ep  46000000/50000000] avg_r=  0.180 | h2h=177.0500 | br= 1.7398 | avg= 0.4285 | fc=0.410 |   3773 ep/s | 331.6m
[Ep  46050000/50000000] avg_r=  0.204 | h2h=177.0500 | br= 1.7408 | avg= 0.4283 | fc=0.416 |   3805 ep/s | 331.8m
[Ep  46100000/50000000] avg_r=  0.110 | h2h=177.0500 | br= 1.7371 | avg= 0.4280 | fc=0.391 |   3751 ep/s | 332.0m
[Ep  46150000/50000000] avg_r=  0.141 | h2h=177.0500 | br= 1.7365 | avg= 0.4273 | fc=0.408 |   3722 ep/s | 332.2m
[Ep  46200000/50000000] avg_r=  0.144 | h2h=177.0500 | br= 1.7366 | avg= 0.4281 | fc=0.395 |   3737 ep/s | 332.5m
[Ep  46250000/50000000] avg_r=  0.153 | h2h=177.0500 | br= 1.7399 | avg= 0.4281 | fc=0.406 |   3803 ep/s | 332.7m
[Ep  46300000/50000000] avg_r=  0.142 | h2h=177.0500 | br= 1.7360 | avg= 0.4274 | fc=0.332 |   3835 ep/s | 332.9m
[Ep  46350000/50000000] avg_r=  0.070 | h2h=177.0500 | br= 1.7400 | avg= 0.4269 | fc=0.404 |   3862 ep/s | 333.1m
[Ep  46400000/50000000] avg_r=  0.188 | h2h=177.0500 | br= 1.7412 | avg= 0.4279 | fc=0.367 |   3832 ep/s | 333.3m
[Ep  46450000/50000000] avg_r=  0.229 | h2h=177.0500 | br= 1.7385 | avg= 0.4287 | fc=0.379 |   3816 ep/s | 333.6m
[Ep  46500000/50000000] avg_r=  0.121 | h2h=177.0500 | br= 1.7398 | avg= 0.4285 | fc=0.398 |   3834 ep/s | 333.8m
[Ep  46550000/50000000] avg_r=  0.168 | h2h=177.0500 | br= 1.7364 | avg= 0.4260 | fc=0.402 |   3825 ep/s | 334.0m
[Ep  46600000/50000000] avg_r=  0.233 | h2h=177.0500 | br= 1.7391 | avg= 0.4276 | fc=0.418 |   3832 ep/s | 334.2m
[Ep  46650000/50000000] avg_r=  0.138 | h2h=177.0500 | br= 1.7404 | avg= 0.4280 | fc=0.385 |   3831 ep/s | 334.4m
[Ep  46700000/50000000] avg_r=  0.257 | h2h=177.0500 | br= 1.7388 | avg= 0.4274 | fc=0.365 |   3822 ep/s | 334.6m
[Ep  46750000/50000000] avg_r=  0.160 | h2h=177.0500 | br= 1.7407 | avg= 0.4274 | fc=0.408 |   3804 ep/s | 334.9m
[Ep  46800000/50000000] avg_r=  0.112 | h2h=177.0500 | br= 1.7392 | avg= 0.4274 | fc=0.379 |   3830 ep/s | 335.1m
[Ep  46850000/50000000] avg_r=  0.135 | h2h=177.0500 | br= 1.7386 | avg= 0.4279 | fc=0.459 |   3862 ep/s | 335.3m
[Ep  46900000/50000000] avg_r=  0.119 | h2h=177.0500 | br= 1.7410 | avg= 0.4276 | fc=0.420 |   3812 ep/s | 335.5m
[Ep  46950000/50000000] avg_r=  0.059 | h2h=177.0500 | br= 1.7386 | avg= 0.4288 | fc=0.408 |   3816 ep/s | 335.7m
[Ep  47000000/50000000] avg_r=  0.189 | h2h=177.0500 | br= 1.7418 | avg= 0.4278 | fc=0.393 |   3814 ep/s | 335.9m
[Ep  47050000/50000000] avg_r=  0.149 | h2h=177.0500 | br= 1.7381 | avg= 0.4260 | fc=0.410 |   4591 ep/s | 336.1m
[Ep  47100000/50000000] avg_r=  0.180 | h2h=177.0500 | br= 1.7351 | avg= 0.4271 | fc=0.336 |   6520 ep/s | 336.3m
[Ep  47150000/50000000] avg_r=  0.067 | h2h=177.0500 | br= 1.7381 | avg= 0.4268 | fc=0.387 |   6513 ep/s | 336.4m
[Ep  47200000/50000000] avg_r=  0.149 | h2h=177.0500 | br= 1.7363 | avg= 0.4288 | fc=0.336 |   6537 ep/s | 336.5m
[Ep  47250000/50000000] avg_r=  0.161 | h2h=177.0500 | br= 1.7375 | avg= 0.4275 | fc=0.396 |   6607 ep/s | 336.6m
[Ep  47300000/50000000] avg_r=  0.060 | h2h=177.0500 | br= 1.7377 | avg= 0.4272 | fc=0.383 |   6517 ep/s | 336.8m
[Ep  47350000/50000000] avg_r=  0.165 | h2h=177.0500 | br= 1.7426 | avg= 0.4266 | fc=0.400 |   6623 ep/s | 336.9m
[Ep  47400000/50000000] avg_r=  0.114 | h2h=177.0500 | br= 1.7414 | avg= 0.4296 | fc=0.418 |   6965 ep/s | 337.0m
[Ep  47450000/50000000] avg_r=  0.127 | h2h=177.0500 | br= 1.7463 | avg= 0.4267 | fc=0.363 |   7012 ep/s | 337.1m
[Ep  47500000/50000000] avg_r=  0.133 | h2h=177.0500 | br= 1.7423 | avg= 0.4264 | fc=0.383 |   6895 ep/s | 337.3m
[Ep  47550000/50000000] avg_r=  0.152 | h2h=177.0500 | br= 1.7427 | avg= 0.4277 | fc=0.369 |   6954 ep/s | 337.4m
[Ep  47600000/50000000] avg_r=  0.131 | h2h=177.0500 | br= 1.7409 | avg= 0.4276 | fc=0.385 |   6960 ep/s | 337.5m
[Ep  47650000/50000000] avg_r=  0.221 | h2h=177.0500 | br= 1.7425 | avg= 0.4288 | fc=0.385 |   6962 ep/s | 337.6m
[Ep  47700000/50000000] avg_r=  0.098 | h2h=177.0500 | br= 1.7402 | avg= 0.4282 | fc=0.416 |   6823 ep/s | 337.7m
[Ep  47750000/50000000] avg_r=  0.172 | h2h=177.0500 | br= 1.7369 | avg= 0.4260 | fc=0.389 |   6907 ep/s | 337.9m
[Ep  47800000/50000000] avg_r=  0.285 | h2h=177.0500 | br= 1.7347 | avg= 0.4292 | fc=0.377 |   6999 ep/s | 338.0m
[Ep  47850000/50000000] avg_r=  0.038 | h2h=177.0500 | br= 1.7402 | avg= 0.4260 | fc=0.424 |   7102 ep/s | 338.1m
[Ep  47900000/50000000] avg_r=  0.149 | h2h=177.0500 | br= 1.7380 | avg= 0.4260 | fc=0.385 |   7145 ep/s | 338.2m
[Ep  47950000/50000000] avg_r=  0.155 | h2h=177.0500 | br= 1.7400 | avg= 0.4268 | fc=0.404 |   7067 ep/s | 338.3m
[Ep  48000000/50000000] avg_r=  0.172 | h2h=177.0500 | br= 1.7401 | avg= 0.4282 | fc=0.377 |   6939 ep/s | 338.4m
[Ep  48050000/50000000] avg_r=  0.128 | h2h=177.0500 | br= 1.7385 | avg= 0.4277 | fc=0.422 |   7036 ep/s | 338.6m
[Ep  48100000/50000000] avg_r=  0.249 | h2h=177.0500 | br= 1.7415 | avg= 0.4285 | fc=0.385 |   7083 ep/s | 338.7m
[Ep  48150000/50000000] avg_r=  0.090 | h2h=177.0500 | br= 1.7400 | avg= 0.4274 | fc=0.418 |   6958 ep/s | 338.8m
[Ep  48200000/50000000] avg_r=  0.058 | h2h=177.0500 | br= 1.7376 | avg= 0.4293 | fc=0.396 |   6950 ep/s | 338.9m
[Ep  48250000/50000000] avg_r=  0.107 | h2h=177.0500 | br= 1.7389 | avg= 0.4270 | fc=0.354 |   6966 ep/s | 339.0m
[Ep  48300000/50000000] avg_r=  0.088 | h2h=177.0500 | br= 1.7434 | avg= 0.4291 | fc=0.400 |   7090 ep/s | 339.2m
[Ep  48350000/50000000] avg_r=  0.127 | h2h=177.0500 | br= 1.7398 | avg= 0.4276 | fc=0.402 |   7027 ep/s | 339.3m
[Ep  48400000/50000000] avg_r=  0.123 | h2h=177.0500 | br= 1.7391 | avg= 0.4273 | fc=0.408 |   7024 ep/s | 339.4m
[Ep  48450000/50000000] avg_r=  0.152 | h2h=177.0500 | br= 1.7381 | avg= 0.4310 | fc=0.393 |   7085 ep/s | 339.5m
[Ep  48500000/50000000] avg_r=  0.095 | h2h=177.0500 | br= 1.7364 | avg= 0.4268 | fc=0.383 |   7066 ep/s | 339.6m
[Ep  48550000/50000000] avg_r=  0.134 | h2h=177.0500 | br= 1.7374 | avg= 0.4279 | fc=0.408 |   7081 ep/s | 339.7m
[Ep  48600000/50000000] avg_r=  0.205 | h2h=177.0500 | br= 1.7350 | avg= 0.4271 | fc=0.395 |   6990 ep/s | 339.9m
[Ep  48650000/50000000] avg_r=  0.138 | h2h=177.0500 | br= 1.7387 | avg= 0.4248 | fc=0.426 |   6986 ep/s | 340.0m
[Ep  48700000/50000000] avg_r=  0.242 | h2h=177.0500 | br= 1.7332 | avg= 0.4285 | fc=0.361 |   7153 ep/s | 340.1m
[Ep  48750000/50000000] avg_r=  0.123 | h2h=177.0500 | br= 1.7413 | avg= 0.4292 | fc=0.404 |   7133 ep/s | 340.2m
[Ep  48800000/50000000] avg_r=  0.094 | h2h=177.0500 | br= 1.7404 | avg= 0.4251 | fc=0.383 |   6930 ep/s | 340.3m
[Ep  48850000/50000000] avg_r=  0.144 | h2h=177.0500 | br= 1.7406 | avg= 0.4278 | fc=0.422 |   6989 ep/s | 340.5m
[Ep  48900000/50000000] avg_r=  0.103 | h2h=177.0500 | br= 1.7389 | avg= 0.4279 | fc=0.400 |   6953 ep/s | 340.6m
[Ep  48950000/50000000] avg_r=  0.094 | h2h=177.0500 | br= 1.7400 | avg= 0.4275 | fc=0.352 |   6989 ep/s | 340.7m
[Ep  49000000/50000000] avg_r=  0.258 | h2h=177.0500 | br= 1.7411 | avg= 0.4266 | fc=0.359 |   6878 ep/s | 340.8m
[Ep  49050000/50000000] avg_r=  0.155 | h2h=177.0500 | br= 1.7441 | avg= 0.4274 | fc=0.434 |   6934 ep/s | 340.9m
[Ep  49100000/50000000] avg_r=  0.149 | h2h=177.0500 | br= 1.7406 | avg= 0.4251 | fc=0.371 |   7095 ep/s | 341.1m
[Ep  49150000/50000000] avg_r=  0.145 | h2h=177.0500 | br= 1.7437 | avg= 0.4271 | fc=0.379 |   7103 ep/s | 341.2m
[Ep  49200000/50000000] avg_r=  0.194 | h2h=177.0500 | br= 1.7429 | avg= 0.4263 | fc=0.395 |   7042 ep/s | 341.3m
[Ep  49250000/50000000] avg_r=  0.174 | h2h=177.0500 | br= 1.7459 | avg= 0.4271 | fc=0.389 |   7185 ep/s | 341.4m
[Ep  49300000/50000000] avg_r=  0.151 | h2h=177.0500 | br= 1.7421 | avg= 0.4262 | fc=0.379 |   7102 ep/s | 341.5m
[Ep  49350000/50000000] avg_r=  0.228 | h2h=177.0500 | br= 1.7422 | avg= 0.4268 | fc=0.432 |   7108 ep/s | 341.6m
[Ep  49400000/50000000] avg_r=  0.055 | h2h=177.0500 | br= 1.7394 | avg= 0.4281 | fc=0.426 |   7062 ep/s | 341.8m
[Ep  49450000/50000000] avg_r=  0.165 | h2h=177.0500 | br= 1.7384 | avg= 0.4250 | fc=0.422 |   6944 ep/s | 341.9m
[Ep  49500000/50000000] avg_r=  0.125 | h2h=177.0500 | br= 1.7403 | avg= 0.4264 | fc=0.383 |   7106 ep/s | 342.0m
[Ep  49550000/50000000] avg_r=  0.222 | h2h=177.0500 | br= 1.7414 | avg= 0.4279 | fc=0.393 |   7000 ep/s | 342.1m
[Ep  49600000/50000000] avg_r=  0.131 | h2h=177.0500 | br= 1.7408 | avg= 0.4278 | fc=0.379 |   7128 ep/s | 342.2m
[Ep  49650000/50000000] avg_r=  0.071 | h2h=177.0500 | br= 1.7356 | avg= 0.4268 | fc=0.398 |   7068 ep/s | 342.4m
[Ep  49700000/50000000] avg_r=  0.138 | h2h=177.0500 | br= 1.7402 | avg= 0.4263 | fc=0.395 |   7101 ep/s | 342.5m
[Ep  49750000/50000000] avg_r=  0.184 | h2h=177.0500 | br= 1.7425 | avg= 0.4278 | fc=0.389 |   6999 ep/s | 342.6m
[Ep  49800000/50000000] avg_r=  0.086 | h2h=177.0500 | br= 1.7400 | avg= 0.4271 | fc=0.439 |   7040 ep/s | 342.7m
[Ep  49850000/50000000] avg_r=  0.154 | h2h=177.0500 | br= 1.7394 | avg= 0.4257 | fc=0.430 |   7004 ep/s | 342.8m
[Ep  49900000/50000000] avg_r=  0.192 | h2h=177.0500 | br= 1.7393 | avg= 0.4259 | fc=0.430 |   7062 ep/s | 342.9m
[Ep  49950000/50000000] avg_r=  0.125 | h2h=177.0500 | br= 1.7396 | avg= 0.4274 | fc=0.418 |   7002 ep/s | 343.1m
[Ep  50000000/50000000] avg_r=  0.160 | h2h=177.0500 | br= 1.7367 | avg= 0.4281 | fc=0.428 |   6969 ep/s | 343.2m
[H2H] ep=50000000 | avg_reward=185.3500 over 1000 games
  >>> H2H WINRATE @ ep 50000000: 185.3500
  [CHECKPOINT] saved at ep 50000000
[snapshot] ep=50000000 -> /home/anthonyn/cos435/cpp-implementation/snapshots/holdem_64x64_mv_train_std_05/ep50000000
==========================================================================================
DONE holdem_64x64_mv_train_std_05 | 414.3m
H2H log saved to results/logs/holdem_64x64_mv_train_std_05_seed42_h2h.csv
