NFSP C++ Hold'em holdem_64x64_meanvar (nfsp_iqn) | seed=42 | 50000000 episodes | 3 workers | arch=[64,64] | batch=256 | learn_every=256 | target=128000 | dqn_lr=0.002 | sl_lr=0.0002 | dqn_buf=600000 | res_buf=15000000
==========================================================================================
[Ep     50000/50000000] avg_r=  0.422 | h2h=  0.0000 | br= 0.4529 | avg= 0.3548 |   3081 ep/s | 0.3m
[Ep    100000/50000000] avg_r=  0.443 | h2h=  0.0000 | br= 0.5043 | avg= 0.3510 |   2854 ep/s | 0.6m
[Ep    150000/50000000] avg_r=  0.527 | h2h=  0.0000 | br= 0.5036 | avg= 0.3564 |   2882 ep/s | 0.9m
[Ep    200000/50000000] avg_r=  0.487 | h2h=  0.0000 | br= 0.5033 | avg= 0.3515 |   2905 ep/s | 1.1m
[Ep    250000/50000000] avg_r=  0.548 | h2h=  0.0000 | br= 0.5082 | avg= 0.3519 |   2866 ep/s | 1.4m
[Ep    300000/50000000] avg_r=  0.400 | h2h=  0.0000 | br= 0.7204 | avg= 0.3716 |   2924 ep/s | 1.7m
[Ep    350000/50000000] avg_r=  0.443 | h2h=  0.0000 | br= 0.7792 | avg= 0.3808 |   2923 ep/s | 2.0m
[Ep    400000/50000000] avg_r=  0.423 | h2h=  0.0000 | br= 0.9887 | avg= 0.3803 |   2924 ep/s | 2.3m
[Ep    450000/50000000] avg_r=  0.500 | h2h=  0.0000 | br= 0.9551 | avg= 0.3737 |   2947 ep/s | 2.6m
[Ep    500000/50000000] avg_r=  0.583 | h2h=  0.0000 | br= 0.9504 | avg= 0.3713 |   2952 ep/s | 2.8m
[Ep    550000/50000000] avg_r=  0.520 | h2h=  0.0000 | br= 1.1101 | avg= 0.3751 |   2976 ep/s | 3.1m
[Ep    600000/50000000] avg_r=  0.428 | h2h=  0.0000 | br= 1.1270 | avg= 0.3812 |   2994 ep/s | 3.4m
[Ep    650000/50000000] avg_r=  0.422 | h2h=  0.0000 | br= 1.1022 | avg= 0.3825 |   3002 ep/s | 3.7m
[Ep    700000/50000000] avg_r=  0.455 | h2h=  0.0000 | br= 1.1000 | avg= 0.3844 |   2998 ep/s | 4.0m
[Ep    750000/50000000] avg_r=  0.409 | h2h=  0.0000 | br= 1.2002 | avg= 0.3753 |   3043 ep/s | 4.2m
[Ep    800000/50000000] avg_r=  0.258 | h2h=  0.0000 | br= 1.3289 | avg= 0.3861 |   3078 ep/s | 4.5m
[Ep    850000/50000000] avg_r=  0.228 | h2h=  0.0000 | br= 1.2930 | avg= 0.3888 |   3080 ep/s | 4.8m
[Ep    900000/50000000] avg_r=  0.259 | h2h=  0.0000 | br= 1.2913 | avg= 0.3898 |   3071 ep/s | 5.0m
[Ep    950000/50000000] avg_r=  0.319 | h2h=  0.0000 | br= 1.2898 | avg= 0.3893 |   3108 ep/s | 5.3m
[Ep   1000000/50000000] avg_r=  0.149 | h2h=  0.0000 | br= 1.2863 | avg= 0.3885 |   3030 ep/s | 5.6m
[Ep   1050000/50000000] avg_r=  0.196 | h2h=  0.0000 | br= 1.2859 | avg= 0.3907 |   3068 ep/s | 5.9m
[Ep   1100000/50000000] avg_r=  0.249 | h2h=  0.0000 | br= 1.6325 | avg= 0.3870 |   3065 ep/s | 6.1m
[Ep   1150000/50000000] avg_r=  0.174 | h2h=  0.0000 | br= 1.7308 | avg= 0.3978 |   3085 ep/s | 6.4m
[Ep   1200000/50000000] avg_r=  0.306 | h2h=  0.0000 | br= 1.7400 | avg= 0.4006 |   3099 ep/s | 6.7m
[Ep   1250000/50000000] avg_r=  0.216 | h2h=  0.0000 | br= 1.7412 | avg= 0.4026 |   3090 ep/s | 6.9m
[Ep   1300000/50000000] avg_r=  0.172 | h2h=  0.0000 | br= 1.7367 | avg= 0.4041 |   3107 ep/s | 7.2m
[Ep   1350000/50000000] avg_r=  0.226 | h2h=  0.0000 | br= 1.7416 | avg= 0.4020 |   3134 ep/s | 7.5m
[Ep   1400000/50000000] avg_r=  0.189 | h2h=  0.0000 | br= 1.7341 | avg= 0.4028 |   3162 ep/s | 7.7m
[Ep   1450000/50000000] avg_r=  0.257 | h2h=  0.0000 | br= 1.7345 | avg= 0.4011 |   3113 ep/s | 8.0m
[Ep   1500000/50000000] avg_r=  0.185 | h2h=  0.0000 | br= 1.7380 | avg= 0.3868 |   3095 ep/s | 8.3m
[Ep   1550000/50000000] avg_r=  0.273 | h2h=  0.0000 | br= 1.8901 | avg= 0.3976 |   3066 ep/s | 8.6m
[Ep   1600000/50000000] avg_r=  0.194 | h2h=  0.0000 | br= 2.1543 | avg= 0.3991 |   3058 ep/s | 8.8m
[Ep   1650000/50000000] avg_r=  0.171 | h2h=  0.0000 | br= 2.1754 | avg= 0.4017 |   3089 ep/s | 9.1m
[Ep   1700000/50000000] avg_r=  0.127 | h2h=  0.0000 | br= 2.1827 | avg= 0.4024 |   3085 ep/s | 9.4m
[Ep   1750000/50000000] avg_r=  0.157 | h2h=  0.0000 | br= 2.1826 | avg= 0.4037 |   3080 ep/s | 9.6m
[Ep   1800000/50000000] avg_r=  0.146 | h2h=  0.0000 | br= 2.1776 | avg= 0.4034 |   3129 ep/s | 9.9m
[Ep   1850000/50000000] avg_r=  0.194 | h2h=  0.0000 | br= 2.1799 | avg= 0.4014 |   3016 ep/s | 10.2m
[Ep   1900000/50000000] avg_r=  0.227 | h2h=  0.0000 | br= 2.1749 | avg= 0.4035 |   3085 ep/s | 10.4m
[Ep   1950000/50000000] avg_r=  0.160 | h2h=  0.0000 | br= 2.1753 | avg= 0.4019 |   3108 ep/s | 10.7m
[Ep   2000000/50000000] avg_r=  0.114 | h2h=  0.0000 | br= 2.1774 | avg= 0.3988 |   3035 ep/s | 11.0m
[Ep   2050000/50000000] avg_r=  0.140 | h2h=  0.0000 | br= 2.1759 | avg= 0.3986 |   3099 ep/s | 11.3m
[Ep   2100000/50000000] avg_r=  0.124 | h2h=  0.0000 | br= 2.1791 | avg= 0.3971 |   3211 ep/s | 11.5m
[Ep   2150000/50000000] avg_r=  0.159 | h2h=  0.0000 | br= 2.1741 | avg= 0.3995 |   3226 ep/s | 11.8m
[Ep   2200000/50000000] avg_r=  0.219 | h2h=  0.0000 | br= 2.2449 | avg= 0.3844 |   3183 ep/s | 12.0m
[Ep   2250000/50000000] avg_r= -0.014 | h2h=  0.0000 | br= 2.4422 | avg= 0.3931 |   3153 ep/s | 12.3m
[Ep   2300000/50000000] avg_r=  0.195 | h2h=  0.0000 | br= 2.5181 | avg= 0.4011 |   3171 ep/s | 12.6m
[Ep   2350000/50000000] avg_r=  0.239 | h2h=  0.0000 | br= 2.5396 | avg= 0.4011 |   3161 ep/s | 12.8m
[Ep   2400000/50000000] avg_r=  0.231 | h2h=  0.0000 | br= 2.5388 | avg= 0.4034 |   3183 ep/s | 13.1m
[Ep   2450000/50000000] avg_r=  0.067 | h2h=  0.0000 | br= 2.5394 | avg= 0.4043 |   3200 ep/s | 13.4m
[Ep   2500000/50000000] avg_r=  0.136 | h2h=  0.0000 | br= 2.5394 | avg= 0.4045 |   3129 ep/s | 13.6m
[Ep   2550000/50000000] avg_r=  0.062 | h2h=  0.0000 | br= 2.5372 | avg= 0.4032 |   3139 ep/s | 13.9m
[Ep   2600000/50000000] avg_r=  0.165 | h2h=  0.0000 | br= 2.5375 | avg= 0.4053 |   3159 ep/s | 14.1m
[Ep   2650000/50000000] avg_r=  0.170 | h2h=  0.0000 | br= 2.5343 | avg= 0.4029 |   3182 ep/s | 14.4m
[Ep   2700000/50000000] avg_r=  0.137 | h2h=  0.0000 | br= 2.5360 | avg= 0.4036 |   3134 ep/s | 14.7m
[Ep   2750000/50000000] avg_r=  0.154 | h2h=  0.0000 | br= 2.5358 | avg= 0.4031 |   3113 ep/s | 14.9m
[Ep   2800000/50000000] avg_r=  0.199 | h2h=  0.0000 | br= 2.5351 | avg= 0.3991 |   3080 ep/s | 15.2m
[Ep   2850000/50000000] avg_r=  0.167 | h2h=  0.0000 | br= 2.5357 | avg= 0.3994 |   3167 ep/s | 15.5m
[Ep   2900000/50000000] avg_r=  0.126 | h2h=  0.0000 | br= 2.5357 | avg= 0.4005 |   3150 ep/s | 15.7m
[Ep   2950000/50000000] avg_r=  0.190 | h2h=  0.0000 | br= 2.5373 | avg= 0.3989 |   2995 ep/s | 16.0m
[Ep   3000000/50000000] avg_r=  0.236 | h2h=  0.0000 | br= 2.5383 | avg= 0.3963 |   2972 ep/s | 16.3m
[Ep   3050000/50000000] avg_r=  0.128 | h2h=  0.0000 | br= 2.5329 | avg= 0.3982 |   3007 ep/s | 16.6m
[Ep   3100000/50000000] avg_r=  0.161 | h2h=  0.0000 | br= 2.5345 | avg= 0.3989 |   2980 ep/s | 16.9m
[Ep   3150000/50000000] avg_r=  0.111 | h2h=  0.0000 | br= 2.5338 | avg= 0.4140 |   2968 ep/s | 17.1m
[Ep   3200000/50000000] avg_r=  0.147 | h2h=  0.0000 | br= 2.6602 | avg= 0.4007 |   2996 ep/s | 17.4m
[Ep   3250000/50000000] avg_r=  0.020 | h2h=  0.0000 | br= 2.6653 | avg= 0.4030 |   2998 ep/s | 17.7m
[Ep   3300000/50000000] avg_r=  0.111 | h2h=  0.0000 | br= 2.6447 | avg= 0.4069 |   3003 ep/s | 18.0m
[Ep   3350000/50000000] avg_r=  0.145 | h2h=  0.0000 | br= 2.6384 | avg= 0.4086 |   3018 ep/s | 18.2m
[Ep   3400000/50000000] avg_r=  0.131 | h2h=  0.0000 | br= 2.6368 | avg= 0.4128 |   3068 ep/s | 18.5m
[Ep   3450000/50000000] avg_r=  0.024 | h2h=  0.0000 | br= 2.6366 | avg= 0.4154 |   3018 ep/s | 18.8m
[Ep   3500000/50000000] avg_r=  0.127 | h2h=  0.0000 | br= 2.6360 | avg= 0.4177 |   3056 ep/s | 19.1m
[Ep   3550000/50000000] avg_r=  0.083 | h2h=  0.0000 | br= 2.6375 | avg= 0.4183 |   3029 ep/s | 19.3m
[Ep   3600000/50000000] avg_r=  0.059 | h2h=  0.0000 | br= 2.6383 | avg= 0.4197 |   2982 ep/s | 19.6m
[Ep   3650000/50000000] avg_r=  0.109 | h2h=  0.0000 | br= 2.6360 | avg= 0.4199 |   3066 ep/s | 19.9m
[Ep   3700000/50000000] avg_r=  0.074 | h2h=  0.0000 | br= 2.6370 | avg= 0.4218 |   3022 ep/s | 20.2m
[Ep   3750000/50000000] avg_r=  0.097 | h2h=  0.0000 | br= 2.6373 | avg= 0.4221 |   3039 ep/s | 20.4m
[Ep   3800000/50000000] avg_r=  0.086 | h2h=  0.0000 | br= 2.6341 | avg= 0.4240 |   3033 ep/s | 20.7m
[Ep   3850000/50000000] avg_r=  0.116 | h2h=  0.0000 | br= 2.6371 | avg= 0.4231 |   3027 ep/s | 21.0m
[Ep   3900000/50000000] avg_r= -0.012 | h2h=  0.0000 | br= 2.6360 | avg= 0.4237 |   3073 ep/s | 21.3m
[Ep   3950000/50000000] avg_r=  0.115 | h2h=  0.0000 | br= 2.6361 | avg= 0.4247 |   3033 ep/s | 21.5m
[Ep   4000000/50000000] avg_r=  0.062 | h2h=  0.0000 | br= 2.6381 | avg= 0.4252 |   3027 ep/s | 21.8m
[Ep   4050000/50000000] avg_r=  0.045 | h2h=  0.0000 | br= 2.6362 | avg= 0.4260 |   3040 ep/s | 22.1m
[Ep   4100000/50000000] avg_r= -0.030 | h2h=  0.0000 | br= 2.6359 | avg= 0.4259 |   3005 ep/s | 22.4m
[Ep   4150000/50000000] avg_r=  0.162 | h2h=  0.0000 | br= 2.6374 | avg= 0.4261 |   3016 ep/s | 22.6m
[Ep   4200000/50000000] avg_r=  0.025 | h2h=  0.0000 | br= 2.6345 | avg= 0.4263 |   3108 ep/s | 22.9m
[Ep   4250000/50000000] avg_r=  0.061 | h2h=  0.0000 | br= 2.6340 | avg= 0.4238 |   3068 ep/s | 23.2m
[Ep   4300000/50000000] avg_r=  0.097 | h2h=  0.0000 | br= 2.6363 | avg= 0.4255 |   3078 ep/s | 23.5m
[Ep   4350000/50000000] avg_r=  0.008 | h2h=  0.0000 | br= 2.6366 | avg= 0.4248 |   3056 ep/s | 23.7m
[Ep   4400000/50000000] avg_r= -0.019 | h2h=  0.0000 | br= 2.6384 | avg= 0.4308 |   3033 ep/s | 24.0m
[Ep   4450000/50000000] avg_r=  0.134 | h2h=  0.0000 | br= 2.6361 | avg= 0.4342 |   3026 ep/s | 24.3m
[Ep   4500000/50000000] avg_r=  0.044 | h2h=  0.0000 | br= 2.6125 | avg= 0.4293 |   3004 ep/s | 24.6m
[Ep   4550000/50000000] avg_r=  0.093 | h2h=  0.0000 | br= 2.5939 | avg= 0.4030 |   3000 ep/s | 24.8m
[Ep   4600000/50000000] avg_r=  0.101 | h2h=  0.0000 | br= 2.6035 | avg= 0.4013 |   2998 ep/s | 25.1m
[Ep   4650000/50000000] avg_r=  0.061 | h2h=  0.0000 | br= 2.6238 | avg= 0.4216 |   3081 ep/s | 25.4m
[Ep   4700000/50000000] avg_r=  0.029 | h2h=  0.0000 | br= 2.5853 | avg= 0.4355 |   3088 ep/s | 25.6m
[Ep   4750000/50000000] avg_r=  0.060 | h2h=  0.0000 | br= 2.5403 | avg= 0.4393 |   3070 ep/s | 25.9m
[Ep   4800000/50000000] avg_r=  0.164 | h2h=  0.0000 | br= 2.5334 | avg= 0.4418 |   3042 ep/s | 26.2m
[Ep   4850000/50000000] avg_r=  0.035 | h2h=  0.0000 | br= 2.5330 | avg= 0.4439 |   3039 ep/s | 26.5m
[Ep   4900000/50000000] avg_r=  0.197 | h2h=  0.0000 | br= 2.5322 | avg= 0.4477 |   3121 ep/s | 26.7m
[Ep   4950000/50000000] avg_r=  0.034 | h2h=  0.0000 | br= 2.5323 | avg= 0.4475 |   3113 ep/s | 27.0m
[Ep   5000000/50000000] avg_r=  0.102 | h2h=  0.0000 | br= 2.5315 | avg= 0.4493 |   3095 ep/s | 27.3m
[Ep   5050000/50000000] avg_r=  0.076 | h2h=  0.0000 | br= 2.5321 | avg= 0.4516 |   3065 ep/s | 27.5m
[Ep   5100000/50000000] avg_r=  0.102 | h2h=  0.0000 | br= 2.5327 | avg= 0.4521 |   3068 ep/s | 27.8m
[Ep   5150000/50000000] avg_r=  0.006 | h2h=  0.0000 | br= 2.5336 | avg= 0.4539 |   3124 ep/s | 28.1m
[Ep   5200000/50000000] avg_r=  0.121 | h2h=  0.0000 | br= 2.5334 | avg= 0.4567 |   3051 ep/s | 28.4m
[Ep   5250000/50000000] avg_r=  0.005 | h2h=  0.0000 | br= 2.5293 | avg= 0.4561 |   3117 ep/s | 28.6m
[Ep   5300000/50000000] avg_r=  0.088 | h2h=  0.0000 | br= 2.5279 | avg= 0.4568 |   3092 ep/s | 28.9m
[Ep   5350000/50000000] avg_r=  0.052 | h2h=  0.0000 | br= 2.5275 | avg= 0.4568 |   3033 ep/s | 29.2m
[Ep   5400000/50000000] avg_r=  0.014 | h2h=  0.0000 | br= 2.5287 | avg= 0.4575 |   3098 ep/s | 29.4m
[Ep   5450000/50000000] avg_r= -0.000 | h2h=  0.0000 | br= 2.5313 | avg= 0.4584 |   3078 ep/s | 29.7m
[Ep   5500000/50000000] avg_r=  0.013 | h2h=  0.0000 | br= 2.5285 | avg= 0.4594 |   3029 ep/s | 30.0m
[Ep   5550000/50000000] avg_r=  0.104 | h2h=  0.0000 | br= 2.5292 | avg= 0.4585 |   3036 ep/s | 30.3m
[Ep   5600000/50000000] avg_r=  0.007 | h2h=  0.0000 | br= 2.5320 | avg= 0.4594 |   3037 ep/s | 30.5m
[Ep   5650000/50000000] avg_r=  0.060 | h2h=  0.0000 | br= 2.5310 | avg= 0.4603 |   3039 ep/s | 30.8m
[Ep   5700000/50000000] avg_r=  0.065 | h2h=  0.0000 | br= 2.5292 | avg= 0.4605 |   3060 ep/s | 31.1m
[Ep   5750000/50000000] avg_r=  0.059 | h2h=  0.0000 | br= 2.5265 | avg= 0.4590 |   3047 ep/s | 31.4m
[Ep   5800000/50000000] avg_r=  0.062 | h2h=  0.0000 | br= 2.5248 | avg= 0.4596 |   3072 ep/s | 31.6m
[Ep   5850000/50000000] avg_r=  0.051 | h2h=  0.0000 | br= 2.5300 | avg= 0.4605 |   3021 ep/s | 31.9m
[Ep   5900000/50000000] avg_r=  0.085 | h2h=  0.0000 | br= 2.5279 | avg= 0.4615 |   3070 ep/s | 32.2m
[Ep   5950000/50000000] avg_r=  0.154 | h2h=  0.0000 | br= 2.5302 | avg= 0.4606 |   3084 ep/s | 32.4m
[Ep   6000000/50000000] avg_r=  0.035 | h2h=  0.0000 | br= 2.5292 | avg= 0.4605 |   3105 ep/s | 32.7m
[Ep   6050000/50000000] avg_r=  0.077 | h2h=  0.0000 | br= 2.5280 | avg= 0.4600 |   3059 ep/s | 33.0m
[Ep   6100000/50000000] avg_r=  0.074 | h2h=  0.0000 | br= 2.5271 | avg= 0.4585 |   3084 ep/s | 33.3m
[Ep   6150000/50000000] avg_r=  0.129 | h2h=  0.0000 | br= 2.5286 | avg= 0.4548 |   3081 ep/s | 33.5m
[Ep   6200000/50000000] avg_r=  0.034 | h2h=  0.0000 | br= 2.5317 | avg= 0.4417 |   3147 ep/s | 33.8m
[Ep   6250000/50000000] avg_r=  0.072 | h2h=  0.0000 | br= 2.5304 | avg= 0.4410 |   3172 ep/s | 34.0m
[Ep   6300000/50000000] avg_r= -0.043 | h2h=  0.0000 | br= 2.5292 | avg= 0.4465 |   3168 ep/s | 34.3m
[Ep   6350000/50000000] avg_r= -0.020 | h2h=  0.0000 | br= 2.5221 | avg= 0.4613 |   3271 ep/s | 34.6m
[Ep   6400000/50000000] avg_r=  0.015 | h2h=  0.0000 | br= 2.5148 | avg= 0.4593 |   3223 ep/s | 34.8m
[Ep   6450000/50000000] avg_r= -0.034 | h2h=  0.0000 | br= 2.5108 | avg= 0.4610 |   3225 ep/s | 35.1m
[Ep   6500000/50000000] avg_r=  0.057 | h2h=  0.0000 | br= 2.5144 | avg= 0.4607 |   3246 ep/s | 35.3m
[Ep   6550000/50000000] avg_r= -0.001 | h2h=  0.0000 | br= 2.5123 | avg= 0.4595 |   3255 ep/s | 35.6m
[Ep   6600000/50000000] avg_r=  0.040 | h2h=  0.0000 | br= 2.5123 | avg= 0.4617 |   3245 ep/s | 35.9m
[Ep   6650000/50000000] avg_r=  0.008 | h2h=  0.0000 | br= 2.5137 | avg= 0.4607 |   3259 ep/s | 36.1m
[Ep   6700000/50000000] avg_r=  0.018 | h2h=  0.0000 | br= 2.5109 | avg= 0.4555 |   3222 ep/s | 36.4m
[Ep   6750000/50000000] avg_r=  0.052 | h2h=  0.0000 | br= 2.5132 | avg= 0.4408 |   3224 ep/s | 36.6m
[Ep   6800000/50000000] avg_r=  0.077 | h2h=  0.0000 | br= 2.5132 | avg= 0.4417 |   3206 ep/s | 36.9m
[Ep   6850000/50000000] avg_r=  0.075 | h2h=  0.0000 | br= 2.5134 | avg= 0.4415 |   3181 ep/s | 37.1m
[Ep   6900000/50000000] avg_r=  0.011 | h2h=  0.0000 | br= 2.5035 | avg= 0.4587 |   3260 ep/s | 37.4m
[Ep   6950000/50000000] avg_r=  0.114 | h2h=  0.0000 | br= 2.4795 | avg= 0.4603 |   3267 ep/s | 37.7m
[Ep   7000000/50000000] avg_r=  0.075 | h2h=  0.0000 | br= 2.4619 | avg= 0.4608 |   3250 ep/s | 37.9m
[Ep   7050000/50000000] avg_r= -0.028 | h2h=  0.0000 | br= 2.4619 | avg= 0.4607 |   3191 ep/s | 38.2m
[Ep   7100000/50000000] avg_r= -0.005 | h2h=  0.0000 | br= 2.4565 | avg= 0.4612 |   3319 ep/s | 38.4m
[Ep   7150000/50000000] avg_r= -0.058 | h2h=  0.0000 | br= 2.4598 | avg= 0.4624 |   3254 ep/s | 38.7m
[Ep   7200000/50000000] avg_r=  0.058 | h2h=  0.0000 | br= 2.4648 | avg= 0.4619 |   3261 ep/s | 38.9m
[Ep   7250000/50000000] avg_r= -0.037 | h2h=  0.0000 | br= 2.4666 | avg= 0.4623 |   3238 ep/s | 39.2m
[Ep   7300000/50000000] avg_r=  0.036 | h2h=  0.0000 | br= 2.4630 | avg= 0.4615 |   3300 ep/s | 39.4m
[Ep   7350000/50000000] avg_r=  0.080 | h2h=  0.0000 | br= 2.4591 | avg= 0.4627 |   3263 ep/s | 39.7m
[Ep   7400000/50000000] avg_r=  0.048 | h2h=  0.0000 | br= 2.4633 | avg= 0.4618 |   3290 ep/s | 40.0m
[Ep   7450000/50000000] avg_r= -0.034 | h2h=  0.0000 | br= 2.4620 | avg= 0.4613 |   3260 ep/s | 40.2m
[Ep   7500000/50000000] avg_r=  0.038 | h2h=  0.0000 | br= 2.4584 | avg= 0.4618 |   3226 ep/s | 40.5m
[Ep   7550000/50000000] avg_r=  0.016 | h2h=  0.0000 | br= 2.4585 | avg= 0.4605 |   3259 ep/s | 40.7m
[Ep   7600000/50000000] avg_r=  0.010 | h2h=  0.0000 | br= 2.4591 | avg= 0.4613 |   3211 ep/s | 41.0m
[Ep   7650000/50000000] avg_r=  0.153 | h2h=  0.0000 | br= 2.4624 | avg= 0.4605 |   3266 ep/s | 41.2m
[Ep   7700000/50000000] avg_r=  0.046 | h2h=  0.0000 | br= 2.4577 | avg= 0.4614 |   3124 ep/s | 41.5m
[Ep   7750000/50000000] avg_r=  0.073 | h2h=  0.0000 | br= 2.4604 | avg= 0.4613 |   3120 ep/s | 41.8m
[Ep   7800000/50000000] avg_r=  0.091 | h2h=  0.0000 | br= 2.4576 | avg= 0.4601 |   3185 ep/s | 42.0m
[Ep   7850000/50000000] avg_r=  0.032 | h2h=  0.0000 | br= 2.4542 | avg= 0.4606 |   3129 ep/s | 42.3m
[Ep   7900000/50000000] avg_r=  0.142 | h2h=  0.0000 | br= 2.4575 | avg= 0.4606 |   3132 ep/s | 42.6m
[Ep   7950000/50000000] avg_r=  0.136 | h2h=  0.0000 | br= 2.4574 | avg= 0.4605 |   3112 ep/s | 42.8m
[Ep   8000000/50000000] avg_r=  0.008 | h2h=  0.0000 | br= 2.4585 | avg= 0.4589 |   3100 ep/s | 43.1m
[Ep   8050000/50000000] avg_r=  0.025 | h2h=  0.0000 | br= 2.4593 | avg= 0.4580 |   3163 ep/s | 43.4m
[Ep   8100000/50000000] avg_r= -0.005 | h2h=  0.0000 | br= 2.4573 | avg= 0.4574 |   3117 ep/s | 43.6m
[Ep   8150000/50000000] avg_r=  0.124 | h2h=  0.0000 | br= 2.4608 | avg= 0.4572 |   3156 ep/s | 43.9m
[Ep   8200000/50000000] avg_r=  0.033 | h2h=  0.0000 | br= 2.4564 | avg= 0.4574 |   3257 ep/s | 44.2m
[Ep   8250000/50000000] avg_r= -0.011 | h2h=  0.0000 | br= 2.4583 | avg= 0.4554 |   3233 ep/s | 44.4m
[Ep   8300000/50000000] avg_r= -0.010 | h2h=  0.0000 | br= 2.4580 | avg= 0.4558 |   3279 ep/s | 44.7m
[Ep   8350000/50000000] avg_r=  0.051 | h2h=  0.0000 | br= 2.4532 | avg= 0.4563 |   3110 ep/s | 44.9m
[Ep   8400000/50000000] avg_r=  0.052 | h2h=  0.0000 | br= 2.4562 | avg= 0.4551 |   3170 ep/s | 45.2m
[Ep   8450000/50000000] avg_r=  0.016 | h2h=  0.0000 | br= 2.4600 | avg= 0.4560 |   3121 ep/s | 45.5m
[Ep   8500000/50000000] avg_r=  0.015 | h2h=  0.0000 | br= 2.4582 | avg= 0.4553 |   3105 ep/s | 45.7m
[Ep   8550000/50000000] avg_r=  0.068 | h2h=  0.0000 | br= 2.4587 | avg= 0.4543 |   3176 ep/s | 46.0m
[Ep   8600000/50000000] avg_r=  0.019 | h2h=  0.0000 | br= 2.4583 | avg= 0.4549 |   3141 ep/s | 46.3m
[Ep   8650000/50000000] avg_r=  0.009 | h2h=  0.0000 | br= 2.4560 | avg= 0.4557 |   3104 ep/s | 46.5m
[Ep   8700000/50000000] avg_r=  0.074 | h2h=  0.0000 | br= 2.4569 | avg= 0.4577 |   3094 ep/s | 46.8m
[Ep   8750000/50000000] avg_r=  0.005 | h2h=  0.0000 | br= 2.4629 | avg= 0.4575 |   3179 ep/s | 47.1m
[Ep   8800000/50000000] avg_r=  0.014 | h2h=  0.0000 | br= 2.4592 | avg= 0.4582 |   3074 ep/s | 47.3m
[Ep   8850000/50000000] avg_r=  0.027 | h2h=  0.0000 | br= 2.4637 | avg= 0.4533 |   3117 ep/s | 47.6m
[Ep   8900000/50000000] avg_r=  0.061 | h2h=  0.0000 | br= 2.4930 | avg= 0.4541 |   3057 ep/s | 47.9m
[Ep   8950000/50000000] avg_r=  0.002 | h2h=  0.0000 | br= 2.5117 | avg= 0.4546 |   3064 ep/s | 48.1m
[Ep   9000000/50000000] avg_r= -0.022 | h2h=  0.0000 | br= 2.5100 | avg= 0.4563 |   3070 ep/s | 48.4m
[Ep   9050000/50000000] avg_r= -0.085 | h2h=  0.0000 | br= 2.5083 | avg= 0.4577 |   3050 ep/s | 48.7m
[Ep   9100000/50000000] avg_r=  0.077 | h2h=  0.0000 | br= 2.5120 | avg= 0.4568 |   3108 ep/s | 49.0m
[Ep   9150000/50000000] avg_r=  0.089 | h2h=  0.0000 | br= 2.5140 | avg= 0.4593 |   3199 ep/s | 49.2m
[Ep   9200000/50000000] avg_r=  0.036 | h2h=  0.0000 | br= 2.5119 | avg= 0.4608 |   3167 ep/s | 49.5m
[Ep   9250000/50000000] avg_r=  0.075 | h2h=  0.0000 | br= 2.5104 | avg= 0.4601 |   3226 ep/s | 49.7m
[Ep   9300000/50000000] avg_r=  0.025 | h2h=  0.0000 | br= 2.5143 | avg= 0.4627 |   3216 ep/s | 50.0m
[Ep   9350000/50000000] avg_r= -0.094 | h2h=  0.0000 | br= 2.5159 | avg= 0.4618 |   3169 ep/s | 50.3m
[Ep   9400000/50000000] avg_r=  0.003 | h2h=  0.0000 | br= 2.5124 | avg= 0.4627 |   3213 ep/s | 50.5m
[Ep   9450000/50000000] avg_r=  0.010 | h2h=  0.0000 | br= 2.5105 | avg= 0.4648 |   3057 ep/s | 50.8m
[Ep   9500000/50000000] avg_r= -0.112 | h2h=  0.0000 | br= 2.5094 | avg= 0.4636 |   3070 ep/s | 51.1m
[Ep   9550000/50000000] avg_r= -0.032 | h2h=  0.0000 | br= 2.5143 | avg= 0.4650 |   3049 ep/s | 51.3m
[Ep   9600000/50000000] avg_r= -0.059 | h2h=  0.0000 | br= 2.5139 | avg= 0.4654 |   3075 ep/s | 51.6m
[Ep   9650000/50000000] avg_r= -0.049 | h2h=  0.0000 | br= 2.5132 | avg= 0.4651 |   3122 ep/s | 51.9m
[Ep   9700000/50000000] avg_r= -0.038 | h2h=  0.0000 | br= 2.5123 | avg= 0.4653 |   3104 ep/s | 52.1m
[Ep   9750000/50000000] avg_r=  0.000 | h2h=  0.0000 | br= 2.5122 | avg= 0.4658 |   3063 ep/s | 52.4m
[Ep   9800000/50000000] avg_r=  0.017 | h2h=  0.0000 | br= 2.5123 | avg= 0.4669 |   3065 ep/s | 52.7m
[Ep   9850000/50000000] avg_r= -0.049 | h2h=  0.0000 | br= 2.5162 | avg= 0.4673 |   3048 ep/s | 53.0m
[Ep   9900000/50000000] avg_r= -0.013 | h2h=  0.0000 | br= 2.5183 | avg= 0.4663 |   3073 ep/s | 53.2m
[Ep   9950000/50000000] avg_r= -0.030 | h2h=  0.0000 | br= 2.5170 | avg= 0.4664 |   3124 ep/s | 53.5m
[Ep  10000000/50000000] avg_r= -0.051 | h2h=  0.0000 | br= 2.5154 | avg= 0.4670 |   3090 ep/s | 53.8m
[H2H] ep=10000000 | avg_reward=205.3000 over 1000 games
  >>> H2H WINRATE @ ep 10000000: 205.3000
  [CHECKPOINT] saved at ep 10000000
[snapshot] ep=10000000 -> /home/anthonyn/cos435/cpp-implementation/snapshots/holdem_64x64_meanvar/ep10000000
[Ep  10050000/50000000] avg_r= -0.076 | h2h=205.3000 | br= 2.5114 | avg= 0.4667 |   1146 ep/s | 54.5m
[Ep  10100000/50000000] avg_r=  0.016 | h2h=205.3000 | br= 2.5136 | avg= 0.4682 |   3069 ep/s | 54.8m
[Ep  10150000/50000000] avg_r= -0.007 | h2h=205.3000 | br= 2.5120 | avg= 0.4683 |   3843 ep/s | 55.0m
[Ep  10200000/50000000] avg_r=  0.031 | h2h=205.3000 | br= 2.5137 | avg= 0.4690 |   4155 ep/s | 55.2m
[Ep  10250000/50000000] avg_r= -0.021 | h2h=205.3000 | br= 2.5134 | avg= 0.4692 |   3240 ep/s | 55.4m
[Ep  10300000/50000000] avg_r=  0.107 | h2h=205.3000 | br= 2.5048 | avg= 0.4698 |   3026 ep/s | 55.7m
[Ep  10350000/50000000] avg_r=  0.078 | h2h=205.3000 | br= 2.5030 | avg= 0.4688 |   3066 ep/s | 56.0m
[Ep  10400000/50000000] avg_r= -0.003 | h2h=205.3000 | br= 2.4977 | avg= 0.4721 |   3060 ep/s | 56.3m
[Ep  10450000/50000000] avg_r=  0.056 | h2h=205.3000 | br= 2.4954 | avg= 0.4723 |   3437 ep/s | 56.5m
[Ep  10500000/50000000] avg_r=  0.035 | h2h=205.3000 | br= 2.4942 | avg= 0.4733 |   3131 ep/s | 56.8m
[Ep  10550000/50000000] avg_r=  0.092 | h2h=205.3000 | br= 2.4944 | avg= 0.4754 |   2990 ep/s | 57.1m
[Ep  10600000/50000000] avg_r=  0.030 | h2h=205.3000 | br= 2.4976 | avg= 0.4766 |   2928 ep/s | 57.3m
[Ep  10650000/50000000] avg_r=  0.036 | h2h=205.3000 | br= 2.4987 | avg= 0.4741 |   2969 ep/s | 57.6m
[Ep  10700000/50000000] avg_r=  0.012 | h2h=205.3000 | br= 2.4971 | avg= 0.4768 |   2949 ep/s | 57.9m
[Ep  10750000/50000000] avg_r=  0.152 | h2h=205.3000 | br= 2.4980 | avg= 0.4761 |   3047 ep/s | 58.2m
[Ep  10800000/50000000] avg_r=  0.065 | h2h=205.3000 | br= 2.4975 | avg= 0.4778 |   3100 ep/s | 58.4m
[Ep  10850000/50000000] avg_r=  0.069 | h2h=205.3000 | br= 2.4936 | avg= 0.4791 |   3170 ep/s | 58.7m
[Ep  10900000/50000000] avg_r= -0.002 | h2h=205.3000 | br= 2.4961 | avg= 0.4769 |   3180 ep/s | 59.0m
[Ep  10950000/50000000] avg_r=  0.028 | h2h=205.3000 | br= 2.4952 | avg= 0.4796 |   3146 ep/s | 59.2m
[Ep  11000000/50000000] avg_r=  0.085 | h2h=205.3000 | br= 2.4938 | avg= 0.4787 |   3165 ep/s | 59.5m
[Ep  11050000/50000000] avg_r=  0.104 | h2h=205.3000 | br= 2.4961 | avg= 0.4800 |   3163 ep/s | 59.8m
[Ep  11100000/50000000] avg_r= -0.004 | h2h=205.3000 | br= 2.4968 | avg= 0.4806 |   3137 ep/s | 60.0m
[Ep  11150000/50000000] avg_r=  0.085 | h2h=205.3000 | br= 2.5019 | avg= 0.4809 |   3116 ep/s | 60.3m
[Ep  11200000/50000000] avg_r=  0.021 | h2h=205.3000 | br= 2.4992 | avg= 0.4808 |   3038 ep/s | 60.6m
[Ep  11250000/50000000] avg_r=  0.032 | h2h=205.3000 | br= 2.4947 | avg= 0.4831 |   3076 ep/s | 60.8m
[Ep  11300000/50000000] avg_r=  0.037 | h2h=205.3000 | br= 2.4932 | avg= 0.4830 |   3035 ep/s | 61.1m
[Ep  11350000/50000000] avg_r=  0.072 | h2h=205.3000 | br= 2.4931 | avg= 0.4823 |   3021 ep/s | 61.4m
[Ep  11400000/50000000] avg_r=  0.024 | h2h=205.3000 | br= 2.4957 | avg= 0.4844 |   3156 ep/s | 61.7m
[Ep  11450000/50000000] avg_r=  0.044 | h2h=205.3000 | br= 2.4930 | avg= 0.4837 |   3080 ep/s | 61.9m
[Ep  11500000/50000000] avg_r=  0.014 | h2h=205.3000 | br= 2.4945 | avg= 0.4823 |   3071 ep/s | 62.2m
[Ep  11550000/50000000] avg_r=  0.064 | h2h=205.3000 | br= 2.4978 | avg= 0.4836 |   3006 ep/s | 62.5m
[Ep  11600000/50000000] avg_r= -0.003 | h2h=205.3000 | br= 2.4942 | avg= 0.4845 |   3051 ep/s | 62.7m
[Ep  11650000/50000000] avg_r=  0.087 | h2h=205.3000 | br= 2.4960 | avg= 0.4832 |   3060 ep/s | 63.0m
[Ep  11700000/50000000] avg_r=  0.099 | h2h=205.3000 | br= 2.4950 | avg= 0.4833 |   3096 ep/s | 63.3m
[Ep  11750000/50000000] avg_r=  0.029 | h2h=205.3000 | br= 2.4940 | avg= 0.4843 |   3001 ep/s | 63.6m
[Ep  11800000/50000000] avg_r=  0.018 | h2h=205.3000 | br= 2.4951 | avg= 0.4852 |   3042 ep/s | 63.8m
[Ep  11850000/50000000] avg_r=  0.009 | h2h=205.3000 | br= 2.4951 | avg= 0.4857 |   3054 ep/s | 64.1m
[Ep  11900000/50000000] avg_r=  0.080 | h2h=205.3000 | br= 2.4970 | avg= 0.4875 |   2990 ep/s | 64.4m
[Ep  11950000/50000000] avg_r=  0.011 | h2h=205.3000 | br= 2.4959 | avg= 0.4910 |   3127 ep/s | 64.7m
[Ep  12000000/50000000] avg_r=  0.008 | h2h=205.3000 | br= 2.4992 | avg= 0.4914 |   3215 ep/s | 64.9m
[Ep  12050000/50000000] avg_r=  0.015 | h2h=205.3000 | br= 2.4957 | avg= 0.4922 |   3164 ep/s | 65.2m
[Ep  12100000/50000000] avg_r=  0.030 | h2h=205.3000 | br= 2.4964 | avg= 0.4923 |   3140 ep/s | 65.4m
[Ep  12150000/50000000] avg_r=  0.075 | h2h=205.3000 | br= 2.4996 | avg= 0.4920 |   3209 ep/s | 65.7m
[Ep  12200000/50000000] avg_r=  0.035 | h2h=205.3000 | br= 2.4966 | avg= 0.4920 |   3200 ep/s | 66.0m
[Ep  12250000/50000000] avg_r=  0.074 | h2h=205.3000 | br= 2.4566 | avg= 0.4853 |   3292 ep/s | 66.2m
[Ep  12300000/50000000] avg_r=  0.033 | h2h=205.3000 | br= 2.4106 | avg= 0.4868 |   3201 ep/s | 66.5m
[Ep  12350000/50000000] avg_r=  0.066 | h2h=205.3000 | br= 2.3820 | avg= 0.4873 |   3287 ep/s | 66.7m
[Ep  12400000/50000000] avg_r=  0.063 | h2h=205.3000 | br= 2.3840 | avg= 0.4876 |   3311 ep/s | 67.0m
[Ep  12450000/50000000] avg_r=  0.071 | h2h=205.3000 | br= 2.3826 | avg= 0.4884 |   3300 ep/s | 67.2m
[Ep  12500000/50000000] avg_r= -0.007 | h2h=205.3000 | br= 2.3810 | avg= 0.4878 |   3300 ep/s | 67.5m
[Ep  12550000/50000000] avg_r=  0.112 | h2h=205.3000 | br= 2.3817 | avg= 0.4881 |   3343 ep/s | 67.7m
[Ep  12600000/50000000] avg_r=  0.050 | h2h=205.3000 | br= 2.3869 | avg= 0.4873 |   3287 ep/s | 68.0m
[Ep  12650000/50000000] avg_r=  0.176 | h2h=205.3000 | br= 2.3860 | avg= 0.4896 |   3259 ep/s | 68.2m
[Ep  12700000/50000000] avg_r= -0.035 | h2h=205.3000 | br= 2.3841 | avg= 0.4891 |   3275 ep/s | 68.5m
[Ep  12750000/50000000] avg_r= -0.008 | h2h=205.3000 | br= 2.3811 | avg= 0.4890 |   3341 ep/s | 68.7m
[Ep  12800000/50000000] avg_r=  0.023 | h2h=205.3000 | br= 2.3824 | avg= 0.4887 |   3332 ep/s | 69.0m
[Ep  12850000/50000000] avg_r=  0.088 | h2h=205.3000 | br= 2.3806 | avg= 0.4897 |   3334 ep/s | 69.2m
[Ep  12900000/50000000] avg_r= -0.034 | h2h=205.3000 | br= 2.3828 | avg= 0.4879 |   3250 ep/s | 69.5m
[Ep  12950000/50000000] avg_r=  0.028 | h2h=205.3000 | br= 2.3845 | avg= 0.4897 |   3138 ep/s | 69.8m
[Ep  13000000/50000000] avg_r=  0.065 | h2h=205.3000 | br= 2.3866 | avg= 0.4897 |   3191 ep/s | 70.0m
[Ep  13050000/50000000] avg_r=  0.132 | h2h=205.3000 | br= 2.3877 | avg= 0.4900 |   3143 ep/s | 70.3m
[Ep  13100000/50000000] avg_r=  0.078 | h2h=205.3000 | br= 2.3837 | avg= 0.4878 |   3278 ep/s | 70.6m
[Ep  13150000/50000000] avg_r=  0.122 | h2h=205.3000 | br= 2.3767 | avg= 0.4900 |   3297 ep/s | 70.8m
[Ep  13200000/50000000] avg_r=  0.035 | h2h=205.3000 | br= 2.3777 | avg= 0.4885 |   3281 ep/s | 71.1m
[Ep  13250000/50000000] avg_r=  0.022 | h2h=205.3000 | br= 2.3827 | avg= 0.4885 |   3329 ep/s | 71.3m
[Ep  13300000/50000000] avg_r= -0.006 | h2h=205.3000 | br= 2.3808 | avg= 0.4899 |   3352 ep/s | 71.6m
[Ep  13350000/50000000] avg_r=  0.073 | h2h=205.3000 | br= 2.3832 | avg= 0.4891 |   3302 ep/s | 71.8m
[Ep  13400000/50000000] avg_r=  0.039 | h2h=205.3000 | br= 2.3855 | avg= 0.4885 |   3338 ep/s | 72.1m
[Ep  13450000/50000000] avg_r=  0.028 | h2h=205.3000 | br= 2.3800 | avg= 0.4903 |   3255 ep/s | 72.3m
[Ep  13500000/50000000] avg_r=  0.061 | h2h=205.3000 | br= 2.3825 | avg= 0.4893 |   3335 ep/s | 72.6m
[Ep  13550000/50000000] avg_r=  0.019 | h2h=205.3000 | br= 2.3834 | avg= 0.4908 |   3340 ep/s | 72.8m
[Ep  13600000/50000000] avg_r= -0.007 | h2h=205.3000 | br= 2.3840 | avg= 0.4907 |   3275 ep/s | 73.1m
[Ep  13650000/50000000] avg_r=  0.079 | h2h=205.3000 | br= 2.3850 | avg= 0.4890 |   3321 ep/s | 73.3m
[Ep  13700000/50000000] avg_r=  0.079 | h2h=205.3000 | br= 2.3862 | avg= 0.4891 |   3327 ep/s | 73.6m
[Ep  13750000/50000000] avg_r=  0.027 | h2h=205.3000 | br= 2.3838 | avg= 0.4892 |   3310 ep/s | 73.8m
[Ep  13800000/50000000] avg_r=  0.022 | h2h=205.3000 | br= 2.3837 | avg= 0.4896 |   3299 ep/s | 74.1m
[Ep  13850000/50000000] avg_r=  0.155 | h2h=205.3000 | br= 2.3820 | avg= 0.4886 |   3367 ep/s | 74.3m
[Ep  13900000/50000000] avg_r=  0.038 | h2h=205.3000 | br= 2.3821 | avg= 0.4886 |   3401 ep/s | 74.6m
[Ep  13950000/50000000] avg_r= -0.020 | h2h=205.3000 | br= 2.3808 | avg= 0.4887 |   3386 ep/s | 74.8m
[Ep  14000000/50000000] avg_r=  0.039 | h2h=205.3000 | br= 2.3831 | avg= 0.4884 |   3309 ep/s | 75.1m
[Ep  14050000/50000000] avg_r=  0.076 | h2h=205.3000 | br= 2.3806 | avg= 0.4880 |   3255 ep/s | 75.3m
[Ep  14100000/50000000] avg_r=  0.038 | h2h=205.3000 | br= 2.3810 | avg= 0.4880 |   3275 ep/s | 75.6m
[Ep  14150000/50000000] avg_r=  0.135 | h2h=205.3000 | br= 2.3845 | avg= 0.4890 |   3290 ep/s | 75.8m
[Ep  14200000/50000000] avg_r= -0.009 | h2h=205.3000 | br= 2.3840 | avg= 0.4872 |   3310 ep/s | 76.1m
[Ep  14250000/50000000] avg_r=  0.094 | h2h=205.3000 | br= 2.3815 | avg= 0.4883 |   3293 ep/s | 76.3m
[Ep  14300000/50000000] avg_r=  0.082 | h2h=205.3000 | br= 2.3830 | avg= 0.4893 |   3261 ep/s | 76.6m
[Ep  14350000/50000000] avg_r=  0.051 | h2h=205.3000 | br= 2.3827 | avg= 0.4857 |   3216 ep/s | 76.8m
[Ep  14400000/50000000] avg_r=  0.056 | h2h=205.3000 | br= 2.3854 | avg= 0.4863 |   3330 ep/s | 77.1m
[Ep  14450000/50000000] avg_r=  0.010 | h2h=205.3000 | br= 2.3869 | avg= 0.4852 |   3313 ep/s | 77.4m
[Ep  14500000/50000000] avg_r=  0.051 | h2h=205.3000 | br= 2.3817 | avg= 0.4865 |   3296 ep/s | 77.6m
[Ep  14550000/50000000] avg_r=  0.095 | h2h=205.3000 | br= 2.3855 | avg= 0.4869 |   3318 ep/s | 77.9m
[Ep  14600000/50000000] avg_r=  0.059 | h2h=205.3000 | br= 2.3801 | avg= 0.4866 |   3297 ep/s | 78.1m
[Ep  14650000/50000000] avg_r=  0.007 | h2h=205.3000 | br= 2.3833 | avg= 0.4859 |   3266 ep/s | 78.4m
[Ep  14700000/50000000] avg_r= -0.042 | h2h=205.3000 | br= 2.3840 | avg= 0.4850 |   3309 ep/s | 78.6m
[Ep  14750000/50000000] avg_r=  0.087 | h2h=205.3000 | br= 2.3797 | avg= 0.4858 |   3347 ep/s | 78.9m
[Ep  14800000/50000000] avg_r=  0.084 | h2h=205.3000 | br= 2.3795 | avg= 0.4849 |   3383 ep/s | 79.1m
[Ep  14850000/50000000] avg_r=  0.046 | h2h=205.3000 | br= 2.3817 | avg= 0.4862 |   3277 ep/s | 79.4m
[Ep  14900000/50000000] avg_r=  0.105 | h2h=205.3000 | br= 2.3863 | avg= 0.4839 |   3322 ep/s | 79.6m
[Ep  14950000/50000000] avg_r=  0.088 | h2h=205.3000 | br= 2.3860 | avg= 0.4847 |   3305 ep/s | 79.9m
[Ep  15000000/50000000] avg_r=  0.120 | h2h=205.3000 | br= 2.3844 | avg= 0.4839 |   3265 ep/s | 80.1m
[Ep  15050000/50000000] avg_r=  0.095 | h2h=205.3000 | br= 2.3828 | avg= 0.4851 |   3285 ep/s | 80.4m
[Ep  15100000/50000000] avg_r=  0.024 | h2h=205.3000 | br= 2.3836 | avg= 0.4839 |   3251 ep/s | 80.6m
[Ep  15150000/50000000] avg_r=  0.089 | h2h=205.3000 | br= 2.3850 | avg= 0.4837 |   3284 ep/s | 80.9m
[Ep  15200000/50000000] avg_r=  0.140 | h2h=205.3000 | br= 2.3841 | avg= 0.4842 |   3323 ep/s | 81.1m
[Ep  15250000/50000000] avg_r=  0.039 | h2h=205.3000 | br= 2.3838 | avg= 0.4772 |   3277 ep/s | 81.4m
[Ep  15300000/50000000] avg_r=  0.012 | h2h=205.3000 | br= 2.3809 | avg= 0.4764 |   3201 ep/s | 81.7m
[Ep  15350000/50000000] avg_r=  0.033 | h2h=205.3000 | br= 2.3790 | avg= 0.4776 |   3104 ep/s | 81.9m
[Ep  15400000/50000000] avg_r=  0.127 | h2h=205.3000 | br= 2.3747 | avg= 0.4765 |   3133 ep/s | 82.2m
[Ep  15450000/50000000] avg_r=  0.059 | h2h=205.3000 | br= 2.3783 | avg= 0.4764 |   3269 ep/s | 82.4m
[Ep  15500000/50000000] avg_r=  0.091 | h2h=205.3000 | br= 2.3830 | avg= 0.4768 |   3274 ep/s | 82.7m
[Ep  15550000/50000000] avg_r=  0.080 | h2h=205.3000 | br= 2.3846 | avg= 0.4765 |   3260 ep/s | 83.0m
[Ep  15600000/50000000] avg_r=  0.025 | h2h=205.3000 | br= 2.3802 | avg= 0.4760 |   3247 ep/s | 83.2m
[Ep  15650000/50000000] avg_r=  0.085 | h2h=205.3000 | br= 2.3287 | avg= 0.4820 |   3335 ep/s | 83.5m
[Ep  15700000/50000000] avg_r=  0.036 | h2h=205.3000 | br= 2.2738 | avg= 0.4830 |   3230 ep/s | 83.7m
[Ep  15750000/50000000] avg_r=  0.062 | h2h=205.3000 | br= 2.2450 | avg= 0.4826 |   3322 ep/s | 84.0m
[Ep  15800000/50000000] avg_r=  0.069 | h2h=205.3000 | br= 2.2443 | avg= 0.4830 |   3311 ep/s | 84.2m
[Ep  15850000/50000000] avg_r= -0.030 | h2h=205.3000 | br= 2.2391 | avg= 0.4825 |   3367 ep/s | 84.5m
[Ep  15900000/50000000] avg_r=  0.000 | h2h=205.3000 | br= 2.2451 | avg= 0.4825 |   3225 ep/s | 84.7m
[Ep  15950000/50000000] avg_r=  0.063 | h2h=205.3000 | br= 2.2435 | avg= 0.4833 |   3190 ep/s | 85.0m
[Ep  16000000/50000000] avg_r=  0.019 | h2h=205.3000 | br= 2.2425 | avg= 0.4833 |   3141 ep/s | 85.3m
[Ep  16050000/50000000] avg_r=  0.015 | h2h=205.3000 | br= 2.2436 | avg= 0.4841 |   3261 ep/s | 85.5m
[Ep  16100000/50000000] avg_r= -0.015 | h2h=205.3000 | br= 2.2439 | avg= 0.4832 |   3282 ep/s | 85.8m
[Ep  16150000/50000000] avg_r=  0.053 | h2h=205.3000 | br= 2.2441 | avg= 0.4828 |   3348 ep/s | 86.0m
[Ep  16200000/50000000] avg_r= -0.057 | h2h=205.3000 | br= 2.2457 | avg= 0.4849 |   3294 ep/s | 86.3m
[Ep  16250000/50000000] avg_r= -0.015 | h2h=205.3000 | br= 2.2413 | avg= 0.4824 |   3265 ep/s | 86.5m
[Ep  16300000/50000000] avg_r=  0.014 | h2h=205.3000 | br= 2.2400 | avg= 0.4832 |   3326 ep/s | 86.8m
[Ep  16350000/50000000] avg_r=  0.103 | h2h=205.3000 | br= 2.2396 | avg= 0.4847 |   3377 ep/s | 87.0m
[Ep  16400000/50000000] avg_r= -0.016 | h2h=205.3000 | br= 2.2458 | avg= 0.4844 |   3379 ep/s | 87.3m
[Ep  16450000/50000000] avg_r=  0.019 | h2h=205.3000 | br= 2.2442 | avg= 0.4842 |   3334 ep/s | 87.5m
[Ep  16500000/50000000] avg_r= -0.007 | h2h=205.3000 | br= 2.2429 | avg= 0.4832 |   3275 ep/s | 87.8m
[Ep  16550000/50000000] avg_r= -0.008 | h2h=205.3000 | br= 2.2434 | avg= 0.4834 |   3340 ep/s | 88.0m
[Ep  16600000/50000000] avg_r=  0.031 | h2h=205.3000 | br= 2.2411 | avg= 0.4839 |   3342 ep/s | 88.3m
[Ep  16650000/50000000] avg_r= -0.001 | h2h=205.3000 | br= 2.2405 | avg= 0.4831 |   3228 ep/s | 88.5m
[Ep  16700000/50000000] avg_r=  0.039 | h2h=205.3000 | br= 2.2404 | avg= 0.4834 |   3205 ep/s | 88.8m
[Ep  16750000/50000000] avg_r=  0.058 | h2h=205.3000 | br= 2.2416 | avg= 0.4823 |   3286 ep/s | 89.0m
[Ep  16800000/50000000] avg_r=  0.051 | h2h=205.3000 | br= 2.2441 | avg= 0.4862 |   3075 ep/s | 89.3m
[Ep  16850000/50000000] avg_r= -0.005 | h2h=205.3000 | br= 2.2466 | avg= 0.4874 |   3114 ep/s | 89.6m
[Ep  16900000/50000000] avg_r=  0.009 | h2h=205.3000 | br= 2.2485 | avg= 0.4875 |   3155 ep/s | 89.8m
[Ep  16950000/50000000] avg_r=  0.020 | h2h=205.3000 | br= 2.2478 | avg= 0.4877 |   3183 ep/s | 90.1m
[Ep  17000000/50000000] avg_r=  0.058 | h2h=205.3000 | br= 2.2456 | avg= 0.4868 |   3177 ep/s | 90.4m
[Ep  17050000/50000000] avg_r= -0.023 | h2h=205.3000 | br= 2.2450 | avg= 0.4877 |   3094 ep/s | 90.6m
[Ep  17100000/50000000] avg_r=  0.032 | h2h=205.3000 | br= 2.2346 | avg= 0.4845 |   3123 ep/s | 90.9m
[Ep  17150000/50000000] avg_r= -0.036 | h2h=205.3000 | br= 2.2302 | avg= 0.4839 |   3162 ep/s | 91.2m
[Ep  17200000/50000000] avg_r=  0.033 | h2h=205.3000 | br= 2.2299 | avg= 0.4847 |   3150 ep/s | 91.4m
[Ep  17250000/50000000] avg_r= -0.053 | h2h=205.3000 | br= 2.2277 | avg= 0.4836 |   3132 ep/s | 91.7m
[Ep  17300000/50000000] avg_r= -0.009 | h2h=205.3000 | br= 2.2294 | avg= 0.4833 |   3103 ep/s | 92.0m
[Ep  17350000/50000000] avg_r=  0.063 | h2h=205.3000 | br= 2.2286 | avg= 0.4838 |   3111 ep/s | 92.2m
[Ep  17400000/50000000] avg_r= -0.049 | h2h=205.3000 | br= 2.2269 | avg= 0.4848 |   3179 ep/s | 92.5m
[Ep  17450000/50000000] avg_r= -0.017 | h2h=205.3000 | br= 2.2263 | avg= 0.4854 |   3124 ep/s | 92.8m
[Ep  17500000/50000000] avg_r= -0.080 | h2h=205.3000 | br= 2.2296 | avg= 0.4848 |   3138 ep/s | 93.0m
[Ep  17550000/50000000] avg_r= -0.020 | h2h=205.3000 | br= 2.2321 | avg= 0.4846 |   3121 ep/s | 93.3m
[Ep  17600000/50000000] avg_r= -0.036 | h2h=205.3000 | br= 2.2329 | avg= 0.4855 |   3252 ep/s | 93.5m
[Ep  17650000/50000000] avg_r= -0.045 | h2h=205.3000 | br= 2.2361 | avg= 0.4848 |   3267 ep/s | 93.8m
[Ep  17700000/50000000] avg_r= -0.056 | h2h=205.3000 | br= 2.2318 | avg= 0.4851 |   3286 ep/s | 94.1m
[Ep  17750000/50000000] avg_r= -0.048 | h2h=205.3000 | br= 2.2326 | avg= 0.4849 |   3302 ep/s | 94.3m
[Ep  17800000/50000000] avg_r=  0.023 | h2h=205.3000 | br= 2.2293 | avg= 0.4851 |   3341 ep/s | 94.6m
[Ep  17850000/50000000] avg_r= -0.009 | h2h=205.3000 | br= 2.2316 | avg= 0.4848 |   3294 ep/s | 94.8m
[Ep  17900000/50000000] avg_r=  0.010 | h2h=205.3000 | br= 2.2358 | avg= 0.4844 |   3279 ep/s | 95.1m
[Ep  17950000/50000000] avg_r= -0.003 | h2h=205.3000 | br= 2.2302 | avg= 0.4859 |   3260 ep/s | 95.3m
[Ep  18000000/50000000] avg_r= -0.078 | h2h=205.3000 | br= 2.2324 | avg= 0.4844 |   3154 ep/s | 95.6m
[Ep  18050000/50000000] avg_r= -0.027 | h2h=205.3000 | br= 2.2318 | avg= 0.4847 |   3091 ep/s | 95.9m
[Ep  18100000/50000000] avg_r= -0.005 | h2h=205.3000 | br= 2.2325 | avg= 0.4851 |   3107 ep/s | 96.1m
[Ep  18150000/50000000] avg_r= -0.050 | h2h=205.3000 | br= 2.2325 | avg= 0.4852 |   3083 ep/s | 96.4m
[Ep  18200000/50000000] avg_r= -0.026 | h2h=205.3000 | br= 2.2311 | avg= 0.4838 |   3173 ep/s | 96.7m
[Ep  18250000/50000000] avg_r= -0.010 | h2h=205.3000 | br= 2.2294 | avg= 0.4860 |   3116 ep/s | 96.9m
[Ep  18300000/50000000] avg_r=  0.005 | h2h=205.3000 | br= 2.2274 | avg= 0.4858 |   3129 ep/s | 97.2m
[Ep  18350000/50000000] avg_r= -0.044 | h2h=205.3000 | br= 2.2298 | avg= 0.4856 |   3119 ep/s | 97.5m
[Ep  18400000/50000000] avg_r=  0.012 | h2h=205.3000 | br= 2.2281 | avg= 0.4850 |   3258 ep/s | 97.7m
[Ep  18450000/50000000] avg_r= -0.032 | h2h=205.3000 | br= 2.2288 | avg= 0.4833 |   3284 ep/s | 98.0m
[Ep  18500000/50000000] avg_r= -0.059 | h2h=205.3000 | br= 2.2322 | avg= 0.4855 |   3264 ep/s | 98.2m
[Ep  18550000/50000000] avg_r= -0.019 | h2h=205.3000 | br= 2.2303 | avg= 0.4846 |   3274 ep/s | 98.5m
[Ep  18600000/50000000] avg_r=  0.024 | h2h=205.3000 | br= 2.2313 | avg= 0.4842 |   3168 ep/s | 98.7m
[Ep  18650000/50000000] avg_r= -0.026 | h2h=205.3000 | br= 2.2334 | avg= 0.4839 |   3266 ep/s | 99.0m
[Ep  18700000/50000000] avg_r= -0.050 | h2h=205.3000 | br= 2.2316 | avg= 0.4844 |   3255 ep/s | 99.2m
[Ep  18750000/50000000] avg_r= -0.003 | h2h=205.3000 | br= 2.2334 | avg= 0.4846 |   3240 ep/s | 99.5m
[Ep  18800000/50000000] avg_r= -0.137 | h2h=205.3000 | br= 2.2359 | avg= 0.4833 |   3322 ep/s | 99.8m
[Ep  18850000/50000000] avg_r= -0.086 | h2h=205.3000 | br= 2.2356 | avg= 0.4836 |   3308 ep/s | 100.0m
[Ep  18900000/50000000] avg_r= -0.071 | h2h=205.3000 | br= 2.2334 | avg= 0.4853 |   3247 ep/s | 100.3m
[Ep  18950000/50000000] avg_r= -0.056 | h2h=205.3000 | br= 2.2274 | avg= 0.4856 |   3200 ep/s | 100.5m
[Ep  19000000/50000000] avg_r= -0.027 | h2h=205.3000 | br= 2.2261 | avg= 0.4840 |   3164 ep/s | 100.8m
[Ep  19050000/50000000] avg_r=  0.046 | h2h=205.3000 | br= 2.2307 | avg= 0.4841 |   3268 ep/s | 101.0m
[Ep  19100000/50000000] avg_r= -0.089 | h2h=205.3000 | br= 2.2303 | avg= 0.4822 |   3333 ep/s | 101.3m
[Ep  19150000/50000000] avg_r= -0.013 | h2h=205.3000 | br= 2.2258 | avg= 0.4828 |   3197 ep/s | 101.6m
[Ep  19200000/50000000] avg_r= -0.033 | h2h=205.3000 | br= 2.2269 | avg= 0.4826 |   3214 ep/s | 101.8m
[Ep  19250000/50000000] avg_r=  0.002 | h2h=205.3000 | br= 2.2285 | avg= 0.4842 |   3228 ep/s | 102.1m
[Ep  19300000/50000000] avg_r=  0.044 | h2h=205.3000 | br= 2.2292 | avg= 0.4839 |   2999 ep/s | 102.4m
[Ep  19350000/50000000] avg_r=  0.015 | h2h=205.3000 | br= 2.2293 | avg= 0.4827 |   3078 ep/s | 102.6m
[Ep  19400000/50000000] avg_r= -0.091 | h2h=205.3000 | br= 2.2303 | avg= 0.4820 |   3119 ep/s | 102.9m
[Ep  19450000/50000000] avg_r= -0.025 | h2h=205.3000 | br= 2.2243 | avg= 0.4830 |   2997 ep/s | 103.2m
[Ep  19500000/50000000] avg_r=  0.041 | h2h=205.3000 | br= 2.2293 | avg= 0.4825 |   3059 ep/s | 103.4m
[Ep  19550000/50000000] avg_r= -0.010 | h2h=205.3000 | br= 2.2305 | avg= 0.4816 |   3015 ep/s | 103.7m
[Ep  19600000/50000000] avg_r=  0.073 | h2h=205.3000 | br= 2.2292 | avg= 0.4818 |   3065 ep/s | 104.0m
[Ep  19650000/50000000] avg_r= -0.013 | h2h=205.3000 | br= 2.2288 | avg= 0.4816 |   2999 ep/s | 104.3m
[Ep  19700000/50000000] avg_r= -0.009 | h2h=205.3000 | br= 2.2283 | avg= 0.4821 |   2994 ep/s | 104.5m
[Ep  19750000/50000000] avg_r= -0.052 | h2h=205.3000 | br= 2.2310 | avg= 0.4825 |   3048 ep/s | 104.8m
[Ep  19800000/50000000] avg_r=  0.014 | h2h=205.3000 | br= 2.2315 | avg= 0.4822 |   3009 ep/s | 105.1m
[Ep  19850000/50000000] avg_r=  0.027 | h2h=205.3000 | br= 2.2293 | avg= 0.4813 |   3110 ep/s | 105.4m
[Ep  19900000/50000000] avg_r= -0.023 | h2h=205.3000 | br= 2.2294 | avg= 0.4816 |   3084 ep/s | 105.6m
[Ep  19950000/50000000] avg_r= -0.084 | h2h=205.3000 | br= 2.2304 | avg= 0.4823 |   3078 ep/s | 105.9m
[Ep  20000000/50000000] avg_r= -0.034 | h2h=205.3000 | br= 2.2306 | avg= 0.4815 |   3084 ep/s | 106.2m
[H2H] ep=20000000 | avg_reward=182.0000 over 1000 games
  >>> H2H WINRATE @ ep 20000000: 182.0000
  [CHECKPOINT] saved at ep 20000000
[Ep  20050000/50000000] avg_r=  0.006 | h2h=182.0000 | br= 2.2310 | avg= 0.4806 |    547 ep/s | 107.7m
[snapshot] ep=20000000 -> /home/anthonyn/cos435/cpp-implementation/snapshots/holdem_64x64_meanvar/ep20000000
[Ep  20100000/50000000] avg_r=  0.030 | h2h=182.0000 | br= 2.2315 | avg= 0.4811 |   3118 ep/s | 108.0m
[Ep  20150000/50000000] avg_r= -0.077 | h2h=182.0000 | br= 2.2311 | avg= 0.4798 |   3078 ep/s | 108.2m
[Ep  20200000/50000000] avg_r=  0.009 | h2h=182.0000 | br= 2.2286 | avg= 0.4813 |   3162 ep/s | 108.5m
[Ep  20250000/50000000] avg_r= -0.039 | h2h=182.0000 | br= 2.2347 | avg= 0.4795 |   3119 ep/s | 108.8m
[Ep  20300000/50000000] avg_r= -0.030 | h2h=182.0000 | br= 2.2308 | avg= 0.4791 |   3123 ep/s | 109.0m
[Ep  20350000/50000000] avg_r= -0.019 | h2h=182.0000 | br= 2.2290 | avg= 0.4796 |   3129 ep/s | 109.3m
[Ep  20400000/50000000] avg_r= -0.019 | h2h=182.0000 | br= 2.2278 | avg= 0.4804 |   3475 ep/s | 109.5m
[Ep  20450000/50000000] avg_r=  0.000 | h2h=182.0000 | br= 2.2253 | avg= 0.4784 |   4302 ep/s | 109.7m
[Ep  20500000/50000000] avg_r=  0.004 | h2h=182.0000 | br= 2.2233 | avg= 0.4800 |   4297 ep/s | 109.9m
[Ep  20550000/50000000] avg_r= -0.002 | h2h=182.0000 | br= 2.2298 | avg= 0.4779 |   4294 ep/s | 110.1m
[Ep  20600000/50000000] avg_r=  0.044 | h2h=182.0000 | br= 2.2342 | avg= 0.4787 |   4335 ep/s | 110.3m
[Ep  20650000/50000000] avg_r= -0.032 | h2h=182.0000 | br= 2.2304 | avg= 0.4784 |   3473 ep/s | 110.6m
[Ep  20700000/50000000] avg_r=  0.053 | h2h=182.0000 | br= 2.2308 | avg= 0.4777 |   3194 ep/s | 110.8m
[Ep  20750000/50000000] avg_r= -0.054 | h2h=182.0000 | br= 2.2302 | avg= 0.4776 |   3258 ep/s | 111.1m
[Ep  20800000/50000000] avg_r= -0.062 | h2h=182.0000 | br= 2.2327 | avg= 0.4781 |   3222 ep/s | 111.3m
[Ep  20850000/50000000] avg_r= -0.015 | h2h=182.0000 | br= 2.2301 | avg= 0.4767 |   3287 ep/s | 111.6m
[Ep  20900000/50000000] avg_r= -0.058 | h2h=182.0000 | br= 2.2310 | avg= 0.4779 |   3321 ep/s | 111.8m
[Ep  20950000/50000000] avg_r=  0.007 | h2h=182.0000 | br= 2.2313 | avg= 0.4783 |   3316 ep/s | 112.1m
[Ep  21000000/50000000] avg_r= -0.059 | h2h=182.0000 | br= 2.2316 | avg= 0.4770 |   3270 ep/s | 112.3m
[Ep  21050000/50000000] avg_r= -0.040 | h2h=182.0000 | br= 2.2285 | avg= 0.4769 |   3270 ep/s | 112.6m
[Ep  21100000/50000000] avg_r=  0.007 | h2h=182.0000 | br= 2.2278 | avg= 0.4773 |   3277 ep/s | 112.8m
[Ep  21150000/50000000] avg_r=  0.070 | h2h=182.0000 | br= 2.2273 | avg= 0.4758 |   3292 ep/s | 113.1m
[Ep  21200000/50000000] avg_r=  0.040 | h2h=182.0000 | br= 2.2301 | avg= 0.4765 |   3327 ep/s | 113.4m
[Ep  21250000/50000000] avg_r= -0.102 | h2h=182.0000 | br= 2.2282 | avg= 0.4755 |   3253 ep/s | 113.6m
[Ep  21300000/50000000] avg_r= -0.044 | h2h=182.0000 | br= 2.2306 | avg= 0.4764 |   3262 ep/s | 113.9m
[Ep  21350000/50000000] avg_r= -0.143 | h2h=182.0000 | br= 2.2291 | avg= 0.4756 |   3453 ep/s | 114.1m
[Ep  21400000/50000000] avg_r= -0.010 | h2h=182.0000 | br= 2.2307 | avg= 0.4754 |   3603 ep/s | 114.3m
[Ep  21450000/50000000] avg_r= -0.103 | h2h=182.0000 | br= 2.2287 | avg= 0.4746 |   3589 ep/s | 114.6m
[Ep  21500000/50000000] avg_r= -0.026 | h2h=182.0000 | br= 2.2313 | avg= 0.4754 |   3551 ep/s | 114.8m
[Ep  21550000/50000000] avg_r= -0.117 | h2h=182.0000 | br= 2.2291 | avg= 0.4761 |   3511 ep/s | 115.0m
[Ep  21600000/50000000] avg_r=  0.009 | h2h=182.0000 | br= 2.2309 | avg= 0.4749 |   3437 ep/s | 115.3m
[Ep  21650000/50000000] avg_r= -0.058 | h2h=182.0000 | br= 2.2269 | avg= 0.4748 |   3174 ep/s | 115.5m
[Ep  21700000/50000000] avg_r= -0.051 | h2h=182.0000 | br= 2.2278 | avg= 0.4744 |   3089 ep/s | 115.8m
[Ep  21750000/50000000] avg_r= -0.037 | h2h=182.0000 | br= 2.2327 | avg= 0.4746 |   3162 ep/s | 116.1m
[Ep  21800000/50000000] avg_r= -0.037 | h2h=182.0000 | br= 2.2321 | avg= 0.4737 |   3195 ep/s | 116.3m
[Ep  21850000/50000000] avg_r=  0.007 | h2h=182.0000 | br= 2.2331 | avg= 0.4742 |   3283 ep/s | 116.6m
[Ep  21900000/50000000] avg_r=  0.076 | h2h=182.0000 | br= 2.2276 | avg= 0.4735 |   3226 ep/s | 116.9m
[Ep  21950000/50000000] avg_r= -0.052 | h2h=182.0000 | br= 2.2275 | avg= 0.4744 |   3179 ep/s | 117.1m
[Ep  22000000/50000000] avg_r=  0.074 | h2h=182.0000 | br= 2.2281 | avg= 0.4741 |   3054 ep/s | 117.4m
[Ep  22050000/50000000] avg_r= -0.038 | h2h=182.0000 | br= 2.2328 | avg= 0.4739 |   3157 ep/s | 117.7m
[Ep  22100000/50000000] avg_r= -0.058 | h2h=182.0000 | br= 2.2352 | avg= 0.4741 |   3074 ep/s | 117.9m
[Ep  22150000/50000000] avg_r= -0.063 | h2h=182.0000 | br= 2.2348 | avg= 0.4736 |   3067 ep/s | 118.2m
[Ep  22200000/50000000] avg_r=  0.014 | h2h=182.0000 | br= 2.2318 | avg= 0.4723 |   3061 ep/s | 118.5m
[Ep  22250000/50000000] avg_r= -0.112 | h2h=182.0000 | br= 2.2283 | avg= 0.4726 |   3058 ep/s | 118.7m
[Ep  22300000/50000000] avg_r=  0.047 | h2h=182.0000 | br= 2.2285 | avg= 0.4726 |   3053 ep/s | 119.0m
[Ep  22350000/50000000] avg_r= -0.018 | h2h=182.0000 | br= 2.2267 | avg= 0.4727 |   3083 ep/s | 119.3m
[Ep  22400000/50000000] avg_r= -0.094 | h2h=182.0000 | br= 2.2287 | avg= 0.4701 |   3186 ep/s | 119.5m
[Ep  22450000/50000000] avg_r=  0.066 | h2h=182.0000 | br= 2.2280 | avg= 0.4712 |   3145 ep/s | 119.8m
[Ep  22500000/50000000] avg_r=  0.000 | h2h=182.0000 | br= 2.2261 | avg= 0.4713 |   3250 ep/s | 120.1m
[Ep  22550000/50000000] avg_r= -0.051 | h2h=182.0000 | br= 2.2268 | avg= 0.4708 |   3261 ep/s | 120.3m
[Ep  22600000/50000000] avg_r= -0.013 | h2h=182.0000 | br= 2.2292 | avg= 0.4706 |   3284 ep/s | 120.6m
[Ep  22650000/50000000] avg_r=  0.000 | h2h=182.0000 | br= 2.2345 | avg= 0.4702 |   3304 ep/s | 120.8m
[Ep  22700000/50000000] avg_r= -0.030 | h2h=182.0000 | br= 2.2326 | avg= 0.4707 |   3266 ep/s | 121.1m
[Ep  22750000/50000000] avg_r= -0.021 | h2h=182.0000 | br= 2.2311 | avg= 0.4695 |   3256 ep/s | 121.3m
[Ep  22800000/50000000] avg_r= -0.055 | h2h=182.0000 | br= 2.2290 | avg= 0.4696 |   3276 ep/s | 121.6m
[Ep  22850000/50000000] avg_r=  0.022 | h2h=182.0000 | br= 2.2297 | avg= 0.4693 |   3329 ep/s | 121.8m
[Ep  22900000/50000000] avg_r=  0.005 | h2h=182.0000 | br= 2.2348 | avg= 0.4694 |   3290 ep/s | 122.1m
[Ep  22950000/50000000] avg_r=  0.016 | h2h=182.0000 | br= 2.2285 | avg= 0.4694 |   3222 ep/s | 122.4m
[Ep  23000000/50000000] avg_r= -0.016 | h2h=182.0000 | br= 2.2283 | avg= 0.4689 |   3216 ep/s | 122.6m
[Ep  23050000/50000000] avg_r= -0.023 | h2h=182.0000 | br= 2.2313 | avg= 0.4603 |   3191 ep/s | 122.9m
[Ep  23100000/50000000] avg_r= -0.037 | h2h=182.0000 | br= 2.2274 | avg= 0.4552 |   3206 ep/s | 123.1m
[Ep  23150000/50000000] avg_r=  0.017 | h2h=182.0000 | br= 2.2280 | avg= 0.4464 |   3249 ep/s | 123.4m
[Ep  23200000/50000000] avg_r= -0.058 | h2h=182.0000 | br= 2.2254 | avg= 0.4297 |   3123 ep/s | 123.7m
[Ep  23250000/50000000] avg_r= -0.051 | h2h=182.0000 | br= 2.2296 | avg= 0.4297 |   3056 ep/s | 123.9m
[Ep  23300000/50000000] avg_r= -0.106 | h2h=182.0000 | br= 2.2307 | avg= 0.4297 |   3133 ep/s | 124.2m
[Ep  23350000/50000000] avg_r= -0.098 | h2h=182.0000 | br= 2.2321 | avg= 0.4297 |   3237 ep/s | 124.5m
[Ep  23400000/50000000] avg_r=  0.030 | h2h=182.0000 | br= 2.2314 | avg= 0.4297 |   3247 ep/s | 124.7m
[Ep  23450000/50000000] avg_r= -0.066 | h2h=182.0000 | br= 2.2303 | avg= 0.4297 |   3238 ep/s | 125.0m
[Ep  23500000/50000000] avg_r=  0.021 | h2h=182.0000 | br= 2.2272 | avg= 0.4297 |   3216 ep/s | 125.2m
[Ep  23550000/50000000] avg_r= -0.010 | h2h=182.0000 | br= 2.2266 | avg= 0.4297 |   3195 ep/s | 125.5m
[Ep  23600000/50000000] avg_r=  0.020 | h2h=182.0000 | br= 2.2288 | avg= 0.4297 |   3200 ep/s | 125.7m
[Ep  23650000/50000000] avg_r= -0.037 | h2h=182.0000 | br= 2.2648 | avg= 0.4401 |   3196 ep/s | 126.0m
[Ep  23700000/50000000] avg_r=  0.031 | h2h=182.0000 | br= 2.3415 | avg= 0.4456 |   3175 ep/s | 126.3m
[Ep  23750000/50000000] avg_r=  0.048 | h2h=182.0000 | br= 2.4256 | avg= 0.4665 |   3154 ep/s | 126.5m
[Ep  23800000/50000000] avg_r=  0.131 | h2h=182.0000 | br= 2.4516 | avg= 0.4654 |   3143 ep/s | 126.8m
[Ep  23850000/50000000] avg_r=  0.021 | h2h=182.0000 | br= 2.4635 | avg= 0.4652 |   3170 ep/s | 127.1m
[Ep  23900000/50000000] avg_r=  0.151 | h2h=182.0000 | br= 2.4630 | avg= 0.4657 |   3159 ep/s | 127.3m
[Ep  23950000/50000000] avg_r=  0.045 | h2h=182.0000 | br= 2.4602 | avg= 0.4666 |   3169 ep/s | 127.6m
[Ep  24000000/50000000] avg_r=  0.030 | h2h=182.0000 | br= 2.4611 | avg= 0.4658 |   3144 ep/s | 127.9m
[Ep  24050000/50000000] avg_r=  0.093 | h2h=182.0000 | br= 2.4613 | avg= 0.4669 |   3118 ep/s | 128.1m
[Ep  24100000/50000000] avg_r=  0.058 | h2h=182.0000 | br= 2.4605 | avg= 0.4660 |   3075 ep/s | 128.4m
[Ep  24150000/50000000] avg_r=  0.084 | h2h=182.0000 | br= 2.4619 | avg= 0.4669 |   3201 ep/s | 128.7m
[Ep  24200000/50000000] avg_r=  0.091 | h2h=182.0000 | br= 2.4618 | avg= 0.4683 |   3153 ep/s | 128.9m
[Ep  24250000/50000000] avg_r=  0.123 | h2h=182.0000 | br= 2.4659 | avg= 0.4646 |   3179 ep/s | 129.2m
[Ep  24300000/50000000] avg_r=  0.091 | h2h=182.0000 | br= 2.4632 | avg= 0.4672 |   3154 ep/s | 129.4m
[Ep  24350000/50000000] avg_r=  0.065 | h2h=182.0000 | br= 2.4603 | avg= 0.4648 |   3137 ep/s | 129.7m
[Ep  24400000/50000000] avg_r=  0.049 | h2h=182.0000 | br= 2.4607 | avg= 0.4660 |   3127 ep/s | 130.0m
[Ep  24450000/50000000] avg_r=  0.095 | h2h=182.0000 | br= 2.4622 | avg= 0.4671 |   3106 ep/s | 130.2m
[Ep  24500000/50000000] avg_r=  0.030 | h2h=182.0000 | br= 2.4592 | avg= 0.4665 |   3150 ep/s | 130.5m
[Ep  24550000/50000000] avg_r=  0.072 | h2h=182.0000 | br= 2.4606 | avg= 0.4653 |   3176 ep/s | 130.8m
[Ep  24600000/50000000] avg_r=  0.053 | h2h=182.0000 | br= 2.4606 | avg= 0.4670 |   3140 ep/s | 131.0m
[Ep  24650000/50000000] avg_r=  0.090 | h2h=182.0000 | br= 2.4593 | avg= 0.4659 |   3127 ep/s | 131.3m
[Ep  24700000/50000000] avg_r= -0.045 | h2h=182.0000 | br= 2.4640 | avg= 0.4647 |   3148 ep/s | 131.6m
[Ep  24750000/50000000] avg_r=  0.117 | h2h=182.0000 | br= 2.4617 | avg= 0.4670 |   3150 ep/s | 131.8m
[Ep  24800000/50000000] avg_r=  0.008 | h2h=182.0000 | br= 2.4613 | avg= 0.4647 |   3172 ep/s | 132.1m
[Ep  24850000/50000000] avg_r= -0.004 | h2h=182.0000 | br= 2.4586 | avg= 0.4654 |   3172 ep/s | 132.4m
[Ep  24900000/50000000] avg_r=  0.103 | h2h=182.0000 | br= 2.4573 | avg= 0.4660 |   3099 ep/s | 132.6m
[Ep  24950000/50000000] avg_r=  0.051 | h2h=182.0000 | br= 2.4623 | avg= 0.4659 |   3115 ep/s | 132.9m
[Ep  25000000/50000000] avg_r=  0.121 | h2h=182.0000 | br= 2.4589 | avg= 0.4655 |   3138 ep/s | 133.2m
[Ep  25050000/50000000] avg_r=  0.040 | h2h=182.0000 | br= 2.4560 | avg= 0.4652 |   3124 ep/s | 133.4m
[Ep  25100000/50000000] avg_r=  0.052 | h2h=182.0000 | br= 2.4604 | avg= 0.4656 |   3127 ep/s | 133.7m
[Ep  25150000/50000000] avg_r=  0.088 | h2h=182.0000 | br= 2.4592 | avg= 0.4644 |   3121 ep/s | 134.0m
[Ep  25200000/50000000] avg_r=  0.044 | h2h=182.0000 | br= 2.4599 | avg= 0.4647 |   3169 ep/s | 134.2m
[Ep  25250000/50000000] avg_r= -0.038 | h2h=182.0000 | br= 2.4606 | avg= 0.4664 |   3210 ep/s | 134.5m
[Ep  25300000/50000000] avg_r= -0.001 | h2h=182.0000 | br= 2.4644 | avg= 0.4659 |   3143 ep/s | 134.7m
[Ep  25350000/50000000] avg_r= -0.001 | h2h=182.0000 | br= 2.4616 | avg= 0.4648 |   3096 ep/s | 135.0m
[Ep  25400000/50000000] avg_r=  0.044 | h2h=182.0000 | br= 2.4618 | avg= 0.4652 |   3175 ep/s | 135.3m
[Ep  25450000/50000000] avg_r=  0.046 | h2h=182.0000 | br= 2.4628 | avg= 0.4643 |   3109 ep/s | 135.5m
[Ep  25500000/50000000] avg_r=  0.074 | h2h=182.0000 | br= 2.4625 | avg= 0.4641 |   3123 ep/s | 135.8m
[Ep  25550000/50000000] avg_r=  0.094 | h2h=182.0000 | br= 2.4603 | avg= 0.4655 |   3158 ep/s | 136.1m
[Ep  25600000/50000000] avg_r=  0.005 | h2h=182.0000 | br= 2.4585 | avg= 0.4640 |   3128 ep/s | 136.3m
[Ep  25650000/50000000] avg_r=  0.126 | h2h=182.0000 | br= 2.4623 | avg= 0.4637 |   3107 ep/s | 136.6m
[Ep  25700000/50000000] avg_r= -0.006 | h2h=182.0000 | br= 2.4633 | avg= 0.4647 |   3109 ep/s | 136.9m
[Ep  25750000/50000000] avg_r=  0.032 | h2h=182.0000 | br= 2.4662 | avg= 0.4652 |   3115 ep/s | 137.1m
[Ep  25800000/50000000] avg_r=  0.031 | h2h=182.0000 | br= 2.4641 | avg= 0.4642 |   3143 ep/s | 137.4m
[Ep  25850000/50000000] avg_r=  0.029 | h2h=182.0000 | br= 2.4647 | avg= 0.4646 |   3094 ep/s | 137.7m
[Ep  25900000/50000000] avg_r=  0.044 | h2h=182.0000 | br= 2.4629 | avg= 0.4646 |   3112 ep/s | 138.0m
[Ep  25950000/50000000] avg_r=  0.017 | h2h=182.0000 | br= 2.4617 | avg= 0.4641 |   3110 ep/s | 138.2m
[Ep  26000000/50000000] avg_r= -0.015 | h2h=182.0000 | br= 2.4626 | avg= 0.4643 |   3195 ep/s | 138.5m
[Ep  26050000/50000000] avg_r=  0.077 | h2h=182.0000 | br= 2.4606 | avg= 0.4642 |   3117 ep/s | 138.7m
[Ep  26100000/50000000] avg_r= -0.073 | h2h=182.0000 | br= 2.4578 | avg= 0.4652 |   3172 ep/s | 139.0m
[Ep  26150000/50000000] avg_r=  0.010 | h2h=182.0000 | br= 2.4608 | avg= 0.4639 |   3159 ep/s | 139.3m
[Ep  26200000/50000000] avg_r=  0.043 | h2h=182.0000 | br= 2.4609 | avg= 0.4645 |   3100 ep/s | 139.5m
[Ep  26250000/50000000] avg_r=  0.035 | h2h=182.0000 | br= 2.4581 | avg= 0.4616 |   3098 ep/s | 139.8m
[Ep  26300000/50000000] avg_r=  0.084 | h2h=182.0000 | br= 2.4600 | avg= 0.4627 |   3128 ep/s | 140.1m
[Ep  26350000/50000000] avg_r=  0.087 | h2h=182.0000 | br= 2.4623 | avg= 0.4635 |   3126 ep/s | 140.3m
[Ep  26400000/50000000] avg_r=  0.041 | h2h=182.0000 | br= 2.4629 | avg= 0.4633 |   3137 ep/s | 140.6m
[Ep  26450000/50000000] avg_r= -0.001 | h2h=182.0000 | br= 2.4636 | avg= 0.4623 |   2992 ep/s | 140.9m
[Ep  26500000/50000000] avg_r=  0.059 | h2h=182.0000 | br= 2.4650 | avg= 0.4636 |   3063 ep/s | 141.2m
[Ep  26550000/50000000] avg_r=  0.019 | h2h=182.0000 | br= 2.4631 | avg= 0.4625 |   3164 ep/s | 141.4m
[Ep  26600000/50000000] avg_r=  0.054 | h2h=182.0000 | br= 2.4649 | avg= 0.4633 |   3064 ep/s | 141.7m
[Ep  26650000/50000000] avg_r=  0.088 | h2h=182.0000 | br= 2.4645 | avg= 0.4618 |   3104 ep/s | 142.0m
[Ep  26700000/50000000] avg_r=  0.035 | h2h=182.0000 | br= 2.4638 | avg= 0.4620 |   3128 ep/s | 142.2m
[Ep  26750000/50000000] avg_r=  0.003 | h2h=182.0000 | br= 2.4617 | avg= 0.4623 |   3139 ep/s | 142.5m
[Ep  26800000/50000000] avg_r=  0.050 | h2h=182.0000 | br= 2.4625 | avg= 0.4621 |   3113 ep/s | 142.8m
[Ep  26850000/50000000] avg_r= -0.005 | h2h=182.0000 | br= 2.4619 | avg= 0.4608 |   3200 ep/s | 143.0m
[Ep  26900000/50000000] avg_r=  0.024 | h2h=182.0000 | br= 2.4610 | avg= 0.4625 |   3137 ep/s | 143.3m
[Ep  26950000/50000000] avg_r=  0.026 | h2h=182.0000 | br= 2.4615 | avg= 0.4599 |   3124 ep/s | 143.6m
[Ep  27000000/50000000] avg_r=  0.051 | h2h=182.0000 | br= 2.4634 | avg= 0.4610 |   3100 ep/s | 143.8m
[Ep  27050000/50000000] avg_r=  0.057 | h2h=182.0000 | br= 2.4628 | avg= 0.4606 |   3175 ep/s | 144.1m
[Ep  27100000/50000000] avg_r= -0.033 | h2h=182.0000 | br= 2.4606 | avg= 0.4610 |   3128 ep/s | 144.4m
[Ep  27150000/50000000] avg_r=  0.121 | h2h=182.0000 | br= 2.4605 | avg= 0.4605 |   3186 ep/s | 144.6m
[Ep  27200000/50000000] avg_r= -0.002 | h2h=182.0000 | br= 2.4609 | avg= 0.4597 |   2976 ep/s | 144.9m
[Ep  27250000/50000000] avg_r=  0.100 | h2h=182.0000 | br= 2.4641 | avg= 0.4599 |   3085 ep/s | 145.2m
[Ep  27300000/50000000] avg_r=  0.124 | h2h=182.0000 | br= 2.4576 | avg= 0.4585 |   3153 ep/s | 145.4m
[Ep  27350000/50000000] avg_r=  0.007 | h2h=182.0000 | br= 2.4604 | avg= 0.4605 |   3150 ep/s | 145.7m
[Ep  27400000/50000000] avg_r=  0.064 | h2h=182.0000 | br= 2.4579 | avg= 0.4603 |   3166 ep/s | 146.0m
[Ep  27450000/50000000] avg_r= -0.004 | h2h=182.0000 | br= 2.4615 | avg= 0.4607 |   3119 ep/s | 146.2m
[Ep  27500000/50000000] avg_r=  0.038 | h2h=182.0000 | br= 2.4598 | avg= 0.4609 |   3133 ep/s | 146.5m
[Ep  27550000/50000000] avg_r= -0.020 | h2h=182.0000 | br= 2.4584 | avg= 0.4597 |   3137 ep/s | 146.8m
[Ep  27600000/50000000] avg_r= -0.002 | h2h=182.0000 | br= 2.4598 | avg= 0.4597 |   3204 ep/s | 147.0m
[Ep  27650000/50000000] avg_r=  0.018 | h2h=182.0000 | br= 2.4644 | avg= 0.4595 |   3151 ep/s | 147.3m
[Ep  27700000/50000000] avg_r=  0.046 | h2h=182.0000 | br= 2.4674 | avg= 0.4595 |   3159 ep/s | 147.5m
[Ep  27750000/50000000] avg_r=  0.125 | h2h=182.0000 | br= 2.4615 | avg= 0.4602 |   3125 ep/s | 147.8m
[Ep  27800000/50000000] avg_r=  0.145 | h2h=182.0000 | br= 2.4637 | avg= 0.4582 |   3140 ep/s | 148.1m
[Ep  27850000/50000000] avg_r= -0.012 | h2h=182.0000 | br= 2.4629 | avg= 0.4595 |   3086 ep/s | 148.3m
[Ep  27900000/50000000] avg_r= -0.007 | h2h=182.0000 | br= 2.4666 | avg= 0.4593 |   3111 ep/s | 148.6m
[Ep  27950000/50000000] avg_r= -0.008 | h2h=182.0000 | br= 2.4668 | avg= 0.4589 |   3113 ep/s | 148.9m
[Ep  28000000/50000000] avg_r=  0.098 | h2h=182.0000 | br= 2.4634 | avg= 0.4587 |   3114 ep/s | 149.2m
[Ep  28050000/50000000] avg_r=  0.067 | h2h=182.0000 | br= 2.4587 | avg= 0.4579 |   3147 ep/s | 149.4m
[Ep  28100000/50000000] avg_r=  0.021 | h2h=182.0000 | br= 2.4571 | avg= 0.4580 |   3182 ep/s | 149.7m
[Ep  28150000/50000000] avg_r=  0.083 | h2h=182.0000 | br= 2.4576 | avg= 0.4588 |   3108 ep/s | 149.9m
[Ep  28200000/50000000] avg_r= -0.053 | h2h=182.0000 | br= 2.4563 | avg= 0.4571 |   2964 ep/s | 150.2m
[Ep  28250000/50000000] avg_r=  0.030 | h2h=182.0000 | br= 2.4645 | avg= 0.4584 |   2983 ep/s | 150.5m
[Ep  28300000/50000000] avg_r= -0.000 | h2h=182.0000 | br= 2.4632 | avg= 0.4583 |   3112 ep/s | 150.8m
[Ep  28350000/50000000] avg_r= -0.019 | h2h=182.0000 | br= 2.4615 | avg= 0.4571 |   3136 ep/s | 151.0m
[Ep  28400000/50000000] avg_r=  0.133 | h2h=182.0000 | br= 2.4616 | avg= 0.4565 |   3114 ep/s | 151.3m
[Ep  28450000/50000000] avg_r=  0.025 | h2h=182.0000 | br= 2.4596 | avg= 0.4563 |   3170 ep/s | 151.6m
[Ep  28500000/50000000] avg_r=  0.056 | h2h=182.0000 | br= 2.4632 | avg= 0.4557 |   3132 ep/s | 151.8m
[Ep  28550000/50000000] avg_r= -0.064 | h2h=182.0000 | br= 2.4669 | avg= 0.4577 |   3165 ep/s | 152.1m
[Ep  28600000/50000000] avg_r=  0.077 | h2h=182.0000 | br= 2.4646 | avg= 0.4567 |   3150 ep/s | 152.4m
[Ep  28650000/50000000] avg_r= -0.031 | h2h=182.0000 | br= 2.4653 | avg= 0.4554 |   3138 ep/s | 152.6m
[Ep  28700000/50000000] avg_r= -0.028 | h2h=182.0000 | br= 2.4624 | avg= 0.4558 |   3111 ep/s | 152.9m
[Ep  28750000/50000000] avg_r=  0.094 | h2h=182.0000 | br= 2.4642 | avg= 0.4570 |   3180 ep/s | 153.2m
[Ep  28800000/50000000] avg_r=  0.142 | h2h=182.0000 | br= 2.4614 | avg= 0.4563 |   3150 ep/s | 153.4m
[Ep  28850000/50000000] avg_r=  0.060 | h2h=182.0000 | br= 2.4598 | avg= 0.4545 |   3137 ep/s | 153.7m
[Ep  28900000/50000000] avg_r=  0.073 | h2h=182.0000 | br= 2.4531 | avg= 0.4544 |   3160 ep/s | 154.0m
[Ep  28950000/50000000] avg_r=  0.039 | h2h=182.0000 | br= 2.4592 | avg= 0.4550 |   3168 ep/s | 154.2m
[Ep  29000000/50000000] avg_r=  0.062 | h2h=182.0000 | br= 2.4606 | avg= 0.4549 |   3177 ep/s | 154.5m
[Ep  29050000/50000000] avg_r= -0.041 | h2h=182.0000 | br= 2.4612 | avg= 0.4548 |   3114 ep/s | 154.7m
[Ep  29100000/50000000] avg_r=  0.110 | h2h=182.0000 | br= 2.4642 | avg= 0.4550 |   3109 ep/s | 155.0m
[Ep  29150000/50000000] avg_r=  0.064 | h2h=182.0000 | br= 2.4641 | avg= 0.4544 |   3125 ep/s | 155.3m
[Ep  29200000/50000000] avg_r=  0.120 | h2h=182.0000 | br= 2.4618 | avg= 0.4557 |   3178 ep/s | 155.5m
[Ep  29250000/50000000] avg_r=  0.070 | h2h=182.0000 | br= 2.4608 | avg= 0.4556 |   3156 ep/s | 155.8m
[Ep  29300000/50000000] avg_r=  0.011 | h2h=182.0000 | br= 2.4586 | avg= 0.4532 |   3160 ep/s | 156.1m
[Ep  29350000/50000000] avg_r=  0.047 | h2h=182.0000 | br= 2.4619 | avg= 0.4532 |   3151 ep/s | 156.3m
[Ep  29400000/50000000] avg_r=  0.086 | h2h=182.0000 | br= 2.4625 | avg= 0.4551 |   3171 ep/s | 156.6m
[Ep  29450000/50000000] avg_r= -0.092 | h2h=182.0000 | br= 2.4592 | avg= 0.4530 |   3152 ep/s | 156.9m
[Ep  29500000/50000000] avg_r= -0.012 | h2h=182.0000 | br= 2.4593 | avg= 0.4530 |   3193 ep/s | 157.1m
[Ep  29550000/50000000] avg_r= -0.014 | h2h=182.0000 | br= 2.4586 | avg= 0.4529 |   3170 ep/s | 157.4m
[Ep  29600000/50000000] avg_r=  0.045 | h2h=182.0000 | br= 2.4591 | avg= 0.4535 |   3106 ep/s | 157.7m
[Ep  29650000/50000000] avg_r= -0.059 | h2h=182.0000 | br= 2.4605 | avg= 0.4525 |   3151 ep/s | 157.9m
[Ep  29700000/50000000] avg_r=  0.117 | h2h=182.0000 | br= 2.4608 | avg= 0.4532 |   3121 ep/s | 158.2m
[Ep  29750000/50000000] avg_r=  0.034 | h2h=182.0000 | br= 2.4615 | avg= 0.4521 |   3110 ep/s | 158.5m
[Ep  29800000/50000000] avg_r=  0.094 | h2h=182.0000 | br= 2.4618 | avg= 0.4513 |   3149 ep/s | 158.7m
[Ep  29850000/50000000] avg_r=  0.088 | h2h=182.0000 | br= 2.4613 | avg= 0.4521 |   3133 ep/s | 159.0m
[Ep  29900000/50000000] avg_r=  0.017 | h2h=182.0000 | br= 2.4602 | avg= 0.4527 |   3091 ep/s | 159.3m
[Ep  29950000/50000000] avg_r=  0.010 | h2h=182.0000 | br= 2.4601 | avg= 0.4519 |   3174 ep/s | 159.5m
[Ep  30000000/50000000] avg_r=  0.004 | h2h=182.0000 | br= 2.4596 | avg= 0.4515 |   3193 ep/s | 159.8m
[H2H] ep=30000000 | avg_reward=205.6500 over 1000 games
  >>> H2H WINRATE @ ep 30000000: 205.6500
  [CHECKPOINT] saved at ep 30000000
[Ep  30050000/50000000] avg_r=  0.153 | h2h=205.6500 | br= 2.4576 | avg= 0.4514 |    410 ep/s | 161.8m
[snapshot] ep=30000000 -> /home/anthonyn/cos435/cpp-implementation/snapshots/holdem_64x64_meanvar/ep30000000
[Ep  30100000/50000000] avg_r= -0.040 | h2h=205.6500 | br= 2.4605 | avg= 0.4496 |   3145 ep/s | 162.1m
[Ep  30150000/50000000] avg_r=  0.074 | h2h=205.6500 | br= 2.4628 | avg= 0.4508 |   3114 ep/s | 162.3m
[Ep  30200000/50000000] avg_r=  0.039 | h2h=205.6500 | br= 2.4638 | avg= 0.4506 |   3135 ep/s | 162.6m
[Ep  30250000/50000000] avg_r=  0.008 | h2h=205.6500 | br= 2.4632 | avg= 0.4506 |   3003 ep/s | 162.9m
[Ep  30300000/50000000] avg_r=  0.016 | h2h=205.6500 | br= 2.4658 | avg= 0.4504 |   3003 ep/s | 163.2m
[Ep  30350000/50000000] avg_r= -0.021 | h2h=205.6500 | br= 2.4642 | avg= 0.4513 |   3016 ep/s | 163.4m
[Ep  30400000/50000000] avg_r= -0.016 | h2h=205.6500 | br= 2.4626 | avg= 0.4492 |   3029 ep/s | 163.7m
[Ep  30450000/50000000] avg_r=  0.069 | h2h=205.6500 | br= 2.4622 | avg= 0.4500 |   3097 ep/s | 164.0m
[Ep  30500000/50000000] avg_r=  0.026 | h2h=205.6500 | br= 2.4675 | avg= 0.4502 |   3187 ep/s | 164.2m
[Ep  30550000/50000000] avg_r=  0.040 | h2h=205.6500 | br= 2.4664 | avg= 0.4492 |   3175 ep/s | 164.5m
[Ep  30600000/50000000] avg_r=  0.084 | h2h=205.6500 | br= 2.4635 | avg= 0.4493 |   3181 ep/s | 164.8m
[Ep  30650000/50000000] avg_r=  0.047 | h2h=205.6500 | br= 2.4620 | avg= 0.4500 |   3841 ep/s | 165.0m
[Ep  30700000/50000000] avg_r=  0.044 | h2h=205.6500 | br= 2.4597 | avg= 0.4477 |   4138 ep/s | 165.2m
[Ep  30750000/50000000] avg_r=  0.087 | h2h=205.6500 | br= 2.4622 | avg= 0.4495 |   4187 ep/s | 165.4m
[Ep  30800000/50000000] avg_r=  0.027 | h2h=205.6500 | br= 2.4626 | avg= 0.4475 |   4271 ep/s | 165.6m
[Ep  30850000/50000000] avg_r=  0.051 | h2h=205.6500 | br= 2.4615 | avg= 0.4487 |   4212 ep/s | 165.8m
[Ep  30900000/50000000] avg_r=  0.008 | h2h=205.6500 | br= 2.4598 | avg= 0.4480 |   4160 ep/s | 166.0m
[Ep  30950000/50000000] avg_r=  0.027 | h2h=205.6500 | br= 2.4605 | avg= 0.4485 |   4189 ep/s | 166.2m
[Ep  31000000/50000000] avg_r= -0.006 | h2h=205.6500 | br= 2.4614 | avg= 0.4465 |   4216 ep/s | 166.4m
[Ep  31050000/50000000] avg_r=  0.093 | h2h=205.6500 | br= 2.4630 | avg= 0.4468 |   3405 ep/s | 166.6m
[Ep  31100000/50000000] avg_r=  0.024 | h2h=205.6500 | br= 2.4642 | avg= 0.4467 |   3170 ep/s | 166.9m
[Ep  31150000/50000000] avg_r=  0.037 | h2h=205.6500 | br= 2.4630 | avg= 0.4469 |   3132 ep/s | 167.2m
[Ep  31200000/50000000] avg_r=  0.036 | h2h=205.6500 | br= 2.4675 | avg= 0.4455 |   3131 ep/s | 167.4m
[Ep  31250000/50000000] avg_r=  0.075 | h2h=205.6500 | br= 2.4672 | avg= 0.4461 |   3153 ep/s | 167.7m
[Ep  31300000/50000000] avg_r=  0.044 | h2h=205.6500 | br= 2.4629 | avg= 0.4476 |   3218 ep/s | 167.9m
[Ep  31350000/50000000] avg_r= -0.059 | h2h=205.6500 | br= 2.4625 | avg= 0.4450 |   3211 ep/s | 168.2m
[Ep  31400000/50000000] avg_r= -0.002 | h2h=205.6500 | br= 2.4604 | avg= 0.4457 |   3158 ep/s | 168.5m
[Ep  31450000/50000000] avg_r=  0.076 | h2h=205.6500 | br= 2.4623 | avg= 0.4462 |   3153 ep/s | 168.7m
[Ep  31500000/50000000] avg_r=  0.082 | h2h=205.6500 | br= 2.4610 | avg= 0.4444 |   3117 ep/s | 169.0m
[Ep  31550000/50000000] avg_r=  0.099 | h2h=205.6500 | br= 2.4608 | avg= 0.4456 |   3015 ep/s | 169.3m
[Ep  31600000/50000000] avg_r=  0.096 | h2h=205.6500 | br= 2.4611 | avg= 0.4454 |   3027 ep/s | 169.5m
[Ep  31650000/50000000] avg_r=  0.094 | h2h=205.6500 | br= 2.4627 | avg= 0.4461 |   3020 ep/s | 169.8m
[Ep  31700000/50000000] avg_r=  0.022 | h2h=205.6500 | br= 2.4611 | avg= 0.4507 |   3027 ep/s | 170.1m
[Ep  31750000/50000000] avg_r= -0.082 | h2h=205.6500 | br= 2.4629 | avg= 0.4493 |   2977 ep/s | 170.4m
[Ep  31800000/50000000] avg_r=  0.124 | h2h=205.6500 | br= 2.4629 | avg= 0.4499 |   2988 ep/s | 170.7m
[Ep  31850000/50000000] avg_r= -0.012 | h2h=205.6500 | br= 2.4609 | avg= 0.4490 |   3021 ep/s | 170.9m
[Ep  31900000/50000000] avg_r=  0.073 | h2h=205.6500 | br= 2.4601 | avg= 0.4491 |   3009 ep/s | 171.2m
[Ep  31950000/50000000] avg_r=  0.080 | h2h=205.6500 | br= 2.4582 | avg= 0.4506 |   3026 ep/s | 171.5m
[Ep  32000000/50000000] avg_r=  0.054 | h2h=205.6500 | br= 2.4614 | avg= 0.4493 |   3088 ep/s | 171.8m
[Ep  32050000/50000000] avg_r=  0.079 | h2h=205.6500 | br= 2.4650 | avg= 0.4489 |   3114 ep/s | 172.0m
[Ep  32100000/50000000] avg_r=  0.034 | h2h=205.6500 | br= 2.4635 | avg= 0.4499 |   3146 ep/s | 172.3m
[Ep  32150000/50000000] avg_r=  0.041 | h2h=205.6500 | br= 2.4616 | avg= 0.4487 |   3179 ep/s | 172.5m
[Ep  32200000/50000000] avg_r=  0.048 | h2h=205.6500 | br= 2.4651 | avg= 0.4500 |   3142 ep/s | 172.8m
[Ep  32250000/50000000] avg_r=  0.025 | h2h=205.6500 | br= 2.4687 | avg= 0.4497 |   3337 ep/s | 173.1m
[Ep  32300000/50000000] avg_r= -0.014 | h2h=205.6500 | br= 2.4604 | avg= 0.4496 |   3489 ep/s | 173.3m
[Ep  32350000/50000000] avg_r= -0.033 | h2h=205.6500 | br= 2.4575 | avg= 0.4497 |   3466 ep/s | 173.5m
[Ep  32400000/50000000] avg_r=  0.106 | h2h=205.6500 | br= 2.4493 | avg= 0.4443 |   3466 ep/s | 173.8m
[Ep  32450000/50000000] avg_r=  0.051 | h2h=205.6500 | br= 2.4515 | avg= 0.4443 |   3450 ep/s | 174.0m
[Ep  32500000/50000000] avg_r=  0.045 | h2h=205.6500 | br= 2.4535 | avg= 0.4431 |   3126 ep/s | 174.3m
[Ep  32550000/50000000] avg_r=  0.107 | h2h=205.6500 | br= 2.4504 | avg= 0.4425 |   2956 ep/s | 174.6m
[Ep  32600000/50000000] avg_r=  0.038 | h2h=205.6500 | br= 2.4552 | avg= 0.4428 |   3011 ep/s | 174.9m
[Ep  32650000/50000000] avg_r=  0.064 | h2h=205.6500 | br= 2.4572 | avg= 0.4451 |   2945 ep/s | 175.1m
[Ep  32700000/50000000] avg_r=  0.073 | h2h=205.6500 | br= 2.4545 | avg= 0.4438 |   3143 ep/s | 175.4m
[Ep  32750000/50000000] avg_r= -0.046 | h2h=205.6500 | br= 2.4526 | avg= 0.4439 |   3148 ep/s | 175.7m
[Ep  32800000/50000000] avg_r=  0.123 | h2h=205.6500 | br= 2.4540 | avg= 0.4429 |   3142 ep/s | 175.9m
[Ep  32850000/50000000] avg_r=  0.023 | h2h=205.6500 | br= 2.4525 | avg= 0.4444 |   3185 ep/s | 176.2m
[Ep  32900000/50000000] avg_r= -0.016 | h2h=205.6500 | br= 2.4502 | avg= 0.4458 |   3164 ep/s | 176.5m
[Ep  32950000/50000000] avg_r=  0.136 | h2h=205.6500 | br= 2.4503 | avg= 0.4447 |   3206 ep/s | 176.7m
[Ep  33000000/50000000] avg_r=  0.047 | h2h=205.6500 | br= 2.4528 | avg= 0.4443 |   3186 ep/s | 177.0m
[Ep  33050000/50000000] avg_r=  0.109 | h2h=205.6500 | br= 2.4496 | avg= 0.4458 |   3117 ep/s | 177.2m
[Ep  33100000/50000000] avg_r= -0.053 | h2h=205.6500 | br= 2.4509 | avg= 0.4440 |   3170 ep/s | 177.5m
[Ep  33150000/50000000] avg_r=  0.058 | h2h=205.6500 | br= 2.4498 | avg= 0.4454 |   3177 ep/s | 177.8m
[Ep  33200000/50000000] avg_r=  0.085 | h2h=205.6500 | br= 2.4509 | avg= 0.4447 |   3161 ep/s | 178.0m
[Ep  33250000/50000000] avg_r=  0.059 | h2h=205.6500 | br= 2.4527 | avg= 0.4441 |   3141 ep/s | 178.3m
[Ep  33300000/50000000] avg_r= -0.014 | h2h=205.6500 | br= 2.4497 | avg= 0.4433 |   3148 ep/s | 178.6m
[Ep  33350000/50000000] avg_r= -0.032 | h2h=205.6500 | br= 2.4536 | avg= 0.4456 |   3153 ep/s | 178.8m
[Ep  33400000/50000000] avg_r=  0.016 | h2h=205.6500 | br= 2.4520 | avg= 0.4454 |   3156 ep/s | 179.1m
[Ep  33450000/50000000] avg_r=  0.016 | h2h=205.6500 | br= 2.4491 | avg= 0.4461 |   3140 ep/s | 179.4m
[Ep  33500000/50000000] avg_r=  0.073 | h2h=205.6500 | br= 2.4499 | avg= 0.4459 |   3118 ep/s | 179.6m
[Ep  33550000/50000000] avg_r=  0.084 | h2h=205.6500 | br= 2.4533 | avg= 0.4462 |   3145 ep/s | 179.9m
[Ep  33600000/50000000] avg_r= -0.125 | h2h=205.6500 | br= 2.4518 | avg= 0.4451 |   3152 ep/s | 180.2m
[Ep  33650000/50000000] avg_r=  0.024 | h2h=205.6500 | br= 2.4512 | avg= 0.4458 |   3173 ep/s | 180.4m
[Ep  33700000/50000000] avg_r=  0.020 | h2h=205.6500 | br= 2.4536 | avg= 0.4461 |   3128 ep/s | 180.7m
[Ep  33750000/50000000] avg_r=  0.045 | h2h=205.6500 | br= 2.4551 | avg= 0.4461 |   3169 ep/s | 180.9m
[Ep  33800000/50000000] avg_r=  0.005 | h2h=205.6500 | br= 2.4514 | avg= 0.4466 |   3166 ep/s | 181.2m
[Ep  33850000/50000000] avg_r=  0.136 | h2h=205.6500 | br= 2.4539 | avg= 0.4460 |   3144 ep/s | 181.5m
[Ep  33900000/50000000] avg_r=  0.020 | h2h=205.6500 | br= 2.4498 | avg= 0.4465 |   3198 ep/s | 181.7m
[Ep  33950000/50000000] avg_r=  0.108 | h2h=205.6500 | br= 2.4456 | avg= 0.4446 |   3219 ep/s | 182.0m
[Ep  34000000/50000000] avg_r=  0.084 | h2h=205.6500 | br= 2.4481 | avg= 0.4455 |   3145 ep/s | 182.3m
[Ep  34050000/50000000] avg_r=  0.030 | h2h=205.6500 | br= 2.4498 | avg= 0.4448 |   3194 ep/s | 182.5m
[Ep  34100000/50000000] avg_r=  0.103 | h2h=205.6500 | br= 2.4481 | avg= 0.4465 |   3135 ep/s | 182.8m
[Ep  34150000/50000000] avg_r=  0.072 | h2h=205.6500 | br= 2.4508 | avg= 0.4460 |   3157 ep/s | 183.0m
[Ep  34200000/50000000] avg_r= -0.001 | h2h=205.6500 | br= 2.4487 | avg= 0.4460 |   3129 ep/s | 183.3m
[Ep  34250000/50000000] avg_r=  0.019 | h2h=205.6500 | br= 2.4523 | avg= 0.4471 |   3101 ep/s | 183.6m
[Ep  34300000/50000000] avg_r=  0.053 | h2h=205.6500 | br= 2.4532 | avg= 0.4455 |   3143 ep/s | 183.8m
[Ep  34350000/50000000] avg_r=  0.011 | h2h=205.6500 | br= 2.4500 | avg= 0.4456 |   3138 ep/s | 184.1m
[Ep  34400000/50000000] avg_r=  0.059 | h2h=205.6500 | br= 2.4537 | avg= 0.4456 |   3152 ep/s | 184.4m
[Ep  34450000/50000000] avg_r=  0.064 | h2h=205.6500 | br= 2.4496 | avg= 0.4468 |   3091 ep/s | 184.6m
[Ep  34500000/50000000] avg_r=  0.020 | h2h=205.6500 | br= 2.4514 | avg= 0.4526 |   3137 ep/s | 184.9m
[Ep  34550000/50000000] avg_r=  0.107 | h2h=205.6500 | br= 2.4538 | avg= 0.4536 |   3090 ep/s | 185.2m
[Ep  34600000/50000000] avg_r=  0.015 | h2h=205.6500 | br= 2.4523 | avg= 0.4542 |   3127 ep/s | 185.4m
[Ep  34650000/50000000] avg_r= -0.045 | h2h=205.6500 | br= 2.4517 | avg= 0.4540 |   3010 ep/s | 185.7m
[Ep  34700000/50000000] avg_r=  0.120 | h2h=205.6500 | br= 2.4503 | avg= 0.4542 |   3120 ep/s | 186.0m
[Ep  34750000/50000000] avg_r= -0.072 | h2h=205.6500 | br= 2.4530 | avg= 0.4544 |   3105 ep/s | 186.3m
[Ep  34800000/50000000] avg_r=  0.047 | h2h=205.6500 | br= 2.4522 | avg= 0.4548 |   3163 ep/s | 186.5m
[Ep  34850000/50000000] avg_r=  0.065 | h2h=205.6500 | br= 2.4498 | avg= 0.4540 |   3155 ep/s | 186.8m
[Ep  34900000/50000000] avg_r=  0.044 | h2h=205.6500 | br= 2.4499 | avg= 0.4538 |   2995 ep/s | 187.1m
[Ep  34950000/50000000] avg_r=  0.068 | h2h=205.6500 | br= 2.4520 | avg= 0.4550 |   2963 ep/s | 187.3m
[Ep  35000000/50000000] avg_r=  0.077 | h2h=205.6500 | br= 2.4525 | avg= 0.4543 |   2973 ep/s | 187.6m
[Ep  35050000/50000000] avg_r= -0.012 | h2h=205.6500 | br= 2.4526 | avg= 0.4546 |   3088 ep/s | 187.9m
[Ep  35100000/50000000] avg_r=  0.074 | h2h=205.6500 | br= 2.4492 | avg= 0.4545 |   3036 ep/s | 188.2m
[Ep  35150000/50000000] avg_r= -0.089 | h2h=205.6500 | br= 2.4516 | avg= 0.4555 |   3137 ep/s | 188.4m
[Ep  35200000/50000000] avg_r=  0.061 | h2h=205.6500 | br= 2.4514 | avg= 0.4538 |   3182 ep/s | 188.7m
[Ep  35250000/50000000] avg_r=  0.054 | h2h=205.6500 | br= 2.4530 | avg= 0.4557 |   3226 ep/s | 189.0m
[Ep  35300000/50000000] avg_r=  0.045 | h2h=205.6500 | br= 2.4543 | avg= 0.4565 |   3147 ep/s | 189.2m
[Ep  35350000/50000000] avg_r= -0.044 | h2h=205.6500 | br= 2.4507 | avg= 0.4555 |   3020 ep/s | 189.5m
[Ep  35400000/50000000] avg_r=  0.024 | h2h=205.6500 | br= 2.4428 | avg= 0.4493 |   3016 ep/s | 189.8m
[Ep  35450000/50000000] avg_r=  0.234 | h2h=205.6500 | br= 2.4578 | avg= 0.4476 |   3024 ep/s | 190.1m
[Ep  35500000/50000000] avg_r=  0.167 | h2h=205.6500 | br= 2.4717 | avg= 0.4478 |   3014 ep/s | 190.3m
[Ep  35550000/50000000] avg_r=  0.069 | h2h=205.6500 | br= 2.4699 | avg= 0.4473 |   3042 ep/s | 190.6m
[Ep  35600000/50000000] avg_r=  0.215 | h2h=205.6500 | br= 2.4731 | avg= 0.4481 |   3103 ep/s | 190.9m
[Ep  35650000/50000000] avg_r=  0.201 | h2h=205.6500 | br= 2.4756 | avg= 0.4481 |   3053 ep/s | 191.1m
[Ep  35700000/50000000] avg_r=  0.172 | h2h=205.6500 | br= 2.4731 | avg= 0.4491 |   2995 ep/s | 191.4m
[Ep  35750000/50000000] avg_r=  0.243 | h2h=205.6500 | br= 2.4693 | avg= 0.4467 |   3019 ep/s | 191.7m
[Ep  35800000/50000000] avg_r=  0.201 | h2h=205.6500 | br= 2.4713 | avg= 0.4477 |   3023 ep/s | 192.0m
[Ep  35850000/50000000] avg_r=  0.162 | h2h=205.6500 | br= 2.4724 | avg= 0.4476 |   3026 ep/s | 192.2m
[Ep  35900000/50000000] avg_r=  0.141 | h2h=205.6500 | br= 2.4731 | avg= 0.4486 |   2983 ep/s | 192.5m
[Ep  35950000/50000000] avg_r=  0.142 | h2h=205.6500 | br= 2.4732 | avg= 0.4499 |   3011 ep/s | 192.8m
[Ep  36000000/50000000] avg_r=  0.165 | h2h=205.6500 | br= 2.4731 | avg= 0.4502 |   3031 ep/s | 193.1m
[Ep  36050000/50000000] avg_r=  0.189 | h2h=205.6500 | br= 2.4725 | avg= 0.4494 |   3007 ep/s | 193.4m
[Ep  36100000/50000000] avg_r=  0.235 | h2h=205.6500 | br= 2.4711 | avg= 0.4493 |   3029 ep/s | 193.6m
[Ep  36150000/50000000] avg_r=  0.162 | h2h=205.6500 | br= 2.4712 | avg= 0.4490 |   3047 ep/s | 193.9m
[Ep  36200000/50000000] avg_r=  0.163 | h2h=205.6500 | br= 2.4698 | avg= 0.4498 |   3009 ep/s | 194.2m
[Ep  36250000/50000000] avg_r=  0.152 | h2h=205.6500 | br= 2.4745 | avg= 0.4495 |   2995 ep/s | 194.5m
[Ep  36300000/50000000] avg_r=  0.174 | h2h=205.6500 | br= 2.4755 | avg= 0.4506 |   3059 ep/s | 194.7m
[Ep  36350000/50000000] avg_r=  0.168 | h2h=205.6500 | br= 2.4693 | avg= 0.4495 |   3013 ep/s | 195.0m
[Ep  36400000/50000000] avg_r=  0.097 | h2h=205.6500 | br= 2.4696 | avg= 0.4501 |   3019 ep/s | 195.3m
[Ep  36450000/50000000] avg_r=  0.116 | h2h=205.6500 | br= 2.4707 | avg= 0.4512 |   3015 ep/s | 195.6m
[Ep  36500000/50000000] avg_r=  0.220 | h2h=205.6500 | br= 2.4736 | avg= 0.4522 |   3014 ep/s | 195.8m
[Ep  36550000/50000000] avg_r=  0.197 | h2h=205.6500 | br= 2.4715 | avg= 0.4516 |   3027 ep/s | 196.1m
[Ep  36600000/50000000] avg_r=  0.119 | h2h=205.6500 | br= 2.4726 | avg= 0.4514 |   2984 ep/s | 196.4m
[Ep  36650000/50000000] avg_r=  0.098 | h2h=205.6500 | br= 2.4710 | avg= 0.4510 |   3027 ep/s | 196.7m
[Ep  36700000/50000000] avg_r=  0.151 | h2h=205.6500 | br= 2.4695 | avg= 0.4518 |   3040 ep/s | 196.9m
[Ep  36750000/50000000] avg_r=  0.182 | h2h=205.6500 | br= 2.4677 | avg= 0.4518 |   3130 ep/s | 197.2m
[Ep  36800000/50000000] avg_r=  0.264 | h2h=205.6500 | br= 2.4656 | avg= 0.4518 |   3138 ep/s | 197.5m
[Ep  36850000/50000000] avg_r=  0.095 | h2h=205.6500 | br= 2.4707 | avg= 0.4535 |   3159 ep/s | 197.7m
[Ep  36900000/50000000] avg_r=  0.193 | h2h=205.6500 | br= 2.4729 | avg= 0.4518 |   3172 ep/s | 198.0m
[Ep  36950000/50000000] avg_r=  0.183 | h2h=205.6500 | br= 2.4722 | avg= 0.4526 |   3117 ep/s | 198.3m
[Ep  37000000/50000000] avg_r=  0.239 | h2h=205.6500 | br= 2.4732 | avg= 0.4530 |   3147 ep/s | 198.5m
[Ep  37050000/50000000] avg_r=  0.248 | h2h=205.6500 | br= 2.4704 | avg= 0.4530 |   3216 ep/s | 198.8m
[Ep  37100000/50000000] avg_r=  0.216 | h2h=205.6500 | br= 2.4667 | avg= 0.4536 |   3149 ep/s | 199.1m
[Ep  37150000/50000000] avg_r=  0.199 | h2h=205.6500 | br= 2.4718 | avg= 0.4526 |   3122 ep/s | 199.3m
[Ep  37200000/50000000] avg_r=  0.217 | h2h=205.6500 | br= 2.4715 | avg= 0.4542 |   3120 ep/s | 199.6m
[Ep  37250000/50000000] avg_r=  0.198 | h2h=205.6500 | br= 2.4721 | avg= 0.4528 |   3163 ep/s | 199.9m
[Ep  37300000/50000000] avg_r=  0.234 | h2h=205.6500 | br= 2.4757 | avg= 0.4538 |   3132 ep/s | 200.1m
[Ep  37350000/50000000] avg_r=  0.253 | h2h=205.6500 | br= 2.4765 | avg= 0.4529 |   3128 ep/s | 200.4m
[Ep  37400000/50000000] avg_r=  0.136 | h2h=205.6500 | br= 2.4748 | avg= 0.4546 |   3152 ep/s | 200.7m
[Ep  37450000/50000000] avg_r=  0.103 | h2h=205.6500 | br= 2.4706 | avg= 0.4551 |   3177 ep/s | 200.9m
[Ep  37500000/50000000] avg_r=  0.199 | h2h=205.6500 | br= 2.4678 | avg= 0.4543 |   3171 ep/s | 201.2m
[Ep  37550000/50000000] avg_r=  0.191 | h2h=205.6500 | br= 2.4629 | avg= 0.4538 |   3116 ep/s | 201.4m
[Ep  37600000/50000000] avg_r=  0.092 | h2h=205.6500 | br= 2.4656 | avg= 0.4545 |   3181 ep/s | 201.7m
[Ep  37650000/50000000] avg_r=  0.213 | h2h=205.6500 | br= 2.4707 | avg= 0.4536 |   3198 ep/s | 202.0m
[Ep  37700000/50000000] avg_r=  0.288 | h2h=205.6500 | br= 2.4693 | avg= 0.4544 |   3147 ep/s | 202.2m
[Ep  37750000/50000000] avg_r=  0.197 | h2h=205.6500 | br= 2.4767 | avg= 0.4535 |   3167 ep/s | 202.5m
[Ep  37800000/50000000] avg_r=  0.232 | h2h=205.6500 | br= 2.4745 | avg= 0.4541 |   3137 ep/s | 202.8m
[Ep  37850000/50000000] avg_r=  0.202 | h2h=205.6500 | br= 2.4718 | avg= 0.4544 |   3064 ep/s | 203.0m
[Ep  37900000/50000000] avg_r=  0.222 | h2h=205.6500 | br= 2.4759 | avg= 0.4554 |   2994 ep/s | 203.3m
[Ep  37950000/50000000] avg_r=  0.141 | h2h=205.6500 | br= 2.4714 | avg= 0.4553 |   3044 ep/s | 203.6m
[Ep  38000000/50000000] avg_r=  0.217 | h2h=205.6500 | br= 2.4698 | avg= 0.4555 |   2940 ep/s | 203.9m
[Ep  38050000/50000000] avg_r=  0.223 | h2h=205.6500 | br= 2.4749 | avg= 0.4569 |   3023 ep/s | 204.1m
[Ep  38100000/50000000] avg_r=  0.228 | h2h=205.6500 | br= 2.4735 | avg= 0.4559 |   3043 ep/s | 204.4m
[Ep  38150000/50000000] avg_r=  0.203 | h2h=205.6500 | br= 2.4710 | avg= 0.4541 |   3036 ep/s | 204.7m
[Ep  38200000/50000000] avg_r=  0.123 | h2h=205.6500 | br= 2.4735 | avg= 0.4547 |   3020 ep/s | 205.0m
[Ep  38250000/50000000] avg_r=  0.240 | h2h=205.6500 | br= 2.4753 | avg= 0.4563 |   2997 ep/s | 205.2m
[Ep  38300000/50000000] avg_r=  0.097 | h2h=205.6500 | br= 2.4727 | avg= 0.4554 |   2994 ep/s | 205.5m
[Ep  38350000/50000000] avg_r=  0.238 | h2h=205.6500 | br= 2.4686 | avg= 0.4559 |   3022 ep/s | 205.8m
[Ep  38400000/50000000] avg_r=  0.214 | h2h=205.6500 | br= 2.4712 | avg= 0.4567 |   3018 ep/s | 206.1m
[Ep  38450000/50000000] avg_r=  0.216 | h2h=205.6500 | br= 2.4676 | avg= 0.4559 |   3014 ep/s | 206.4m
[Ep  38500000/50000000] avg_r=  0.206 | h2h=205.6500 | br= 2.4703 | avg= 0.4570 |   2969 ep/s | 206.6m
[Ep  38550000/50000000] avg_r=  0.136 | h2h=205.6500 | br= 2.4721 | avg= 0.4553 |   2999 ep/s | 206.9m
[Ep  38600000/50000000] avg_r=  0.171 | h2h=205.6500 | br= 2.4719 | avg= 0.4568 |   3018 ep/s | 207.2m
[Ep  38650000/50000000] avg_r=  0.241 | h2h=205.6500 | br= 2.4716 | avg= 0.4549 |   3006 ep/s | 207.5m
[Ep  38700000/50000000] avg_r=  0.156 | h2h=205.6500 | br= 2.4710 | avg= 0.4564 |   2992 ep/s | 207.7m
[Ep  38750000/50000000] avg_r=  0.216 | h2h=205.6500 | br= 2.4689 | avg= 0.4568 |   3031 ep/s | 208.0m
[Ep  38800000/50000000] avg_r=  0.230 | h2h=205.6500 | br= 2.4698 | avg= 0.4562 |   3024 ep/s | 208.3m
[Ep  38850000/50000000] avg_r=  0.171 | h2h=205.6500 | br= 2.4716 | avg= 0.4552 |   3043 ep/s | 208.6m
[Ep  38900000/50000000] avg_r=  0.169 | h2h=205.6500 | br= 2.4769 | avg= 0.4565 |   3015 ep/s | 208.8m
[Ep  38950000/50000000] avg_r=  0.140 | h2h=205.6500 | br= 2.4746 | avg= 0.4574 |   3015 ep/s | 209.1m
[Ep  39000000/50000000] avg_r=  0.179 | h2h=205.6500 | br= 2.4720 | avg= 0.4569 |   2984 ep/s | 209.4m
[Ep  39050000/50000000] avg_r=  0.222 | h2h=205.6500 | br= 2.4732 | avg= 0.4555 |   3027 ep/s | 209.7m
[Ep  39100000/50000000] avg_r=  0.185 | h2h=205.6500 | br= 2.4732 | avg= 0.4570 |   3054 ep/s | 209.9m
[Ep  39150000/50000000] avg_r=  0.139 | h2h=205.6500 | br= 2.4693 | avg= 0.4570 |   3020 ep/s | 210.2m
[Ep  39200000/50000000] avg_r=  0.151 | h2h=205.6500 | br= 2.4652 | avg= 0.4570 |   2999 ep/s | 210.5m
[Ep  39250000/50000000] avg_r=  0.192 | h2h=205.6500 | br= 2.4683 | avg= 0.4578 |   2997 ep/s | 210.8m
[Ep  39300000/50000000] avg_r=  0.145 | h2h=205.6500 | br= 2.4700 | avg= 0.4562 |   3040 ep/s | 211.1m
[Ep  39350000/50000000] avg_r=  0.161 | h2h=205.6500 | br= 2.4697 | avg= 0.4579 |   2989 ep/s | 211.3m
[Ep  39400000/50000000] avg_r=  0.189 | h2h=205.6500 | br= 2.4731 | avg= 0.4573 |   2997 ep/s | 211.6m
[Ep  39450000/50000000] avg_r=  0.124 | h2h=205.6500 | br= 2.4687 | avg= 0.4578 |   2993 ep/s | 211.9m
[Ep  39500000/50000000] avg_r=  0.116 | h2h=205.6500 | br= 2.4750 | avg= 0.4570 |   3018 ep/s | 212.2m
[Ep  39550000/50000000] avg_r=  0.241 | h2h=205.6500 | br= 2.4763 | avg= 0.4574 |   2961 ep/s | 212.4m
[Ep  39600000/50000000] avg_r=  0.210 | h2h=205.6500 | br= 2.4724 | avg= 0.4576 |   3046 ep/s | 212.7m
[Ep  39650000/50000000] avg_r=  0.231 | h2h=205.6500 | br= 2.4690 | avg= 0.4582 |   3020 ep/s | 213.0m
[Ep  39700000/50000000] avg_r=  0.093 | h2h=205.6500 | br= 2.4676 | avg= 0.4578 |   2988 ep/s | 213.3m
[Ep  39750000/50000000] avg_r=  0.207 | h2h=205.6500 | br= 2.4666 | avg= 0.4560 |   2970 ep/s | 213.6m
[Ep  39800000/50000000] avg_r=  0.171 | h2h=205.6500 | br= 2.4679 | avg= 0.4577 |   2965 ep/s | 213.8m
[Ep  39850000/50000000] avg_r=  0.239 | h2h=205.6500 | br= 2.4713 | avg= 0.4568 |   3014 ep/s | 214.1m
[Ep  39900000/50000000] avg_r=  0.219 | h2h=205.6500 | br= 2.4740 | avg= 0.4583 |   3014 ep/s | 214.4m
[Ep  39950000/50000000] avg_r=  0.138 | h2h=205.6500 | br= 2.4736 | avg= 0.4581 |   3047 ep/s | 214.7m
[Ep  40000000/50000000] avg_r=  0.174 | h2h=205.6500 | br= 2.4737 | avg= 0.4581 |   3019 ep/s | 214.9m
[H2H] ep=40000000 | avg_reward=180.0500 over 1000 games
  >>> H2H WINRATE @ ep 40000000: 180.0500
  [CHECKPOINT] saved at ep 40000000
[snapshot] ep=40000000 -> /home/anthonyn/cos435/cpp-implementation/snapshots/holdem_64x64_meanvar/ep40000000
[Ep  40050000/50000000] avg_r=  0.165 | h2h=180.0500 | br= 2.4738 | avg= 0.4581 |    517 ep/s | 216.5m
[Ep  40100000/50000000] avg_r=  0.177 | h2h=180.0500 | br= 2.4726 | avg= 0.4571 |   2983 ep/s | 216.8m
[Ep  40150000/50000000] avg_r=  0.208 | h2h=180.0500 | br= 2.4693 | avg= 0.4580 |   2986 ep/s | 217.1m
[Ep  40200000/50000000] avg_r=  0.202 | h2h=180.0500 | br= 2.4658 | avg= 0.4553 |   2987 ep/s | 217.4m
[Ep  40250000/50000000] avg_r=  0.156 | h2h=180.0500 | br= 2.4660 | avg= 0.4555 |   3015 ep/s | 217.7m
[Ep  40300000/50000000] avg_r=  0.257 | h2h=180.0500 | br= 2.4706 | avg= 0.4572 |   3015 ep/s | 217.9m
[Ep  40350000/50000000] avg_r=  0.166 | h2h=180.0500 | br= 2.4733 | avg= 0.4575 |   3054 ep/s | 218.2m
[Ep  40400000/50000000] avg_r=  0.193 | h2h=180.0500 | br= 2.4693 | avg= 0.4574 |   3015 ep/s | 218.5m
[Ep  40450000/50000000] avg_r=  0.218 | h2h=180.0500 | br= 2.4693 | avg= 0.4581 |   3002 ep/s | 218.8m
[Ep  40500000/50000000] avg_r=  0.160 | h2h=180.0500 | br= 2.4706 | avg= 0.4590 |   3002 ep/s | 219.0m
[Ep  40550000/50000000] avg_r=  0.243 | h2h=180.0500 | br= 2.4734 | avg= 0.4576 |   3006 ep/s | 219.3m
[Ep  40600000/50000000] avg_r=  0.221 | h2h=180.0500 | br= 2.4750 | avg= 0.4594 |   3063 ep/s | 219.6m
[Ep  40650000/50000000] avg_r=  0.157 | h2h=180.0500 | br= 2.4754 | avg= 0.4586 |   2981 ep/s | 219.9m
[Ep  40700000/50000000] avg_r=  0.196 | h2h=180.0500 | br= 2.4728 | avg= 0.4581 |   2994 ep/s | 220.2m
[Ep  40750000/50000000] avg_r=  0.206 | h2h=180.0500 | br= 2.4707 | avg= 0.4586 |   3028 ep/s | 220.4m
[Ep  40800000/50000000] avg_r=  0.250 | h2h=180.0500 | br= 2.4694 | avg= 0.4572 |   3686 ep/s | 220.7m
[Ep  40850000/50000000] avg_r=  0.329 | h2h=180.0500 | br= 2.4689 | avg= 0.4580 |   4171 ep/s | 220.9m
[Ep  40900000/50000000] avg_r=  0.196 | h2h=180.0500 | br= 2.4706 | avg= 0.4585 |   4214 ep/s | 221.1m
[Ep  40950000/50000000] avg_r=  0.252 | h2h=180.0500 | br= 2.4748 | avg= 0.4573 |   4163 ep/s | 221.3m
[Ep  41000000/50000000] avg_r=  0.235 | h2h=180.0500 | br= 2.4744 | avg= 0.4583 |   4185 ep/s | 221.4m
[Ep  41050000/50000000] avg_r=  0.213 | h2h=180.0500 | br= 2.4752 | avg= 0.4570 |   4207 ep/s | 221.6m
[Ep  41100000/50000000] avg_r=  0.164 | h2h=180.0500 | br= 2.4715 | avg= 0.4581 |   4217 ep/s | 221.8m
[Ep  41150000/50000000] avg_r=  0.167 | h2h=180.0500 | br= 2.4717 | avg= 0.4573 |   4138 ep/s | 222.0m
[Ep  41200000/50000000] avg_r=  0.247 | h2h=180.0500 | br= 2.4679 | avg= 0.4573 |   3908 ep/s | 222.3m
[Ep  41250000/50000000] avg_r=  0.172 | h2h=180.0500 | br= 2.4652 | avg= 0.4563 |   3003 ep/s | 222.5m
[Ep  41300000/50000000] avg_r=  0.238 | h2h=180.0500 | br= 2.4679 | avg= 0.4579 |   2976 ep/s | 222.8m
[Ep  41350000/50000000] avg_r=  0.211 | h2h=180.0500 | br= 2.4693 | avg= 0.4580 |   3118 ep/s | 223.1m
[Ep  41400000/50000000] avg_r=  0.222 | h2h=180.0500 | br= 2.4667 | avg= 0.4584 |   3180 ep/s | 223.3m
[Ep  41450000/50000000] avg_r=  0.205 | h2h=180.0500 | br= 2.4692 | avg= 0.4575 |   3133 ep/s | 223.6m
[Ep  41500000/50000000] avg_r=  0.248 | h2h=180.0500 | br= 2.4729 | avg= 0.4576 |   3132 ep/s | 223.9m
[Ep  41550000/50000000] avg_r=  0.236 | h2h=180.0500 | br= 2.4740 | avg= 0.4573 |   3135 ep/s | 224.1m
[Ep  41600000/50000000] avg_r=  0.224 | h2h=180.0500 | br= 2.4719 | avg= 0.4582 |   3169 ep/s | 224.4m
[Ep  41650000/50000000] avg_r=  0.177 | h2h=180.0500 | br= 2.4708 | avg= 0.4579 |   3174 ep/s | 224.7m
[Ep  41700000/50000000] avg_r=  0.206 | h2h=180.0500 | br= 2.4701 | avg= 0.4585 |   3171 ep/s | 224.9m
[Ep  41750000/50000000] avg_r=  0.173 | h2h=180.0500 | br= 2.4692 | avg= 0.4572 |   3090 ep/s | 225.2m
[Ep  41800000/50000000] avg_r=  0.218 | h2h=180.0500 | br= 2.4680 | avg= 0.4571 |   3088 ep/s | 225.5m
[Ep  41850000/50000000] avg_r=  0.230 | h2h=180.0500 | br= 2.4690 | avg= 0.4572 |   3132 ep/s | 225.7m
[Ep  41900000/50000000] avg_r=  0.237 | h2h=180.0500 | br= 2.4701 | avg= 0.4585 |   3181 ep/s | 226.0m
[Ep  41950000/50000000] avg_r=  0.106 | h2h=180.0500 | br= 2.4712 | avg= 0.4597 |   3130 ep/s | 226.3m
[Ep  42000000/50000000] avg_r=  0.208 | h2h=180.0500 | br= 2.4719 | avg= 0.4588 |   3072 ep/s | 226.5m
[Ep  42050000/50000000] avg_r=  0.143 | h2h=180.0500 | br= 2.4695 | avg= 0.4585 |   2994 ep/s | 226.8m
[Ep  42100000/50000000] avg_r=  0.267 | h2h=180.0500 | br= 2.4695 | avg= 0.4584 |   3013 ep/s | 227.1m
[Ep  42150000/50000000] avg_r=  0.162 | h2h=180.0500 | br= 2.4710 | avg= 0.4584 |   3017 ep/s | 227.4m
[Ep  42200000/50000000] avg_r=  0.219 | h2h=180.0500 | br= 2.4683 | avg= 0.4580 |   2991 ep/s | 227.6m
[Ep  42250000/50000000] avg_r=  0.292 | h2h=180.0500 | br= 2.4719 | avg= 0.4580 |   3064 ep/s | 227.9m
[Ep  42300000/50000000] avg_r=  0.286 | h2h=180.0500 | br= 2.4732 | avg= 0.4585 |   3114 ep/s | 228.2m
[Ep  42350000/50000000] avg_r=  0.189 | h2h=180.0500 | br= 2.4728 | avg= 0.4581 |   3103 ep/s | 228.5m
[Ep  42400000/50000000] avg_r=  0.247 | h2h=180.0500 | br= 2.4718 | avg= 0.4572 |   3136 ep/s | 228.7m
[Ep  42450000/50000000] avg_r=  0.210 | h2h=180.0500 | br= 2.4723 | avg= 0.4572 |   3109 ep/s | 229.0m
[Ep  42500000/50000000] avg_r=  0.209 | h2h=180.0500 | br= 2.4710 | avg= 0.4590 |   3131 ep/s | 229.3m
[Ep  42550000/50000000] avg_r=  0.156 | h2h=180.0500 | br= 2.4729 | avg= 0.4578 |   3123 ep/s | 229.5m
[Ep  42600000/50000000] avg_r=  0.226 | h2h=180.0500 | br= 2.4718 | avg= 0.4576 |   3143 ep/s | 229.8m
[Ep  42650000/50000000] avg_r=  0.100 | h2h=180.0500 | br= 2.4733 | avg= 0.4595 |   3169 ep/s | 230.1m
[Ep  42700000/50000000] avg_r=  0.162 | h2h=180.0500 | br= 2.4713 | avg= 0.4576 |   3142 ep/s | 230.3m
[Ep  42750000/50000000] avg_r=  0.249 | h2h=180.0500 | br= 2.4688 | avg= 0.4565 |   3185 ep/s | 230.6m
[Ep  42800000/50000000] avg_r=  0.175 | h2h=180.0500 | br= 2.4731 | avg= 0.4577 |   3157 ep/s | 230.8m
[Ep  42850000/50000000] avg_r=  0.158 | h2h=180.0500 | br= 2.4697 | avg= 0.4586 |   3154 ep/s | 231.1m
[Ep  42900000/50000000] avg_r=  0.241 | h2h=180.0500 | br= 2.4713 | avg= 0.4593 |   3467 ep/s | 231.3m
[Ep  42950000/50000000] avg_r=  0.251 | h2h=180.0500 | br= 2.4721 | avg= 0.4585 |   3489 ep/s | 231.6m
[Ep  43000000/50000000] avg_r=  0.229 | h2h=180.0500 | br= 2.4691 | avg= 0.4584 |   3477 ep/s | 231.8m
[Ep  43050000/50000000] avg_r=  0.156 | h2h=180.0500 | br= 2.4700 | avg= 0.4577 |   3430 ep/s | 232.1m
[Ep  43100000/50000000] avg_r=  0.168 | h2h=180.0500 | br= 2.4747 | avg= 0.4582 |   3521 ep/s | 232.3m
[Ep  43150000/50000000] avg_r=  0.209 | h2h=180.0500 | br= 2.4721 | avg= 0.4591 |   3514 ep/s | 232.5m
[Ep  43200000/50000000] avg_r=  0.248 | h2h=180.0500 | br= 2.4752 | avg= 0.4578 |   3254 ep/s | 232.8m
[Ep  43250000/50000000] avg_r=  0.134 | h2h=180.0500 | br= 2.4732 | avg= 0.4574 |   3095 ep/s | 233.1m
[Ep  43300000/50000000] avg_r=  0.144 | h2h=180.0500 | br= 2.4707 | avg= 0.4566 |   3079 ep/s | 233.3m
[Ep  43350000/50000000] avg_r=  0.167 | h2h=180.0500 | br= 2.4693 | avg= 0.4567 |   3057 ep/s | 233.6m
[Ep  43400000/50000000] avg_r=  0.291 | h2h=180.0500 | br= 2.4695 | avg= 0.4577 |   3023 ep/s | 233.9m
[Ep  43450000/50000000] avg_r=  0.226 | h2h=180.0500 | br= 2.4704 | avg= 0.4594 |   3135 ep/s | 234.2m
[Ep  43500000/50000000] avg_r=  0.127 | h2h=180.0500 | br= 2.4707 | avg= 0.4580 |   3063 ep/s | 234.4m
[Ep  43550000/50000000] avg_r=  0.202 | h2h=180.0500 | br= 2.4682 | avg= 0.4561 |   3152 ep/s | 234.7m
[Ep  43600000/50000000] avg_r=  0.120 | h2h=180.0500 | br= 2.4692 | avg= 0.4578 |   3161 ep/s | 235.0m
[Ep  43650000/50000000] avg_r=  0.107 | h2h=180.0500 | br= 2.4717 | avg= 0.4433 |   3131 ep/s | 235.2m
[Ep  43700000/50000000] avg_r=  0.196 | h2h=180.0500 | br= 2.4743 | avg= 0.4407 |   3146 ep/s | 235.5m
[Ep  43750000/50000000] avg_r=  0.223 | h2h=180.0500 | br= 2.4744 | avg= 0.4411 |   3175 ep/s | 235.7m
[Ep  43800000/50000000] avg_r=  0.222 | h2h=180.0500 | br= 2.4701 | avg= 0.4402 |   3172 ep/s | 236.0m
[Ep  43850000/50000000] avg_r=  0.310 | h2h=180.0500 | br= 2.4740 | avg= 0.4408 |   3132 ep/s | 236.3m
[Ep  43900000/50000000] avg_r=  0.141 | h2h=180.0500 | br= 2.4724 | avg= 0.4405 |   3155 ep/s | 236.5m
[Ep  43950000/50000000] avg_r=  0.174 | h2h=180.0500 | br= 2.4732 | avg= 0.4410 |   3091 ep/s | 236.8m
[Ep  44000000/50000000] avg_r=  0.259 | h2h=180.0500 | br= 2.4697 | avg= 0.4420 |   3121 ep/s | 237.1m
[Ep  44050000/50000000] avg_r=  0.197 | h2h=180.0500 | br= 2.4681 | avg= 0.4407 |   3108 ep/s | 237.3m
[Ep  44100000/50000000] avg_r=  0.243 | h2h=180.0500 | br= 2.4715 | avg= 0.4402 |   3155 ep/s | 237.6m
[Ep  44150000/50000000] avg_r=  0.285 | h2h=180.0500 | br= 2.4750 | avg= 0.4410 |   3127 ep/s | 237.9m
[Ep  44200000/50000000] avg_r=  0.274 | h2h=180.0500 | br= 2.4724 | avg= 0.4409 |   3117 ep/s | 238.1m
[Ep  44250000/50000000] avg_r=  0.186 | h2h=180.0500 | br= 2.4728 | avg= 0.4414 |   3117 ep/s | 238.4m
[Ep  44300000/50000000] avg_r=  0.237 | h2h=180.0500 | br= 2.4689 | avg= 0.4415 |   3126 ep/s | 238.7m
[Ep  44350000/50000000] avg_r=  0.183 | h2h=180.0500 | br= 2.4702 | avg= 0.4407 |   3119 ep/s | 238.9m
[Ep  44400000/50000000] avg_r=  0.262 | h2h=180.0500 | br= 2.4712 | avg= 0.4409 |   3105 ep/s | 239.2m
[Ep  44450000/50000000] avg_r=  0.148 | h2h=180.0500 | br= 2.4718 | avg= 0.4419 |   3142 ep/s | 239.5m
[Ep  44500000/50000000] avg_r=  0.218 | h2h=180.0500 | br= 2.4737 | avg= 0.4411 |   3106 ep/s | 239.7m
[Ep  44550000/50000000] avg_r=  0.138 | h2h=180.0500 | br= 2.4729 | avg= 0.4408 |   3120 ep/s | 240.0m
[Ep  44600000/50000000] avg_r=  0.253 | h2h=180.0500 | br= 2.4725 | avg= 0.4421 |   3069 ep/s | 240.3m
[Ep  44650000/50000000] avg_r=  0.137 | h2h=180.0500 | br= 2.4765 | avg= 0.4488 |   3114 ep/s | 240.6m
[Ep  44700000/50000000] avg_r=  0.158 | h2h=180.0500 | br= 2.4690 | avg= 0.4560 |   3190 ep/s | 240.8m
[Ep  44750000/50000000] avg_r=  0.130 | h2h=180.0500 | br= 2.4557 | avg= 0.4570 |   3193 ep/s | 241.1m
[Ep  44800000/50000000] avg_r=  0.183 | h2h=180.0500 | br= 2.4515 | avg= 0.4572 |   3227 ep/s | 241.3m
[Ep  44850000/50000000] avg_r=  0.178 | h2h=180.0500 | br= 2.4508 | avg= 0.4573 |   3231 ep/s | 241.6m
[Ep  44900000/50000000] avg_r=  0.104 | h2h=180.0500 | br= 2.4502 | avg= 0.4577 |   3188 ep/s | 241.8m
[Ep  44950000/50000000] avg_r=  0.171 | h2h=180.0500 | br= 2.4504 | avg= 0.4576 |   3226 ep/s | 242.1m
[Ep  45000000/50000000] avg_r=  0.096 | h2h=180.0500 | br= 2.4472 | avg= 0.4564 |   3181 ep/s | 242.4m
[Ep  45050000/50000000] avg_r=  0.064 | h2h=180.0500 | br= 2.4437 | avg= 0.4553 |   3174 ep/s | 242.6m
[Ep  45100000/50000000] avg_r=  0.169 | h2h=180.0500 | br= 2.4478 | avg= 0.4572 |   3146 ep/s | 242.9m
[Ep  45150000/50000000] avg_r=  0.161 | h2h=180.0500 | br= 2.4467 | avg= 0.4569 |   3157 ep/s | 243.2m
[Ep  45200000/50000000] avg_r=  0.073 | h2h=180.0500 | br= 2.4486 | avg= 0.4569 |   3205 ep/s | 243.4m
[Ep  45250000/50000000] avg_r=  0.162 | h2h=180.0500 | br= 2.4482 | avg= 0.4591 |   3231 ep/s | 243.7m
[Ep  45300000/50000000] avg_r=  0.131 | h2h=180.0500 | br= 2.4487 | avg= 0.4580 |   3189 ep/s | 243.9m
[Ep  45350000/50000000] avg_r=  0.087 | h2h=180.0500 | br= 2.4502 | avg= 0.4574 |   3204 ep/s | 244.2m
[Ep  45400000/50000000] avg_r=  0.167 | h2h=180.0500 | br= 2.4511 | avg= 0.4572 |   3194 ep/s | 244.5m
[Ep  45450000/50000000] avg_r=  0.019 | h2h=180.0500 | br= 2.4501 | avg= 0.4585 |   3164 ep/s | 244.7m
[Ep  45500000/50000000] avg_r=  0.149 | h2h=180.0500 | br= 2.4495 | avg= 0.4572 |   3184 ep/s | 245.0m
[Ep  45550000/50000000] avg_r=  0.106 | h2h=180.0500 | br= 2.4492 | avg= 0.4587 |   3163 ep/s | 245.3m
[Ep  45600000/50000000] avg_r=  0.183 | h2h=180.0500 | br= 2.4508 | avg= 0.4567 |   3190 ep/s | 245.5m
[Ep  45650000/50000000] avg_r=  0.069 | h2h=180.0500 | br= 2.4474 | avg= 0.4586 |   3197 ep/s | 245.8m
[Ep  45700000/50000000] avg_r=  0.149 | h2h=180.0500 | br= 2.4480 | avg= 0.4556 |   3161 ep/s | 246.0m
[Ep  45750000/50000000] avg_r=  0.173 | h2h=180.0500 | br= 2.4528 | avg= 0.4572 |   3213 ep/s | 246.3m
[Ep  45800000/50000000] avg_r=  0.163 | h2h=180.0500 | br= 2.4507 | avg= 0.4579 |   3181 ep/s | 246.6m
[Ep  45850000/50000000] avg_r=  0.173 | h2h=180.0500 | br= 2.4475 | avg= 0.4556 |   3221 ep/s | 246.8m
[Ep  45900000/50000000] avg_r=  0.099 | h2h=180.0500 | br= 2.4450 | avg= 0.4568 |   3207 ep/s | 247.1m
[Ep  45950000/50000000] avg_r=  0.119 | h2h=180.0500 | br= 2.4468 | avg= 0.4569 |   3174 ep/s | 247.3m
[Ep  46000000/50000000] avg_r=  0.234 | h2h=180.0500 | br= 2.4444 | avg= 0.4560 |   3191 ep/s | 247.6m
[Ep  46050000/50000000] avg_r=  0.142 | h2h=180.0500 | br= 2.4476 | avg= 0.4570 |   3192 ep/s | 247.9m
[Ep  46100000/50000000] avg_r=  0.191 | h2h=180.0500 | br= 2.4521 | avg= 0.4570 |   3204 ep/s | 248.1m
[Ep  46150000/50000000] avg_r=  0.185 | h2h=180.0500 | br= 2.4503 | avg= 0.4577 |   3103 ep/s | 248.4m
[Ep  46200000/50000000] avg_r=  0.118 | h2h=180.0500 | br= 2.4454 | avg= 0.4585 |   3038 ep/s | 248.7m
[Ep  46250000/50000000] avg_r=  0.134 | h2h=180.0500 | br= 2.4458 | avg= 0.4566 |   3084 ep/s | 248.9m
[Ep  46300000/50000000] avg_r=  0.168 | h2h=180.0500 | br= 2.4459 | avg= 0.4571 |   3099 ep/s | 249.2m
[Ep  46350000/50000000] avg_r=  0.090 | h2h=180.0500 | br= 2.4478 | avg= 0.4574 |   3043 ep/s | 249.5m
[Ep  46400000/50000000] avg_r=  0.119 | h2h=180.0500 | br= 2.4507 | avg= 0.4552 |   3065 ep/s | 249.7m
[Ep  46450000/50000000] avg_r=  0.071 | h2h=180.0500 | br= 2.4505 | avg= 0.4551 |   3053 ep/s | 250.0m
[Ep  46500000/50000000] avg_r=  0.187 | h2h=180.0500 | br= 2.4514 | avg= 0.4579 |   3047 ep/s | 250.3m
[Ep  46550000/50000000] avg_r=  0.092 | h2h=180.0500 | br= 2.4493 | avg= 0.4550 |   3031 ep/s | 250.6m
[Ep  46600000/50000000] avg_r=  0.196 | h2h=180.0500 | br= 2.4516 | avg= 0.4574 |   3083 ep/s | 250.8m
[Ep  46650000/50000000] avg_r=  0.145 | h2h=180.0500 | br= 2.4499 | avg= 0.4578 |   3087 ep/s | 251.1m
[Ep  46700000/50000000] avg_r=  0.075 | h2h=180.0500 | br= 2.4462 | avg= 0.4564 |   3020 ep/s | 251.4m
[Ep  46750000/50000000] avg_r=  0.101 | h2h=180.0500 | br= 2.4453 | avg= 0.4561 |   3053 ep/s | 251.7m
[Ep  46800000/50000000] avg_r=  0.126 | h2h=180.0500 | br= 2.4460 | avg= 0.4561 |   3063 ep/s | 251.9m
[Ep  46850000/50000000] avg_r=  0.125 | h2h=180.0500 | br= 2.4463 | avg= 0.4562 |   3148 ep/s | 252.2m
[Ep  46900000/50000000] avg_r=  0.217 | h2h=180.0500 | br= 2.4482 | avg= 0.4560 |   3276 ep/s | 252.5m
[Ep  46950000/50000000] avg_r=  0.172 | h2h=180.0500 | br= 2.4508 | avg= 0.4561 |   3179 ep/s | 252.7m
[Ep  47000000/50000000] avg_r=  0.144 | h2h=180.0500 | br= 2.4553 | avg= 0.4559 |   3185 ep/s | 253.0m
[Ep  47050000/50000000] avg_r=  0.128 | h2h=180.0500 | br= 2.4562 | avg= 0.4560 |   3179 ep/s | 253.2m
[Ep  47100000/50000000] avg_r=  0.212 | h2h=180.0500 | br= 2.4507 | avg= 0.4567 |   3220 ep/s | 253.5m
[Ep  47150000/50000000] avg_r=  0.192 | h2h=180.0500 | br= 2.4504 | avg= 0.4564 |   3206 ep/s | 253.8m
[Ep  47200000/50000000] avg_r=  0.165 | h2h=180.0500 | br= 2.4481 | avg= 0.4556 |   3227 ep/s | 254.0m
[Ep  47250000/50000000] avg_r=  0.130 | h2h=180.0500 | br= 2.4489 | avg= 0.4549 |   3183 ep/s | 254.3m
[Ep  47300000/50000000] avg_r=  0.152 | h2h=180.0500 | br= 2.4496 | avg= 0.4563 |   3206 ep/s | 254.5m
[Ep  47350000/50000000] avg_r=  0.206 | h2h=180.0500 | br= 2.4502 | avg= 0.4559 |   3182 ep/s | 254.8m
[Ep  47400000/50000000] avg_r=  0.094 | h2h=180.0500 | br= 2.4506 | avg= 0.4542 |   3127 ep/s | 255.1m
[Ep  47450000/50000000] avg_r=  0.079 | h2h=180.0500 | br= 2.4496 | avg= 0.4564 |   3140 ep/s | 255.3m
[Ep  47500000/50000000] avg_r=  0.028 | h2h=180.0500 | br= 2.4486 | avg= 0.4572 |   3140 ep/s | 255.6m
[Ep  47550000/50000000] avg_r=  0.127 | h2h=180.0500 | br= 2.4471 | avg= 0.4550 |   3198 ep/s | 255.9m
[Ep  47600000/50000000] avg_r=  0.050 | h2h=180.0500 | br= 2.4493 | avg= 0.4565 |   3202 ep/s | 256.1m
[Ep  47650000/50000000] avg_r=  0.265 | h2h=180.0500 | br= 2.4525 | avg= 0.4567 |   3141 ep/s | 256.4m
[Ep  47700000/50000000] avg_r=  0.082 | h2h=180.0500 | br= 2.4526 | avg= 0.4571 |   3171 ep/s | 256.6m
[Ep  47750000/50000000] avg_r=  0.165 | h2h=180.0500 | br= 2.4510 | avg= 0.4571 |   3139 ep/s | 256.9m
[Ep  47800000/50000000] avg_r=  0.136 | h2h=180.0500 | br= 2.4490 | avg= 0.4563 |   3179 ep/s | 257.2m
[Ep  47850000/50000000] avg_r=  0.148 | h2h=180.0500 | br= 2.4466 | avg= 0.4561 |   3197 ep/s | 257.4m
[Ep  47900000/50000000] avg_r=  0.083 | h2h=180.0500 | br= 2.4499 | avg= 0.4550 |   3223 ep/s | 257.7m
[Ep  47950000/50000000] avg_r=  0.093 | h2h=180.0500 | br= 2.4521 | avg= 0.4547 |   3199 ep/s | 258.0m
[Ep  48000000/50000000] avg_r=  0.135 | h2h=180.0500 | br= 2.4520 | avg= 0.4543 |   3054 ep/s | 258.2m
[Ep  48050000/50000000] avg_r=  0.132 | h2h=180.0500 | br= 2.4493 | avg= 0.4561 |   3044 ep/s | 258.5m
[Ep  48100000/50000000] avg_r=  0.096 | h2h=180.0500 | br= 2.4503 | avg= 0.4556 |   3031 ep/s | 258.8m
[Ep  48150000/50000000] avg_r=  0.161 | h2h=180.0500 | br= 2.4445 | avg= 0.4560 |   3060 ep/s | 259.0m
[Ep  48200000/50000000] avg_r=  0.224 | h2h=180.0500 | br= 2.4419 | avg= 0.4561 |   3055 ep/s | 259.3m
[Ep  48250000/50000000] avg_r=  0.084 | h2h=180.0500 | br= 2.4449 | avg= 0.4546 |   3041 ep/s | 259.6m
[Ep  48300000/50000000] avg_r=  0.124 | h2h=180.0500 | br= 2.4482 | avg= 0.4556 |   2997 ep/s | 259.9m
[Ep  48350000/50000000] avg_r=  0.167 | h2h=180.0500 | br= 2.4490 | avg= 0.4562 |   3075 ep/s | 260.1m
[Ep  48400000/50000000] avg_r=  0.188 | h2h=180.0500 | br= 2.4485 | avg= 0.4554 |   3147 ep/s | 260.4m
[Ep  48450000/50000000] avg_r=  0.178 | h2h=180.0500 | br= 2.4461 | avg= 0.4544 |   3233 ep/s | 260.7m
[Ep  48500000/50000000] avg_r=  0.155 | h2h=180.0500 | br= 2.4482 | avg= 0.4550 |   3228 ep/s | 260.9m
[Ep  48550000/50000000] avg_r=  0.106 | h2h=180.0500 | br= 2.4483 | avg= 0.4537 |   3151 ep/s | 261.2m
[Ep  48600000/50000000] avg_r=  0.149 | h2h=180.0500 | br= 2.4490 | avg= 0.4563 |   3237 ep/s | 261.4m
[Ep  48650000/50000000] avg_r=  0.085 | h2h=180.0500 | br= 2.4464 | avg= 0.4546 |   3215 ep/s | 261.7m
[Ep  48700000/50000000] avg_r=  0.096 | h2h=180.0500 | br= 2.4484 | avg= 0.4566 |   3161 ep/s | 262.0m
[Ep  48750000/50000000] avg_r=  0.118 | h2h=180.0500 | br= 2.4495 | avg= 0.4536 |   3235 ep/s | 262.2m
[Ep  48800000/50000000] avg_r=  0.089 | h2h=180.0500 | br= 2.4493 | avg= 0.4550 |   3196 ep/s | 262.5m
[Ep  48850000/50000000] avg_r=  0.101 | h2h=180.0500 | br= 2.4471 | avg= 0.4551 |   3192 ep/s | 262.7m
[Ep  48900000/50000000] avg_r=  0.111 | h2h=180.0500 | br= 2.4525 | avg= 0.4548 |   3228 ep/s | 263.0m
[Ep  48950000/50000000] avg_r=  0.201 | h2h=180.0500 | br= 2.4547 | avg= 0.4547 |   3249 ep/s | 263.3m
[Ep  49000000/50000000] avg_r=  0.143 | h2h=180.0500 | br= 2.4491 | avg= 0.4547 |   3188 ep/s | 263.5m
[Ep  49050000/50000000] avg_r=  0.115 | h2h=180.0500 | br= 2.4475 | avg= 0.4545 |   3041 ep/s | 263.8m
[Ep  49100000/50000000] avg_r=  0.051 | h2h=180.0500 | br= 2.4494 | avg= 0.4534 |   3058 ep/s | 264.1m
[Ep  49150000/50000000] avg_r=  0.233 | h2h=180.0500 | br= 2.4520 | avg= 0.4534 |   3143 ep/s | 264.3m
[Ep  49200000/50000000] avg_r=  0.139 | h2h=180.0500 | br= 2.4492 | avg= 0.4539 |   3256 ep/s | 264.6m
[Ep  49250000/50000000] avg_r=  0.169 | h2h=180.0500 | br= 2.4507 | avg= 0.4536 |   3205 ep/s | 264.8m
[Ep  49300000/50000000] avg_r=  0.196 | h2h=180.0500 | br= 2.4472 | avg= 0.4551 |   3243 ep/s | 265.1m
[Ep  49350000/50000000] avg_r=  0.042 | h2h=180.0500 | br= 2.4466 | avg= 0.4541 |   3191 ep/s | 265.4m
[Ep  49400000/50000000] avg_r=  0.121 | h2h=180.0500 | br= 2.4477 | avg= 0.4539 |   3221 ep/s | 265.6m
[Ep  49450000/50000000] avg_r=  0.187 | h2h=180.0500 | br= 2.4525 | avg= 0.4532 |   3173 ep/s | 265.9m
[Ep  49500000/50000000] avg_r=  0.159 | h2h=180.0500 | br= 2.4506 | avg= 0.4520 |   3132 ep/s | 266.2m
[Ep  49550000/50000000] avg_r=  0.142 | h2h=180.0500 | br= 2.4546 | avg= 0.4539 |   3123 ep/s | 266.4m
[Ep  49600000/50000000] avg_r=  0.054 | h2h=180.0500 | br= 2.4513 | avg= 0.4533 |   3066 ep/s | 266.7m
[Ep  49650000/50000000] avg_r=  0.182 | h2h=180.0500 | br= 2.4506 | avg= 0.4543 |   3120 ep/s | 267.0m
[Ep  49700000/50000000] avg_r=  0.099 | h2h=180.0500 | br= 2.4512 | avg= 0.4535 |   3048 ep/s | 267.2m
[Ep  49750000/50000000] avg_r=  0.245 | h2h=180.0500 | br= 2.4538 | avg= 0.4540 |   3172 ep/s | 267.5m
[Ep  49800000/50000000] avg_r=  0.127 | h2h=180.0500 | br= 2.4506 | avg= 0.4527 |   3247 ep/s | 267.8m
[Ep  49850000/50000000] avg_r=  0.105 | h2h=180.0500 | br= 2.4480 | avg= 0.4538 |   3204 ep/s | 268.0m
[Ep  49900000/50000000] avg_r=  0.075 | h2h=180.0500 | br= 2.4498 | avg= 0.4544 |   3161 ep/s | 268.3m
[Ep  49950000/50000000] avg_r=  0.243 | h2h=180.0500 | br= 2.4447 | avg= 0.4522 |   3223 ep/s | 268.5m
[Ep  50000000/50000000] avg_r=  0.071 | h2h=180.0500 | br= 2.4519 | avg= 0.4536 |   3217 ep/s | 268.8m
[H2H] ep=50000000 | avg_reward=175.0000 over 1000 games
  >>> H2H WINRATE @ ep 50000000: 175.0000
  [CHECKPOINT] saved at ep 50000000
[snapshot] ep=50000000 -> /home/anthonyn/cos435/cpp-implementation/snapshots/holdem_64x64_meanvar/ep50000000
==========================================================================================
DONE holdem_64x64_meanvar | 310.9m
H2H log saved to results/logs/holdem_64x64_meanvar_seed42_h2h.csv
