NFSP C++ Hold'em holdem_64x64_mv_train_std_full (nfsp_iqn) | seed=42 | 50000000 episodes | 3 workers | arch=[64,64] | batch=256 | learn_every=256 | target=128000 | dqn_lr=0.002 | sl_lr=0.0002 | dqn_buf=600000 | res_buf=15000000
==========================================================================================
[Ep     50000/50000000] avg_r=  0.431 | h2h=  0.0000 | br= 0.4124 | avg= 0.3573 | fc=0.000 |   2437 ep/s | 0.3m
[Ep    100000/50000000] avg_r=  0.420 | h2h=  0.0000 | br= 0.5250 | avg= 0.3208 | fc=0.000 |   2214 ep/s | 0.7m
[Ep    150000/50000000] avg_r=  0.611 | h2h=  0.0000 | br= 0.5436 | avg= 0.3093 | fc=0.000 |   2226 ep/s | 1.1m
[Ep    200000/50000000] avg_r=  0.490 | h2h=  0.0000 | br= 0.5322 | avg= 0.3041 | fc=0.000 |   2176 ep/s | 1.5m
[Ep    250000/50000000] avg_r=  0.467 | h2h=  0.0000 | br= 0.5251 | avg= 0.2988 | fc=0.000 |   2079 ep/s | 1.9m
[Ep    300000/50000000] avg_r=  0.482 | h2h=  0.0000 | br= 0.5221 | avg= 0.3039 | fc=0.000 |   2115 ep/s | 2.3m
[Ep    350000/50000000] avg_r=  0.483 | h2h=  0.0000 | br= 0.5197 | avg= 0.3068 | fc=0.000 |   2171 ep/s | 2.7m
[Ep    400000/50000000] avg_r=  0.502 | h2h=  0.0000 | br= 0.5282 | avg= 0.3098 | fc=0.000 |   2056 ep/s | 3.1m
[Ep    450000/50000000] avg_r=  0.432 | h2h=  0.0000 | br= 0.5299 | avg= 0.3105 | fc=0.000 |   2081 ep/s | 3.5m
[Ep    500000/50000000] avg_r=  0.491 | h2h=  0.0000 | br= 0.6817 | avg= 0.3106 | fc=0.133 |   2140 ep/s | 3.8m
[Ep    550000/50000000] avg_r=  0.607 | h2h=  0.0000 | br= 0.7351 | avg= 0.3050 | fc=0.121 |   2123 ep/s | 4.2m
[Ep    600000/50000000] avg_r=  0.439 | h2h=  0.0000 | br= 0.7236 | avg= 0.3013 | fc=0.104 |   2142 ep/s | 4.6m
[Ep    650000/50000000] avg_r=  0.430 | h2h=  0.0000 | br= 0.7180 | avg= 0.3013 | fc=0.090 |   2136 ep/s | 5.0m
[Ep    700000/50000000] avg_r=  0.552 | h2h=  0.0000 | br= 0.8861 | avg= 0.2959 | fc=0.414 |   2188 ep/s | 5.4m
[Ep    750000/50000000] avg_r=  0.692 | h2h=  0.0000 | br= 0.9048 | avg= 0.2947 | fc=0.395 |   2162 ep/s | 5.8m
[Ep    800000/50000000] avg_r=  0.628 | h2h=  0.0000 | br= 0.9070 | avg= 0.2925 | fc=0.439 |   2177 ep/s | 6.2m
[Ep    850000/50000000] avg_r=  0.669 | h2h=  0.0000 | br= 0.9047 | avg= 0.2922 | fc=0.414 |   2145 ep/s | 6.6m
[Ep    900000/50000000] avg_r=  0.698 | h2h=  0.0000 | br= 0.9273 | avg= 0.2992 | fc=0.395 |   2134 ep/s | 6.9m
[Ep    950000/50000000] avg_r=  0.580 | h2h=  0.0000 | br= 0.9637 | avg= 0.2933 | fc=0.381 |   2236 ep/s | 7.3m
[Ep   1000000/50000000] avg_r=  0.605 | h2h=  0.0000 | br= 0.9457 | avg= 0.2966 | fc=0.414 |   2177 ep/s | 7.7m
[Ep   1050000/50000000] avg_r=  0.721 | h2h=  0.0000 | br= 0.9320 | avg= 0.2978 | fc=0.416 |   2113 ep/s | 8.1m
[Ep   1100000/50000000] avg_r=  0.547 | h2h=  0.0000 | br= 0.9298 | avg= 0.2997 | fc=0.377 |   2166 ep/s | 8.5m
[Ep   1150000/50000000] avg_r=  0.537 | h2h=  0.0000 | br= 0.9313 | avg= 0.3009 | fc=0.430 |   2185 ep/s | 8.9m
[Ep   1200000/50000000] avg_r=  0.583 | h2h=  0.0000 | br= 0.9322 | avg= 0.3004 | fc=0.406 |   2198 ep/s | 9.2m
[Ep   1250000/50000000] avg_r=  0.498 | h2h=  0.0000 | br= 0.9292 | avg= 0.3023 | fc=0.424 |   2177 ep/s | 9.6m
[Ep   1300000/50000000] avg_r=  0.632 | h2h=  0.0000 | br= 0.9509 | avg= 0.3107 | fc=0.299 |   2142 ep/s | 10.0m
[Ep   1350000/50000000] avg_r=  0.519 | h2h=  0.0000 | br= 1.0706 | avg= 0.3045 | fc=0.301 |   2180 ep/s | 10.4m
[Ep   1400000/50000000] avg_r=  0.547 | h2h=  0.0000 | br= 1.0585 | avg= 0.3110 | fc=0.318 |   2185 ep/s | 10.8m
[Ep   1450000/50000000] avg_r=  0.531 | h2h=  0.0000 | br= 1.0529 | avg= 0.3160 | fc=0.330 |   2171 ep/s | 11.2m
[Ep   1500000/50000000] avg_r=  0.444 | h2h=  0.0000 | br= 1.0510 | avg= 0.3195 | fc=0.352 |   2165 ep/s | 11.5m
[Ep   1550000/50000000] avg_r=  0.482 | h2h=  0.0000 | br= 1.0532 | avg= 0.3212 | fc=0.348 |   2200 ep/s | 11.9m
[Ep   1600000/50000000] avg_r=  0.463 | h2h=  0.0000 | br= 1.0510 | avg= 0.3215 | fc=0.332 |   2082 ep/s | 12.3m
[Ep   1650000/50000000] avg_r=  0.540 | h2h=  0.0000 | br= 1.0487 | avg= 0.3215 | fc=0.334 |   2153 ep/s | 12.7m
[Ep   1700000/50000000] avg_r=  0.453 | h2h=  0.0000 | br= 1.0541 | avg= 0.3018 | fc=0.330 |   2182 ep/s | 13.1m
[Ep   1750000/50000000] avg_r=  0.515 | h2h=  0.0000 | br= 1.0390 | avg= 0.3236 | fc=0.295 |   2142 ep/s | 13.5m
[Ep   1800000/50000000] avg_r=  0.727 | h2h=  0.0000 | br= 0.9825 | avg= 0.3329 | fc=0.291 |   2250 ep/s | 13.9m
[Ep   1850000/50000000] avg_r=  0.684 | h2h=  0.0000 | br= 0.9565 | avg= 0.3389 | fc=0.318 |   2189 ep/s | 14.2m
[Ep   1900000/50000000] avg_r=  0.695 | h2h=  0.0000 | br= 0.9493 | avg= 0.3412 | fc=0.326 |   2209 ep/s | 14.6m
[Ep   1950000/50000000] avg_r=  0.710 | h2h=  0.0000 | br= 0.9473 | avg= 0.3427 | fc=0.311 |   2175 ep/s | 15.0m
[Ep   2000000/50000000] avg_r=  0.815 | h2h=  0.0000 | br= 0.9477 | avg= 0.3460 | fc=0.324 |   2237 ep/s | 15.4m
[Ep   2050000/50000000] avg_r=  0.814 | h2h=  0.0000 | br= 0.9490 | avg= 0.3483 | fc=0.295 |   2155 ep/s | 15.8m
[Ep   2100000/50000000] avg_r=  0.826 | h2h=  0.0000 | br= 0.9491 | avg= 0.3500 | fc=0.311 |   2233 ep/s | 16.1m
[Ep   2150000/50000000] avg_r=  0.718 | h2h=  0.0000 | br= 0.9514 | avg= 0.3494 | fc=0.316 |   2181 ep/s | 16.5m
[Ep   2200000/50000000] avg_r=  0.728 | h2h=  0.0000 | br= 0.9522 | avg= 0.3520 | fc=0.332 |   2158 ep/s | 16.9m
[Ep   2250000/50000000] avg_r=  0.741 | h2h=  0.0000 | br= 0.9460 | avg= 0.3524 | fc=0.303 |   2213 ep/s | 17.3m
[Ep   2300000/50000000] avg_r=  0.748 | h2h=  0.0000 | br= 0.9466 | avg= 0.3506 | fc=0.303 |   2164 ep/s | 17.7m
[Ep   2350000/50000000] avg_r=  0.735 | h2h=  0.0000 | br= 0.9472 | avg= 0.3525 | fc=0.264 |   2170 ep/s | 18.0m
[Ep   2400000/50000000] avg_r=  0.766 | h2h=  0.0000 | br= 0.9502 | avg= 0.3516 | fc=0.305 |   2156 ep/s | 18.4m
[Ep   2450000/50000000] avg_r=  0.677 | h2h=  0.0000 | br= 0.9461 | avg= 0.3531 | fc=0.314 |   2260 ep/s | 18.8m
[Ep   2500000/50000000] avg_r=  0.693 | h2h=  0.0000 | br= 0.9435 | avg= 0.3572 | fc=0.307 |   2193 ep/s | 19.2m
[Ep   2550000/50000000] avg_r=  0.711 | h2h=  0.0000 | br= 0.9446 | avg= 0.3583 | fc=0.334 |   2226 ep/s | 19.6m
[Ep   2600000/50000000] avg_r=  0.161 | h2h=  0.0000 | br= 1.0107 | avg= 0.3576 | fc=0.305 |   2260 ep/s | 19.9m
[Ep   2650000/50000000] avg_r=  0.152 | h2h=  0.0000 | br= 0.9947 | avg= 0.3602 | fc=0.260 |   2272 ep/s | 20.3m
[Ep   2700000/50000000] avg_r=  0.067 | h2h=  0.0000 | br= 0.9701 | avg= 0.3644 | fc=0.293 |   2260 ep/s | 20.7m
[Ep   2750000/50000000] avg_r=  0.164 | h2h=  0.0000 | br= 0.9630 | avg= 0.3693 | fc=0.297 |   2294 ep/s | 21.0m
[Ep   2800000/50000000] avg_r=  0.027 | h2h=  0.0000 | br= 0.9630 | avg= 0.3685 | fc=0.242 |   2266 ep/s | 21.4m
[Ep   2850000/50000000] avg_r=  0.016 | h2h=  0.0000 | br= 0.9615 | avg= 0.3726 | fc=0.279 |   2296 ep/s | 21.8m
[Ep   2900000/50000000] avg_r=  0.071 | h2h=  0.0000 | br= 0.9584 | avg= 0.3736 | fc=0.262 |   2259 ep/s | 22.1m
[Ep   2950000/50000000] avg_r=  0.067 | h2h=  0.0000 | br= 0.9578 | avg= 0.3742 | fc=0.273 |   2343 ep/s | 22.5m
[Ep   3000000/50000000] avg_r=  0.083 | h2h=  0.0000 | br= 0.9570 | avg= 0.3753 | fc=0.270 |   2236 ep/s | 22.8m
[Ep   3050000/50000000] avg_r=  0.107 | h2h=  0.0000 | br= 0.9531 | avg= 0.3775 | fc=0.291 |   2292 ep/s | 23.2m
[Ep   3100000/50000000] avg_r=  0.049 | h2h=  0.0000 | br= 0.9554 | avg= 0.3777 | fc=0.275 |   2321 ep/s | 23.6m
[Ep   3150000/50000000] avg_r=  0.088 | h2h=  0.0000 | br= 0.9585 | avg= 0.3794 | fc=0.250 |   2323 ep/s | 23.9m
[Ep   3200000/50000000] avg_r=  0.128 | h2h=  0.0000 | br= 0.9566 | avg= 0.3775 | fc=0.250 |   2246 ep/s | 24.3m
[Ep   3250000/50000000] avg_r=  0.025 | h2h=  0.0000 | br= 0.9568 | avg= 0.3730 | fc=0.295 |   2304 ep/s | 24.7m
[Ep   3300000/50000000] avg_r=  0.136 | h2h=  0.0000 | br= 0.9544 | avg= 0.3728 | fc=0.295 |   2330 ep/s | 25.0m
[Ep   3350000/50000000] avg_r=  0.681 | h2h=  0.0000 | br= 0.9730 | avg= 0.3770 | fc=0.303 |   2306 ep/s | 25.4m
[Ep   3400000/50000000] avg_r=  1.210 | h2h=  0.0000 | br= 0.9565 | avg= 0.3819 | fc=0.330 |   2351 ep/s | 25.7m
[Ep   3450000/50000000] avg_r=  1.219 | h2h=  0.0000 | br= 0.9019 | avg= 0.3861 | fc=0.305 |   2392 ep/s | 26.1m
[Ep   3500000/50000000] avg_r=  1.337 | h2h=  0.0000 | br= 0.8792 | avg= 0.3865 | fc=0.266 |   2337 ep/s | 26.4m
[Ep   3550000/50000000] avg_r=  1.356 | h2h=  0.0000 | br= 0.8766 | avg= 0.3888 | fc=0.293 |   2339 ep/s | 26.8m
[Ep   3600000/50000000] avg_r=  1.229 | h2h=  0.0000 | br= 0.8722 | avg= 0.3895 | fc=0.301 |   2404 ep/s | 27.1m
[Ep   3650000/50000000] avg_r=  1.267 | h2h=  0.0000 | br= 0.8720 | avg= 0.3941 | fc=0.268 |   2382 ep/s | 27.5m
[Ep   3700000/50000000] avg_r=  1.317 | h2h=  0.0000 | br= 0.8745 | avg= 0.3944 | fc=0.297 |   2391 ep/s | 27.8m
[Ep   3750000/50000000] avg_r=  1.295 | h2h=  0.0000 | br= 0.8730 | avg= 0.3981 | fc=0.314 |   2421 ep/s | 28.2m
[Ep   3800000/50000000] avg_r=  1.241 | h2h=  0.0000 | br= 0.8744 | avg= 0.3974 | fc=0.252 |   2371 ep/s | 28.5m
[Ep   3850000/50000000] avg_r=  1.286 | h2h=  0.0000 | br= 0.8724 | avg= 0.3983 | fc=0.277 |   2341 ep/s | 28.9m
[Ep   3900000/50000000] avg_r=  1.283 | h2h=  0.0000 | br= 0.8708 | avg= 0.3990 | fc=0.301 |   2416 ep/s | 29.2m
[Ep   3950000/50000000] avg_r=  1.297 | h2h=  0.0000 | br= 0.8691 | avg= 0.3983 | fc=0.291 |   2386 ep/s | 29.6m
[Ep   4000000/50000000] avg_r=  1.279 | h2h=  0.0000 | br= 0.8695 | avg= 0.3992 | fc=0.285 |   2382 ep/s | 29.9m
[Ep   4050000/50000000] avg_r=  1.249 | h2h=  0.0000 | br= 0.8711 | avg= 0.4012 | fc=0.285 |   2380 ep/s | 30.3m
[Ep   4100000/50000000] avg_r=  1.340 | h2h=  0.0000 | br= 0.8730 | avg= 0.4016 | fc=0.295 |   2379 ep/s | 30.6m
[Ep   4150000/50000000] avg_r=  1.424 | h2h=  0.0000 | br= 0.8698 | avg= 0.4020 | fc=0.297 |   2358 ep/s | 31.0m
[Ep   4200000/50000000] avg_r=  1.291 | h2h=  0.0000 | br= 0.8699 | avg= 0.4022 | fc=0.271 |   2373 ep/s | 31.3m
[Ep   4250000/50000000] avg_r=  1.242 | h2h=  0.0000 | br= 0.8711 | avg= 0.4041 | fc=0.275 |   2515 ep/s | 31.7m
[Ep   4300000/50000000] avg_r=  1.313 | h2h=  0.0000 | br= 0.8691 | avg= 0.4028 | fc=0.246 |   2435 ep/s | 32.0m
[Ep   4350000/50000000] avg_r=  1.276 | h2h=  0.0000 | br= 0.8667 | avg= 0.4034 | fc=0.266 |   2398 ep/s | 32.4m
[Ep   4400000/50000000] avg_r=  1.228 | h2h=  0.0000 | br= 0.8701 | avg= 0.4043 | fc=0.283 |   2341 ep/s | 32.7m
[Ep   4450000/50000000] avg_r=  1.321 | h2h=  0.0000 | br= 0.8666 | avg= 0.4039 | fc=0.301 |   2364 ep/s | 33.1m
[Ep   4500000/50000000] avg_r=  1.263 | h2h=  0.0000 | br= 0.8655 | avg= 0.4034 | fc=0.301 |   2352 ep/s | 33.4m
[Ep   4550000/50000000] avg_r=  1.239 | h2h=  0.0000 | br= 0.8660 | avg= 0.4035 | fc=0.250 |   2381 ep/s | 33.8m
[Ep   4600000/50000000] avg_r=  1.229 | h2h=  0.0000 | br= 0.8708 | avg= 0.4055 | fc=0.295 |   2350 ep/s | 34.1m
[Ep   4650000/50000000] avg_r=  1.250 | h2h=  0.0000 | br= 0.8657 | avg= 0.4037 | fc=0.283 |   2369 ep/s | 34.5m
[Ep   4700000/50000000] avg_r=  1.253 | h2h=  0.0000 | br= 0.8714 | avg= 0.4028 | fc=0.270 |   2450 ep/s | 34.8m
[Ep   4750000/50000000] avg_r=  1.317 | h2h=  0.0000 | br= 0.8695 | avg= 0.4036 | fc=0.283 |   2381 ep/s | 35.2m
[Ep   4800000/50000000] avg_r=  1.263 | h2h=  0.0000 | br= 0.8666 | avg= 0.4030 | fc=0.266 |   2387 ep/s | 35.5m
[Ep   4850000/50000000] avg_r=  1.317 | h2h=  0.0000 | br= 0.8675 | avg= 0.4036 | fc=0.271 |   2386 ep/s | 35.9m
[Ep   4900000/50000000] avg_r=  1.301 | h2h=  0.0000 | br= 0.8700 | avg= 0.4041 | fc=0.301 |   2353 ep/s | 36.2m
[Ep   4950000/50000000] avg_r=  1.288 | h2h=  0.0000 | br= 0.8653 | avg= 0.4033 | fc=0.295 |   2332 ep/s | 36.6m
[Ep   5000000/50000000] avg_r=  1.299 | h2h=  0.0000 | br= 0.8697 | avg= 0.4010 | fc=0.293 |   2398 ep/s | 36.9m
[Ep   5050000/50000000] avg_r=  1.260 | h2h=  0.0000 | br= 0.8687 | avg= 0.4006 | fc=0.301 |   2379 ep/s | 37.3m
[Ep   5100000/50000000] avg_r=  1.212 | h2h=  0.0000 | br= 0.8676 | avg= 0.3998 | fc=0.277 |   2370 ep/s | 37.6m
[Ep   5150000/50000000] avg_r=  1.262 | h2h=  0.0000 | br= 0.8679 | avg= 0.3997 | fc=0.262 |   2435 ep/s | 38.0m
[Ep   5200000/50000000] avg_r=  0.902 | h2h=  0.0000 | br= 0.8783 | avg= 0.4019 | fc=0.195 |   2439 ep/s | 38.3m
[Ep   5250000/50000000] avg_r=  0.267 | h2h=  0.0000 | br= 0.8806 | avg= 0.4063 | fc=0.197 |   2459 ep/s | 38.7m
[Ep   5300000/50000000] avg_r=  0.302 | h2h=  0.0000 | br= 0.8385 | avg= 0.4072 | fc=0.176 |   2428 ep/s | 39.0m
[Ep   5350000/50000000] avg_r=  0.257 | h2h=  0.0000 | br= 0.8168 | avg= 0.4083 | fc=0.176 |   2370 ep/s | 39.4m
[Ep   5400000/50000000] avg_r=  0.215 | h2h=  0.0000 | br= 0.8117 | avg= 0.4096 | fc=0.188 |   2382 ep/s | 39.7m
[Ep   5450000/50000000] avg_r=  0.240 | h2h=  0.0000 | br= 0.8149 | avg= 0.4093 | fc=0.211 |   2408 ep/s | 40.0m
[Ep   5500000/50000000] avg_r=  0.286 | h2h=  0.0000 | br= 0.8151 | avg= 0.4135 | fc=0.209 |   2376 ep/s | 40.4m
[Ep   5550000/50000000] avg_r=  0.261 | h2h=  0.0000 | br= 0.8113 | avg= 0.4137 | fc=0.213 |   2428 ep/s | 40.7m
[Ep   5600000/50000000] avg_r=  0.295 | h2h=  0.0000 | br= 0.8100 | avg= 0.4141 | fc=0.232 |   2390 ep/s | 41.1m
[Ep   5650000/50000000] avg_r=  0.206 | h2h=  0.0000 | br= 0.8109 | avg= 0.4169 | fc=0.186 |   2412 ep/s | 41.4m
[Ep   5700000/50000000] avg_r=  0.257 | h2h=  0.0000 | br= 0.8103 | avg= 0.4173 | fc=0.199 |   2444 ep/s | 41.8m
[Ep   5750000/50000000] avg_r=  0.278 | h2h=  0.0000 | br= 0.8078 | avg= 0.4156 | fc=0.213 |   2407 ep/s | 42.1m
[Ep   5800000/50000000] avg_r=  0.294 | h2h=  0.0000 | br= 0.8097 | avg= 0.4181 | fc=0.201 |   2333 ep/s | 42.5m
[Ep   5850000/50000000] avg_r=  0.281 | h2h=  0.0000 | br= 0.8102 | avg= 0.4171 | fc=0.199 |   2407 ep/s | 42.8m
[Ep   5900000/50000000] avg_r=  0.283 | h2h=  0.0000 | br= 0.8103 | avg= 0.4186 | fc=0.162 |   2443 ep/s | 43.2m
[Ep   5950000/50000000] avg_r=  0.352 | h2h=  0.0000 | br= 0.8078 | avg= 0.4189 | fc=0.188 |   2335 ep/s | 43.5m
[Ep   6000000/50000000] avg_r=  0.265 | h2h=  0.0000 | br= 0.8095 | avg= 0.4186 | fc=0.174 |   2453 ep/s | 43.9m
[Ep   6050000/50000000] avg_r=  0.213 | h2h=  0.0000 | br= 0.8084 | avg= 0.4209 | fc=0.184 |   2401 ep/s | 44.2m
[Ep   6100000/50000000] avg_r=  0.246 | h2h=  0.0000 | br= 0.8068 | avg= 0.4216 | fc=0.234 |   2494 ep/s | 44.5m
[Ep   6150000/50000000] avg_r=  0.351 | h2h=  0.0000 | br= 0.8079 | avg= 0.4211 | fc=0.211 |   2386 ep/s | 44.9m
[Ep   6200000/50000000] avg_r=  0.278 | h2h=  0.0000 | br= 0.8060 | avg= 0.4205 | fc=0.195 |   2365 ep/s | 45.2m
[Ep   6250000/50000000] avg_r=  0.293 | h2h=  0.0000 | br= 0.8088 | avg= 0.4211 | fc=0.225 |   2508 ep/s | 45.6m
[Ep   6300000/50000000] avg_r=  0.277 | h2h=  0.0000 | br= 0.8075 | avg= 0.4214 | fc=0.145 |   2477 ep/s | 45.9m
[Ep   6350000/50000000] avg_r=  0.289 | h2h=  0.0000 | br= 0.8071 | avg= 0.4215 | fc=0.203 |   2423 ep/s | 46.3m
[Ep   6400000/50000000] avg_r=  0.262 | h2h=  0.0000 | br= 0.8114 | avg= 0.4142 | fc=0.170 |   2417 ep/s | 46.6m
[Ep   6450000/50000000] avg_r=  0.317 | h2h=  0.0000 | br= 0.8095 | avg= 0.4078 | fc=0.195 |   2342 ep/s | 47.0m
[Ep   6500000/50000000] avg_r=  0.320 | h2h=  0.0000 | br= 0.8077 | avg= 0.4098 | fc=0.205 |   2480 ep/s | 47.3m
[Ep   6550000/50000000] avg_r=  0.319 | h2h=  0.0000 | br= 0.8072 | avg= 0.4087 | fc=0.191 |   2441 ep/s | 47.6m
[Ep   6600000/50000000] avg_r=  0.264 | h2h=  0.0000 | br= 0.8094 | avg= 0.4086 | fc=0.203 |   2391 ep/s | 48.0m
[Ep   6650000/50000000] avg_r=  1.589 | h2h=  0.0000 | br= 0.7929 | avg= 0.4207 | fc=0.217 |   2606 ep/s | 48.3m
[Ep   6700000/50000000] avg_r=  1.768 | h2h=  0.0000 | br= 0.7351 | avg= 0.4256 | fc=0.186 |   2617 ep/s | 48.6m
[Ep   6750000/50000000] avg_r=  1.774 | h2h=  0.0000 | br= 0.6605 | avg= 0.4265 | fc=0.158 |   2636 ep/s | 48.9m
[Ep   6800000/50000000] avg_r=  1.803 | h2h=  0.0000 | br= 0.6311 | avg= 0.4282 | fc=0.135 |   2600 ep/s | 49.3m
[Ep   6850000/50000000] avg_r=  1.821 | h2h=  0.0000 | br= 0.6286 | avg= 0.4303 | fc=0.150 |   2632 ep/s | 49.6m
[Ep   6900000/50000000] avg_r=  1.745 | h2h=  0.0000 | br= 0.6287 | avg= 0.4323 | fc=0.170 |   2582 ep/s | 49.9m
[Ep   6950000/50000000] avg_r=  1.781 | h2h=  0.0000 | br= 0.6340 | avg= 0.4350 | fc=0.172 |   2636 ep/s | 50.2m
[Ep   7000000/50000000] avg_r=  1.779 | h2h=  0.0000 | br= 0.6303 | avg= 0.4338 | fc=0.164 |   2605 ep/s | 50.5m
[Ep   7050000/50000000] avg_r=  1.828 | h2h=  0.0000 | br= 0.6263 | avg= 0.4370 | fc=0.148 |   2577 ep/s | 50.9m
[Ep   7100000/50000000] avg_r=  1.809 | h2h=  0.0000 | br= 0.6309 | avg= 0.4386 | fc=0.180 |   2566 ep/s | 51.2m
[Ep   7150000/50000000] avg_r=  1.793 | h2h=  0.0000 | br= 0.6286 | avg= 0.4377 | fc=0.201 |   2572 ep/s | 51.5m
[Ep   7200000/50000000] avg_r=  1.756 | h2h=  0.0000 | br= 0.6304 | avg= 0.4416 | fc=0.141 |   2510 ep/s | 51.8m
[Ep   7250000/50000000] avg_r=  1.791 | h2h=  0.0000 | br= 0.6292 | avg= 0.4428 | fc=0.203 |   2584 ep/s | 52.2m
[Ep   7300000/50000000] avg_r=  1.813 | h2h=  0.0000 | br= 0.6315 | avg= 0.4422 | fc=0.137 |   2570 ep/s | 52.5m
[Ep   7350000/50000000] avg_r=  1.815 | h2h=  0.0000 | br= 0.6265 | avg= 0.4421 | fc=0.162 |   2595 ep/s | 52.8m
[Ep   7400000/50000000] avg_r=  1.754 | h2h=  0.0000 | br= 0.6260 | avg= 0.4446 | fc=0.162 |   2601 ep/s | 53.1m
[Ep   7450000/50000000] avg_r=  1.808 | h2h=  0.0000 | br= 0.6285 | avg= 0.4439 | fc=0.188 |   2589 ep/s | 53.4m
[Ep   7500000/50000000] avg_r=  1.768 | h2h=  0.0000 | br= 0.6288 | avg= 0.4448 | fc=0.152 |   2573 ep/s | 53.8m
[Ep   7550000/50000000] avg_r=  1.825 | h2h=  0.0000 | br= 0.6287 | avg= 0.4454 | fc=0.188 |   2549 ep/s | 54.1m
[Ep   7600000/50000000] avg_r=  1.786 | h2h=  0.0000 | br= 0.6249 | avg= 0.4464 | fc=0.176 |   2662 ep/s | 54.4m
[Ep   7650000/50000000] avg_r=  1.785 | h2h=  0.0000 | br= 0.6246 | avg= 0.4473 | fc=0.203 |   2636 ep/s | 54.7m
[Ep   7700000/50000000] avg_r=  1.808 | h2h=  0.0000 | br= 0.6264 | avg= 0.4460 | fc=0.193 |   2589 ep/s | 55.1m
[Ep   7750000/50000000] avg_r=  1.740 | h2h=  0.0000 | br= 0.6281 | avg= 0.4498 | fc=0.172 |   2565 ep/s | 55.4m
[Ep   7800000/50000000] avg_r=  1.796 | h2h=  0.0000 | br= 0.6267 | avg= 0.4495 | fc=0.158 |   2604 ep/s | 55.7m
[Ep   7850000/50000000] avg_r=  1.777 | h2h=  0.0000 | br= 0.6278 | avg= 0.4491 | fc=0.193 |   2620 ep/s | 56.0m
[Ep   7900000/50000000] avg_r=  1.830 | h2h=  0.0000 | br= 0.6285 | avg= 0.4513 | fc=0.178 |   2533 ep/s | 56.3m
[Ep   7950000/50000000] avg_r=  1.751 | h2h=  0.0000 | br= 0.6287 | avg= 0.4526 | fc=0.162 |   2591 ep/s | 56.7m
[Ep   8000000/50000000] avg_r=  1.816 | h2h=  0.0000 | br= 0.6228 | avg= 0.4522 | fc=0.178 |   2644 ep/s | 57.0m
[Ep   8050000/50000000] avg_r=  1.830 | h2h=  0.0000 | br= 0.6245 | avg= 0.4513 | fc=0.174 |   2574 ep/s | 57.3m
[Ep   8100000/50000000] avg_r=  1.773 | h2h=  0.0000 | br= 0.6258 | avg= 0.4523 | fc=0.170 |   2509 ep/s | 57.6m
[Ep   8150000/50000000] avg_r=  1.788 | h2h=  0.0000 | br= 0.6279 | avg= 0.4521 | fc=0.168 |   2575 ep/s | 58.0m
[Ep   8200000/50000000] avg_r=  1.763 | h2h=  0.0000 | br= 0.6285 | avg= 0.4509 | fc=0.148 |   2619 ep/s | 58.3m
[Ep   8250000/50000000] avg_r=  1.755 | h2h=  0.0000 | br= 0.6277 | avg= 0.4522 | fc=0.158 |   2567 ep/s | 58.6m
[Ep   8300000/50000000] avg_r=  1.817 | h2h=  0.0000 | br= 0.6249 | avg= 0.4527 | fc=0.162 |   2524 ep/s | 58.9m
[Ep   8350000/50000000] avg_r=  1.773 | h2h=  0.0000 | br= 0.6244 | avg= 0.4542 | fc=0.145 |   2595 ep/s | 59.3m
[Ep   8400000/50000000] avg_r=  1.769 | h2h=  0.0000 | br= 0.6235 | avg= 0.4553 | fc=0.182 |   2609 ep/s | 59.6m
[Ep   8450000/50000000] avg_r=  1.821 | h2h=  0.0000 | br= 0.6270 | avg= 0.4557 | fc=0.168 |   2582 ep/s | 59.9m
[Ep   8500000/50000000] avg_r=  1.740 | h2h=  0.0000 | br= 0.6263 | avg= 0.4539 | fc=0.154 |   2596 ep/s | 60.2m
[Ep   8550000/50000000] avg_r=  1.764 | h2h=  0.0000 | br= 0.6270 | avg= 0.4560 | fc=0.176 |   2639 ep/s | 60.5m
[Ep   8600000/50000000] avg_r=  1.815 | h2h=  0.0000 | br= 0.6278 | avg= 0.4528 | fc=0.145 |   2600 ep/s | 60.9m
[Ep   8650000/50000000] avg_r=  1.796 | h2h=  0.0000 | br= 0.6258 | avg= 0.4559 | fc=0.168 |   2609 ep/s | 61.2m
[Ep   8700000/50000000] avg_r=  1.772 | h2h=  0.0000 | br= 0.6254 | avg= 0.4561 | fc=0.189 |   2650 ep/s | 61.5m
[Ep   8750000/50000000] avg_r=  1.783 | h2h=  0.0000 | br= 0.6258 | avg= 0.4549 | fc=0.166 |   2639 ep/s | 61.8m
[Ep   8800000/50000000] avg_r=  1.795 | h2h=  0.0000 | br= 0.6254 | avg= 0.4547 | fc=0.156 |   2572 ep/s | 62.1m
[Ep   8850000/50000000] avg_r=  1.763 | h2h=  0.0000 | br= 0.6225 | avg= 0.4551 | fc=0.174 |   2598 ep/s | 62.4m
[Ep   8900000/50000000] avg_r=  1.767 | h2h=  0.0000 | br= 0.6272 | avg= 0.4552 | fc=0.174 |   2594 ep/s | 62.8m
[Ep   8950000/50000000] avg_r=  1.786 | h2h=  0.0000 | br= 0.6273 | avg= 0.4577 | fc=0.205 |   2596 ep/s | 63.1m
[Ep   9000000/50000000] avg_r=  1.801 | h2h=  0.0000 | br= 0.6262 | avg= 0.4572 | fc=0.164 |   2619 ep/s | 63.4m
[Ep   9050000/50000000] avg_r=  1.790 | h2h=  0.0000 | br= 0.6272 | avg= 0.4565 | fc=0.154 |   2564 ep/s | 63.7m
[Ep   9100000/50000000] avg_r=  1.755 | h2h=  0.0000 | br= 0.6240 | avg= 0.4569 | fc=0.162 |   2582 ep/s | 64.1m
[Ep   9150000/50000000] avg_r=  1.823 | h2h=  0.0000 | br= 0.6257 | avg= 0.4557 | fc=0.180 |   2635 ep/s | 64.4m
[Ep   9200000/50000000] avg_r=  1.781 | h2h=  0.0000 | br= 0.6262 | avg= 0.4546 | fc=0.174 |   2551 ep/s | 64.7m
[Ep   9250000/50000000] avg_r=  1.796 | h2h=  0.0000 | br= 0.6258 | avg= 0.4577 | fc=0.172 |   2574 ep/s | 65.0m
[Ep   9300000/50000000] avg_r=  1.728 | h2h=  0.0000 | br= 0.6235 | avg= 0.4566 | fc=0.186 |   2629 ep/s | 65.3m
[Ep   9350000/50000000] avg_r=  1.795 | h2h=  0.0000 | br= 0.6249 | avg= 0.4564 | fc=0.164 |   2549 ep/s | 65.7m
[Ep   9400000/50000000] avg_r=  1.782 | h2h=  0.0000 | br= 0.6231 | avg= 0.4569 | fc=0.189 |   2577 ep/s | 66.0m
[Ep   9450000/50000000] avg_r=  1.734 | h2h=  0.0000 | br= 0.6229 | avg= 0.4543 | fc=0.139 |   2607 ep/s | 66.3m
[Ep   9500000/50000000] avg_r=  1.784 | h2h=  0.0000 | br= 0.6220 | avg= 0.4560 | fc=0.174 |   2630 ep/s | 66.6m
[Ep   9550000/50000000] avg_r=  1.782 | h2h=  0.0000 | br= 0.6238 | avg= 0.4558 | fc=0.148 |   2603 ep/s | 66.9m
[Ep   9600000/50000000] avg_r=  1.781 | h2h=  0.0000 | br= 0.6214 | avg= 0.4563 | fc=0.166 |   2640 ep/s | 67.3m
[Ep   9650000/50000000] avg_r=  1.774 | h2h=  0.0000 | br= 0.6215 | avg= 0.4563 | fc=0.166 |   2633 ep/s | 67.6m
[Ep   9700000/50000000] avg_r=  1.889 | h2h=  0.0000 | br= 0.6215 | avg= 0.4553 | fc=0.148 |   2525 ep/s | 67.9m
[Ep   9750000/50000000] avg_r=  1.791 | h2h=  0.0000 | br= 0.6226 | avg= 0.4557 | fc=0.193 |   2582 ep/s | 68.2m
[Ep   9800000/50000000] avg_r=  1.774 | h2h=  0.0000 | br= 0.6252 | avg= 0.4571 | fc=0.164 |   2626 ep/s | 68.5m
[Ep   9850000/50000000] avg_r=  1.818 | h2h=  0.0000 | br= 0.6274 | avg= 0.4562 | fc=0.166 |   2634 ep/s | 68.9m
[Ep   9900000/50000000] avg_r=  1.746 | h2h=  0.0000 | br= 0.6240 | avg= 0.4570 | fc=0.182 |   2606 ep/s | 69.2m
[Ep   9950000/50000000] avg_r=  1.790 | h2h=  0.0000 | br= 0.6276 | avg= 0.4559 | fc=0.166 |   2591 ep/s | 69.5m
[Ep  10000000/50000000] avg_r=  1.747 | h2h=  0.0000 | br= 0.6253 | avg= 0.4556 | fc=0.156 |   2580 ep/s | 69.8m
[H2H] ep=10000000 | avg_reward=60.4500 over 1000 games
  >>> H2H WINRATE @ ep 10000000: 60.4500
  [CHECKPOINT] saved at ep 10000000
[Ep  10050000/50000000] avg_r=  1.778 | h2h= 60.4500 | br= 0.6240 | avg= 0.4431 | fc=0.172 |    919 ep/s | 70.7m
[snapshot] ep=10000000 -> /home/anthonyn/cos435/cpp-implementation/snapshots/holdem_64x64_mv_train_std_full/ep10000000
[Ep  10100000/50000000] avg_r=  1.847 | h2h= 60.4500 | br= 0.6272 | avg= 0.4422 | fc=0.180 |   3023 ep/s | 71.0m
[Ep  10150000/50000000] avg_r=  1.800 | h2h= 60.4500 | br= 0.6267 | avg= 0.4416 | fc=0.178 |   2995 ep/s | 71.3m
[Ep  10200000/50000000] avg_r=  1.772 | h2h= 60.4500 | br= 0.6251 | avg= 0.4430 | fc=0.191 |   3026 ep/s | 71.6m
[Ep  10250000/50000000] avg_r=  1.799 | h2h= 60.4500 | br= 0.6207 | avg= 0.4418 | fc=0.180 |   3201 ep/s | 71.8m
[Ep  10300000/50000000] avg_r=  1.441 | h2h= 60.4500 | br= 0.6502 | avg= 0.4502 | fc=0.172 |   3474 ep/s | 72.1m
[Ep  10350000/50000000] avg_r=  1.052 | h2h= 60.4500 | br= 0.6512 | avg= 0.4550 | fc=0.209 |   3660 ep/s | 72.3m
[Ep  10400000/50000000] avg_r=  1.068 | h2h= 60.4500 | br= 0.6157 | avg= 0.4540 | fc=0.180 |   3475 ep/s | 72.5m
[Ep  10450000/50000000] avg_r=  1.055 | h2h= 60.4500 | br= 0.5847 | avg= 0.4543 | fc=0.174 |   3210 ep/s | 72.8m
[Ep  10500000/50000000] avg_r=  1.028 | h2h= 60.4500 | br= 0.5813 | avg= 0.4546 | fc=0.166 |   2776 ep/s | 73.1m
[Ep  10550000/50000000] avg_r=  1.064 | h2h= 60.4500 | br= 0.5787 | avg= 0.4539 | fc=0.174 |   2883 ep/s | 73.4m
[Ep  10600000/50000000] avg_r=  1.063 | h2h= 60.4500 | br= 0.5799 | avg= 0.4539 | fc=0.172 |   2627 ep/s | 73.7m
[Ep  10650000/50000000] avg_r=  1.075 | h2h= 60.4500 | br= 0.5812 | avg= 0.4543 | fc=0.188 |   2689 ep/s | 74.0m
[Ep  10700000/50000000] avg_r=  1.049 | h2h= 60.4500 | br= 0.5799 | avg= 0.4555 | fc=0.191 |   2630 ep/s | 74.3m
[Ep  10750000/50000000] avg_r=  1.060 | h2h= 60.4500 | br= 0.5810 | avg= 0.4548 | fc=0.160 |   2662 ep/s | 74.6m
[Ep  10800000/50000000] avg_r=  1.038 | h2h= 60.4500 | br= 0.5796 | avg= 0.4528 | fc=0.193 |   2613 ep/s | 75.0m
[Ep  10850000/50000000] avg_r=  1.047 | h2h= 60.4500 | br= 0.5762 | avg= 0.4527 | fc=0.168 |   2656 ep/s | 75.3m
[Ep  10900000/50000000] avg_r=  1.059 | h2h= 60.4500 | br= 0.5775 | avg= 0.4533 | fc=0.186 |   2628 ep/s | 75.6m
[Ep  10950000/50000000] avg_r=  1.041 | h2h= 60.4500 | br= 0.5766 | avg= 0.4533 | fc=0.184 |   2563 ep/s | 75.9m
[Ep  11000000/50000000] avg_r=  1.026 | h2h= 60.4500 | br= 0.5792 | avg= 0.4518 | fc=0.189 |   2633 ep/s | 76.2m
[Ep  11050000/50000000] avg_r=  1.062 | h2h= 60.4500 | br= 0.5775 | avg= 0.4527 | fc=0.162 |   2670 ep/s | 76.5m
[Ep  11100000/50000000] avg_r=  1.057 | h2h= 60.4500 | br= 0.5783 | avg= 0.4506 | fc=0.168 |   2612 ep/s | 76.9m
[Ep  11150000/50000000] avg_r=  0.999 | h2h= 60.4500 | br= 0.5723 | avg= 0.4514 | fc=0.168 |   2664 ep/s | 77.2m
[Ep  11200000/50000000] avg_r=  1.068 | h2h= 60.4500 | br= 0.5798 | avg= 0.4506 | fc=0.193 |   2654 ep/s | 77.5m
[Ep  11250000/50000000] avg_r=  1.003 | h2h= 60.4500 | br= 0.5810 | avg= 0.4530 | fc=0.182 |   2581 ep/s | 77.8m
[Ep  11300000/50000000] avg_r=  1.025 | h2h= 60.4500 | br= 0.5774 | avg= 0.4520 | fc=0.188 |   2578 ep/s | 78.1m
[Ep  11350000/50000000] avg_r=  1.057 | h2h= 60.4500 | br= 0.5778 | avg= 0.4522 | fc=0.172 |   2582 ep/s | 78.5m
[Ep  11400000/50000000] avg_r=  1.001 | h2h= 60.4500 | br= 0.5760 | avg= 0.4517 | fc=0.156 |   2609 ep/s | 78.8m
[Ep  11450000/50000000] avg_r=  1.117 | h2h= 60.4500 | br= 0.5787 | avg= 0.4531 | fc=0.178 |   2619 ep/s | 79.1m
[Ep  11500000/50000000] avg_r=  1.065 | h2h= 60.4500 | br= 0.5754 | avg= 0.4497 | fc=0.176 |   2646 ep/s | 79.4m
[Ep  11550000/50000000] avg_r=  1.049 | h2h= 60.4500 | br= 0.5770 | avg= 0.4507 | fc=0.164 |   2620 ep/s | 79.7m
[Ep  11600000/50000000] avg_r=  1.068 | h2h= 60.4500 | br= 0.5791 | avg= 0.4488 | fc=0.156 |   2629 ep/s | 80.0m
[Ep  11650000/50000000] avg_r=  1.073 | h2h= 60.4500 | br= 0.5798 | avg= 0.4485 | fc=0.189 |   2623 ep/s | 80.4m
[Ep  11700000/50000000] avg_r=  1.043 | h2h= 60.4500 | br= 0.5800 | avg= 0.4514 | fc=0.168 |   2660 ep/s | 80.7m
[Ep  11750000/50000000] avg_r=  1.028 | h2h= 60.4500 | br= 0.5771 | avg= 0.4484 | fc=0.168 |   2578 ep/s | 81.0m
[Ep  11800000/50000000] avg_r=  1.076 | h2h= 60.4500 | br= 0.5754 | avg= 0.4511 | fc=0.166 |   2572 ep/s | 81.3m
[Ep  11850000/50000000] avg_r=  1.084 | h2h= 60.4500 | br= 0.5756 | avg= 0.4506 | fc=0.184 |   2638 ep/s | 81.6m
[Ep  11900000/50000000] avg_r=  1.056 | h2h= 60.4500 | br= 0.5784 | avg= 0.4495 | fc=0.195 |   2570 ep/s | 82.0m
[Ep  11950000/50000000] avg_r=  1.043 | h2h= 60.4500 | br= 0.5801 | avg= 0.4489 | fc=0.148 |   2674 ep/s | 82.3m
[Ep  12000000/50000000] avg_r=  1.038 | h2h= 60.4500 | br= 0.5770 | avg= 0.4488 | fc=0.184 |   2656 ep/s | 82.6m
[Ep  12050000/50000000] avg_r=  1.049 | h2h= 60.4500 | br= 0.5809 | avg= 0.4493 | fc=0.180 |   2652 ep/s | 82.9m
[Ep  12100000/50000000] avg_r=  1.059 | h2h= 60.4500 | br= 0.5742 | avg= 0.4485 | fc=0.166 |   2641 ep/s | 83.2m
[Ep  12150000/50000000] avg_r=  1.068 | h2h= 60.4500 | br= 0.5740 | avg= 0.4476 | fc=0.162 |   2633 ep/s | 83.5m
[Ep  12200000/50000000] avg_r=  1.056 | h2h= 60.4500 | br= 0.5809 | avg= 0.4483 | fc=0.207 |   2559 ep/s | 83.9m
[Ep  12250000/50000000] avg_r=  1.050 | h2h= 60.4500 | br= 0.5796 | avg= 0.4464 | fc=0.186 |   2609 ep/s | 84.2m
[Ep  12300000/50000000] avg_r=  1.049 | h2h= 60.4500 | br= 0.5759 | avg= 0.4493 | fc=0.172 |   2694 ep/s | 84.5m
[Ep  12350000/50000000] avg_r=  1.036 | h2h= 60.4500 | br= 0.5770 | avg= 0.4459 | fc=0.172 |   2676 ep/s | 84.8m
[Ep  12400000/50000000] avg_r=  1.078 | h2h= 60.4500 | br= 0.5792 | avg= 0.4460 | fc=0.141 |   2547 ep/s | 85.1m
[Ep  12450000/50000000] avg_r=  0.991 | h2h= 60.4500 | br= 0.5764 | avg= 0.4469 | fc=0.193 |   2632 ep/s | 85.4m
[Ep  12500000/50000000] avg_r=  1.025 | h2h= 60.4500 | br= 0.5797 | avg= 0.4441 | fc=0.133 |   2567 ep/s | 85.8m
[Ep  12550000/50000000] avg_r=  1.079 | h2h= 60.4500 | br= 0.5766 | avg= 0.4457 | fc=0.158 |   2621 ep/s | 86.1m
[Ep  12600000/50000000] avg_r=  1.083 | h2h= 60.4500 | br= 0.5785 | avg= 0.4468 | fc=0.141 |   2664 ep/s | 86.4m
[Ep  12650000/50000000] avg_r=  1.067 | h2h= 60.4500 | br= 0.5758 | avg= 0.4461 | fc=0.146 |   2675 ep/s | 86.7m
[Ep  12700000/50000000] avg_r=  1.011 | h2h= 60.4500 | br= 0.5780 | avg= 0.4473 | fc=0.182 |   2618 ep/s | 87.0m
[Ep  12750000/50000000] avg_r=  1.090 | h2h= 60.4500 | br= 0.5760 | avg= 0.4472 | fc=0.166 |   2708 ep/s | 87.3m
[Ep  12800000/50000000] avg_r=  1.077 | h2h= 60.4500 | br= 0.5782 | avg= 0.4461 | fc=0.166 |   2707 ep/s | 87.6m
[Ep  12850000/50000000] avg_r=  1.024 | h2h= 60.4500 | br= 0.5781 | avg= 0.4466 | fc=0.168 |   2691 ep/s | 88.0m
[Ep  12900000/50000000] avg_r=  1.077 | h2h= 60.4500 | br= 0.5783 | avg= 0.4455 | fc=0.176 |   2775 ep/s | 88.3m
[Ep  12950000/50000000] avg_r=  1.268 | h2h= 60.4500 | br= 0.5911 | avg= 0.4439 | fc=0.188 |   2773 ep/s | 88.6m
[Ep  13000000/50000000] avg_r=  1.412 | h2h= 60.4500 | br= 0.5715 | avg= 0.4438 | fc=0.186 |   2943 ep/s | 88.8m
[Ep  13050000/50000000] avg_r=  1.421 | h2h= 60.4500 | br= 0.5371 | avg= 0.4472 | fc=0.182 |   2920 ep/s | 89.1m
[Ep  13100000/50000000] avg_r=  1.430 | h2h= 60.4500 | br= 0.5039 | avg= 0.4462 | fc=0.201 |   2870 ep/s | 89.4m
[Ep  13150000/50000000] avg_r=  1.433 | h2h= 60.4500 | br= 0.4732 | avg= 0.4462 | fc=0.193 |   2872 ep/s | 89.7m
[Ep  13200000/50000000] avg_r=  1.412 | h2h= 60.4500 | br= 0.4731 | avg= 0.4503 | fc=0.168 |   2881 ep/s | 90.0m
[Ep  13250000/50000000] avg_r=  1.409 | h2h= 60.4500 | br= 0.4712 | avg= 0.4515 | fc=0.199 |   2954 ep/s | 90.3m
[Ep  13300000/50000000] avg_r=  1.406 | h2h= 60.4500 | br= 0.4716 | avg= 0.4520 | fc=0.172 |   2903 ep/s | 90.6m
[Ep  13350000/50000000] avg_r=  1.430 | h2h= 60.4500 | br= 0.4704 | avg= 0.4510 | fc=0.195 |   2881 ep/s | 90.9m
[Ep  13400000/50000000] avg_r=  1.414 | h2h= 60.4500 | br= 0.4711 | avg= 0.4513 | fc=0.176 |   2846 ep/s | 91.1m
[Ep  13450000/50000000] avg_r=  1.402 | h2h= 60.4500 | br= 0.4735 | avg= 0.4544 | fc=0.197 |   2841 ep/s | 91.4m
[Ep  13500000/50000000] avg_r=  1.453 | h2h= 60.4500 | br= 0.4750 | avg= 0.4515 | fc=0.186 |   2910 ep/s | 91.7m
[Ep  13550000/50000000] avg_r=  1.411 | h2h= 60.4500 | br= 0.4736 | avg= 0.4545 | fc=0.172 |   2897 ep/s | 92.0m
[Ep  13600000/50000000] avg_r=  1.424 | h2h= 60.4500 | br= 0.4745 | avg= 0.4547 | fc=0.223 |   2927 ep/s | 92.3m
[Ep  13650000/50000000] avg_r=  1.406 | h2h= 60.4500 | br= 0.4757 | avg= 0.4554 | fc=0.217 |   2923 ep/s | 92.6m
[Ep  13700000/50000000] avg_r=  1.457 | h2h= 60.4500 | br= 0.4738 | avg= 0.4569 | fc=0.189 |   2922 ep/s | 92.9m
[Ep  13750000/50000000] avg_r=  1.432 | h2h= 60.4500 | br= 0.4737 | avg= 0.4582 | fc=0.178 |   2911 ep/s | 93.2m
[Ep  13800000/50000000] avg_r=  1.413 | h2h= 60.4500 | br= 0.4735 | avg= 0.4570 | fc=0.186 |   2880 ep/s | 93.4m
[Ep  13850000/50000000] avg_r=  1.420 | h2h= 60.4500 | br= 0.4741 | avg= 0.4574 | fc=0.197 |   2926 ep/s | 93.7m
[Ep  13900000/50000000] avg_r=  1.419 | h2h= 60.4500 | br= 0.4774 | avg= 0.4582 | fc=0.205 |   2865 ep/s | 94.0m
[Ep  13950000/50000000] avg_r=  1.378 | h2h= 60.4500 | br= 0.4737 | avg= 0.4582 | fc=0.201 |   2878 ep/s | 94.3m
[Ep  14000000/50000000] avg_r=  1.404 | h2h= 60.4500 | br= 0.4743 | avg= 0.4591 | fc=0.201 |   2921 ep/s | 94.6m
[Ep  14050000/50000000] avg_r=  1.419 | h2h= 60.4500 | br= 0.4734 | avg= 0.4598 | fc=0.211 |   2868 ep/s | 94.9m
[Ep  14100000/50000000] avg_r=  1.391 | h2h= 60.4500 | br= 0.4738 | avg= 0.4604 | fc=0.195 |   2901 ep/s | 95.2m
[Ep  14150000/50000000] avg_r=  1.408 | h2h= 60.4500 | br= 0.4721 | avg= 0.4615 | fc=0.217 |   2918 ep/s | 95.5m
[Ep  14200000/50000000] avg_r=  1.386 | h2h= 60.4500 | br= 0.4744 | avg= 0.4611 | fc=0.156 |   2889 ep/s | 95.7m
[Ep  14250000/50000000] avg_r=  1.383 | h2h= 60.4500 | br= 0.4713 | avg= 0.4614 | fc=0.170 |   2922 ep/s | 96.0m
[Ep  14300000/50000000] avg_r=  1.415 | h2h= 60.4500 | br= 0.4727 | avg= 0.4618 | fc=0.195 |   2892 ep/s | 96.3m
[Ep  14350000/50000000] avg_r=  1.414 | h2h= 60.4500 | br= 0.4757 | avg= 0.4610 | fc=0.186 |   2938 ep/s | 96.6m
[Ep  14400000/50000000] avg_r=  1.360 | h2h= 60.4500 | br= 0.4726 | avg= 0.4645 | fc=0.195 |   2873 ep/s | 96.9m
[Ep  14450000/50000000] avg_r=  1.416 | h2h= 60.4500 | br= 0.4770 | avg= 0.4620 | fc=0.221 |   3022 ep/s | 97.2m
[Ep  14500000/50000000] avg_r=  1.391 | h2h= 60.4500 | br= 0.4735 | avg= 0.4629 | fc=0.146 |   3008 ep/s | 97.4m
[Ep  14550000/50000000] avg_r=  1.446 | h2h= 60.4500 | br= 0.4746 | avg= 0.4634 | fc=0.215 |   2859 ep/s | 97.7m
[Ep  14600000/50000000] avg_r=  1.442 | h2h= 60.4500 | br= 0.4743 | avg= 0.4653 | fc=0.191 |   2945 ep/s | 98.0m
[Ep  14650000/50000000] avg_r=  1.377 | h2h= 60.4500 | br= 0.4753 | avg= 0.4645 | fc=0.197 |   2841 ep/s | 98.3m
[Ep  14700000/50000000] avg_r=  1.412 | h2h= 60.4500 | br= 0.4743 | avg= 0.4651 | fc=0.221 |   2835 ep/s | 98.6m
[Ep  14750000/50000000] avg_r=  1.394 | h2h= 60.4500 | br= 0.4758 | avg= 0.4632 | fc=0.174 |   2876 ep/s | 98.9m
[Ep  14800000/50000000] avg_r=  1.402 | h2h= 60.4500 | br= 0.4750 | avg= 0.4672 | fc=0.209 |   2885 ep/s | 99.2m
[Ep  14850000/50000000] avg_r=  1.365 | h2h= 60.4500 | br= 0.4737 | avg= 0.4653 | fc=0.178 |   2863 ep/s | 99.5m
[Ep  14900000/50000000] avg_r=  1.396 | h2h= 60.4500 | br= 0.4764 | avg= 0.4659 | fc=0.182 |   2847 ep/s | 99.8m
[Ep  14950000/50000000] avg_r=  1.416 | h2h= 60.4500 | br= 0.4763 | avg= 0.4660 | fc=0.193 |   2942 ep/s | 100.1m
[Ep  15000000/50000000] avg_r=  1.410 | h2h= 60.4500 | br= 0.4736 | avg= 0.4678 | fc=0.191 |   2929 ep/s | 100.3m
[Ep  15050000/50000000] avg_r=  1.445 | h2h= 60.4500 | br= 0.4740 | avg= 0.4677 | fc=0.207 |   2916 ep/s | 100.6m
[Ep  15100000/50000000] avg_r=  1.396 | h2h= 60.4500 | br= 0.4739 | avg= 0.4661 | fc=0.191 |   2864 ep/s | 100.9m
[Ep  15150000/50000000] avg_r=  1.439 | h2h= 60.4500 | br= 0.4731 | avg= 0.4676 | fc=0.189 |   2901 ep/s | 101.2m
[Ep  15200000/50000000] avg_r=  1.413 | h2h= 60.4500 | br= 0.4754 | avg= 0.4666 | fc=0.172 |   2914 ep/s | 101.5m
[Ep  15250000/50000000] avg_r=  1.408 | h2h= 60.4500 | br= 0.4759 | avg= 0.4653 | fc=0.193 |   2950 ep/s | 101.8m
[Ep  15300000/50000000] avg_r=  1.402 | h2h= 60.4500 | br= 0.4753 | avg= 0.4683 | fc=0.188 |   2925 ep/s | 102.1m
[Ep  15350000/50000000] avg_r=  1.455 | h2h= 60.4500 | br= 0.4723 | avg= 0.4667 | fc=0.213 |   2888 ep/s | 102.3m
[Ep  15400000/50000000] avg_r=  1.424 | h2h= 60.4500 | br= 0.4712 | avg= 0.4693 | fc=0.203 |   2849 ep/s | 102.6m
[Ep  15450000/50000000] avg_r=  1.414 | h2h= 60.4500 | br= 0.4748 | avg= 0.4684 | fc=0.188 |   2903 ep/s | 102.9m
[Ep  15500000/50000000] avg_r=  1.413 | h2h= 60.4500 | br= 0.4766 | avg= 0.4686 | fc=0.182 |   2926 ep/s | 103.2m
[Ep  15550000/50000000] avg_r=  1.381 | h2h= 60.4500 | br= 0.4757 | avg= 0.4690 | fc=0.191 |   2942 ep/s | 103.5m
[Ep  15600000/50000000] avg_r=  1.417 | h2h= 60.4500 | br= 0.4747 | avg= 0.4699 | fc=0.180 |   2848 ep/s | 103.8m
[Ep  15650000/50000000] avg_r=  1.445 | h2h= 60.4500 | br= 0.4744 | avg= 0.4676 | fc=0.223 |   2932 ep/s | 104.1m
[Ep  15700000/50000000] avg_r=  1.419 | h2h= 60.4500 | br= 0.4734 | avg= 0.4685 | fc=0.211 |   2936 ep/s | 104.4m
[Ep  15750000/50000000] avg_r=  1.439 | h2h= 60.4500 | br= 0.4742 | avg= 0.4677 | fc=0.193 |   2899 ep/s | 104.6m
[Ep  15800000/50000000] avg_r=  1.410 | h2h= 60.4500 | br= 0.4748 | avg= 0.4695 | fc=0.201 |   2917 ep/s | 104.9m
[Ep  15850000/50000000] avg_r=  1.448 | h2h= 60.4500 | br= 0.4716 | avg= 0.4687 | fc=0.213 |   2929 ep/s | 105.2m
[Ep  15900000/50000000] avg_r=  1.404 | h2h= 60.4500 | br= 0.4720 | avg= 0.4708 | fc=0.176 |   2868 ep/s | 105.5m
[Ep  15950000/50000000] avg_r=  1.413 | h2h= 60.4500 | br= 0.4746 | avg= 0.4683 | fc=0.203 |   2888 ep/s | 105.8m
[Ep  16000000/50000000] avg_r=  1.392 | h2h= 60.4500 | br= 0.4725 | avg= 0.4702 | fc=0.207 |   2925 ep/s | 106.1m
[Ep  16050000/50000000] avg_r=  1.413 | h2h= 60.4500 | br= 0.4692 | avg= 0.4697 | fc=0.191 |   2927 ep/s | 106.4m
[Ep  16100000/50000000] avg_r=  1.432 | h2h= 60.4500 | br= 0.4734 | avg= 0.4706 | fc=0.180 |   2918 ep/s | 106.6m
[Ep  16150000/50000000] avg_r=  1.384 | h2h= 60.4500 | br= 0.4728 | avg= 0.4693 | fc=0.172 |   2872 ep/s | 106.9m
[Ep  16200000/50000000] avg_r=  1.424 | h2h= 60.4500 | br= 0.4720 | avg= 0.4685 | fc=0.211 |   2904 ep/s | 107.2m
[Ep  16250000/50000000] avg_r=  1.390 | h2h= 60.4500 | br= 0.4715 | avg= 0.4725 | fc=0.191 |   2937 ep/s | 107.5m
[Ep  16300000/50000000] avg_r=  1.386 | h2h= 60.4500 | br= 0.4710 | avg= 0.4702 | fc=0.197 |   2909 ep/s | 107.8m
[Ep  16350000/50000000] avg_r=  1.434 | h2h= 60.4500 | br= 0.4698 | avg= 0.4722 | fc=0.215 |   2904 ep/s | 108.1m
[Ep  16400000/50000000] avg_r=  1.440 | h2h= 60.4500 | br= 0.4709 | avg= 0.4712 | fc=0.195 |   2899 ep/s | 108.4m
[Ep  16450000/50000000] avg_r=  1.416 | h2h= 60.4500 | br= 0.4740 | avg= 0.4711 | fc=0.201 |   2845 ep/s | 108.7m
[Ep  16500000/50000000] avg_r=  1.413 | h2h= 60.4500 | br= 0.4715 | avg= 0.4702 | fc=0.197 |   2906 ep/s | 108.9m
[Ep  16550000/50000000] avg_r=  1.415 | h2h= 60.4500 | br= 0.4709 | avg= 0.4728 | fc=0.207 |   2903 ep/s | 109.2m
[Ep  16600000/50000000] avg_r=  1.416 | h2h= 60.4500 | br= 0.4723 | avg= 0.4704 | fc=0.180 |   2894 ep/s | 109.5m
[Ep  16650000/50000000] avg_r=  1.454 | h2h= 60.4500 | br= 0.4703 | avg= 0.4704 | fc=0.162 |   2884 ep/s | 109.8m
[Ep  16700000/50000000] avg_r=  1.374 | h2h= 60.4500 | br= 0.4718 | avg= 0.4714 | fc=0.168 |   2892 ep/s | 110.1m
[Ep  16750000/50000000] avg_r=  1.420 | h2h= 60.4500 | br= 0.4708 | avg= 0.4707 | fc=0.180 |   2920 ep/s | 110.4m
[Ep  16800000/50000000] avg_r=  1.431 | h2h= 60.4500 | br= 0.4717 | avg= 0.4726 | fc=0.188 |   2850 ep/s | 110.7m
[Ep  16850000/50000000] avg_r=  1.401 | h2h= 60.4500 | br= 0.4746 | avg= 0.4706 | fc=0.184 |   2883 ep/s | 111.0m
[Ep  16900000/50000000] avg_r=  1.427 | h2h= 60.4500 | br= 0.4716 | avg= 0.4708 | fc=0.195 |   2924 ep/s | 111.2m
[Ep  16950000/50000000] avg_r=  1.425 | h2h= 60.4500 | br= 0.4728 | avg= 0.4716 | fc=0.158 |   2902 ep/s | 111.5m
[Ep  17000000/50000000] avg_r=  1.439 | h2h= 60.4500 | br= 0.4748 | avg= 0.4701 | fc=0.174 |   2903 ep/s | 111.8m
[Ep  17050000/50000000] avg_r=  1.445 | h2h= 60.4500 | br= 0.4722 | avg= 0.4704 | fc=0.203 |   2900 ep/s | 112.1m
[Ep  17100000/50000000] avg_r=  1.408 | h2h= 60.4500 | br= 0.4717 | avg= 0.4715 | fc=0.219 |   2924 ep/s | 112.4m
[Ep  17150000/50000000] avg_r=  1.422 | h2h= 60.4500 | br= 0.4716 | avg= 0.4718 | fc=0.209 |   2884 ep/s | 112.7m
[Ep  17200000/50000000] avg_r=  1.436 | h2h= 60.4500 | br= 0.4694 | avg= 0.4699 | fc=0.217 |   2878 ep/s | 113.0m
[Ep  17250000/50000000] avg_r=  1.407 | h2h= 60.4500 | br= 0.4682 | avg= 0.4705 | fc=0.203 |   2902 ep/s | 113.3m
[Ep  17300000/50000000] avg_r=  1.426 | h2h= 60.4500 | br= 0.4699 | avg= 0.4698 | fc=0.180 |   2882 ep/s | 113.6m
[Ep  17350000/50000000] avg_r=  1.429 | h2h= 60.4500 | br= 0.4718 | avg= 0.4711 | fc=0.154 |   2875 ep/s | 113.8m
[Ep  17400000/50000000] avg_r=  1.368 | h2h= 60.4500 | br= 0.4706 | avg= 0.4730 | fc=0.168 |   2901 ep/s | 114.1m
[Ep  17450000/50000000] avg_r=  1.413 | h2h= 60.4500 | br= 0.4756 | avg= 0.4704 | fc=0.184 |   2872 ep/s | 114.4m
[Ep  17500000/50000000] avg_r=  1.429 | h2h= 60.4500 | br= 0.4741 | avg= 0.4703 | fc=0.172 |   2947 ep/s | 114.7m
[Ep  17550000/50000000] avg_r=  1.414 | h2h= 60.4500 | br= 0.4746 | avg= 0.4729 | fc=0.186 |   2872 ep/s | 115.0m
[Ep  17600000/50000000] avg_r=  1.420 | h2h= 60.4500 | br= 0.4726 | avg= 0.4700 | fc=0.205 |   2829 ep/s | 115.3m
[Ep  17650000/50000000] avg_r=  1.435 | h2h= 60.4500 | br= 0.4739 | avg= 0.4700 | fc=0.201 |   2892 ep/s | 115.6m
[Ep  17700000/50000000] avg_r=  1.406 | h2h= 60.4500 | br= 0.4722 | avg= 0.4701 | fc=0.217 |   2885 ep/s | 115.9m
[Ep  17750000/50000000] avg_r=  1.400 | h2h= 60.4500 | br= 0.4735 | avg= 0.4719 | fc=0.195 |   2873 ep/s | 116.2m
[Ep  17800000/50000000] avg_r=  1.433 | h2h= 60.4500 | br= 0.4728 | avg= 0.4704 | fc=0.209 |   2850 ep/s | 116.4m
[Ep  17850000/50000000] avg_r=  1.456 | h2h= 60.4500 | br= 0.4741 | avg= 0.4721 | fc=0.170 |   2845 ep/s | 116.7m
[Ep  17900000/50000000] avg_r=  1.398 | h2h= 60.4500 | br= 0.4724 | avg= 0.4726 | fc=0.154 |   2935 ep/s | 117.0m
[Ep  17950000/50000000] avg_r=  1.447 | h2h= 60.4500 | br= 0.4712 | avg= 0.4731 | fc=0.170 |   2915 ep/s | 117.3m
[Ep  18000000/50000000] avg_r=  1.433 | h2h= 60.4500 | br= 0.4732 | avg= 0.4708 | fc=0.229 |   2893 ep/s | 117.6m
[Ep  18050000/50000000] avg_r=  1.439 | h2h= 60.4500 | br= 0.4728 | avg= 0.4718 | fc=0.172 |   2865 ep/s | 117.9m
[Ep  18100000/50000000] avg_r=  1.388 | h2h= 60.4500 | br= 0.4744 | avg= 0.4728 | fc=0.178 |   2903 ep/s | 118.2m
[Ep  18150000/50000000] avg_r=  1.395 | h2h= 60.4500 | br= 0.4737 | avg= 0.4718 | fc=0.188 |   2878 ep/s | 118.5m
[Ep  18200000/50000000] avg_r=  1.439 | h2h= 60.4500 | br= 0.4750 | avg= 0.4714 | fc=0.199 |   2955 ep/s | 118.7m
[Ep  18250000/50000000] avg_r=  1.418 | h2h= 60.4500 | br= 0.4737 | avg= 0.4723 | fc=0.205 |   2888 ep/s | 119.0m
[Ep  18300000/50000000] avg_r=  1.419 | h2h= 60.4500 | br= 0.4737 | avg= 0.4711 | fc=0.188 |   2958 ep/s | 119.3m
[Ep  18350000/50000000] avg_r=  1.432 | h2h= 60.4500 | br= 0.4721 | avg= 0.4718 | fc=0.172 |   2960 ep/s | 119.6m
[Ep  18400000/50000000] avg_r=  1.410 | h2h= 60.4500 | br= 0.4701 | avg= 0.4710 | fc=0.158 |   2896 ep/s | 119.9m
[Ep  18450000/50000000] avg_r=  1.426 | h2h= 60.4500 | br= 0.4714 | avg= 0.4720 | fc=0.166 |   2835 ep/s | 120.2m
[Ep  18500000/50000000] avg_r=  1.426 | h2h= 60.4500 | br= 0.4739 | avg= 0.4695 | fc=0.180 |   2912 ep/s | 120.5m
[Ep  18550000/50000000] avg_r=  1.390 | h2h= 60.4500 | br= 0.4726 | avg= 0.4705 | fc=0.191 |   2875 ep/s | 120.8m
[Ep  18600000/50000000] avg_r=  1.395 | h2h= 60.4500 | br= 0.4714 | avg= 0.4721 | fc=0.172 |   2836 ep/s | 121.0m
[Ep  18650000/50000000] avg_r=  1.425 | h2h= 60.4500 | br= 0.4695 | avg= 0.4703 | fc=0.193 |   2860 ep/s | 121.3m
[Ep  18700000/50000000] avg_r=  1.431 | h2h= 60.4500 | br= 0.4699 | avg= 0.4685 | fc=0.207 |   2878 ep/s | 121.6m
[Ep  18750000/50000000] avg_r=  1.452 | h2h= 60.4500 | br= 0.4713 | avg= 0.4700 | fc=0.184 |   2860 ep/s | 121.9m
[Ep  18800000/50000000] avg_r=  1.408 | h2h= 60.4500 | br= 0.4716 | avg= 0.4711 | fc=0.201 |   2950 ep/s | 122.2m
[Ep  18850000/50000000] avg_r=  1.416 | h2h= 60.4500 | br= 0.4720 | avg= 0.4713 | fc=0.189 |   2912 ep/s | 122.5m
[Ep  18900000/50000000] avg_r=  1.366 | h2h= 60.4500 | br= 0.4728 | avg= 0.4700 | fc=0.193 |   2878 ep/s | 122.8m
[Ep  18950000/50000000] avg_r=  1.426 | h2h= 60.4500 | br= 0.4715 | avg= 0.4700 | fc=0.227 |   2960 ep/s | 123.1m
[Ep  19000000/50000000] avg_r=  1.416 | h2h= 60.4500 | br= 0.4723 | avg= 0.4711 | fc=0.244 |   2863 ep/s | 123.4m
[Ep  19050000/50000000] avg_r=  1.399 | h2h= 60.4500 | br= 0.4703 | avg= 0.4714 | fc=0.223 |   2915 ep/s | 123.6m
[Ep  19100000/50000000] avg_r=  1.462 | h2h= 60.4500 | br= 0.4711 | avg= 0.4700 | fc=0.195 |   2898 ep/s | 123.9m
[Ep  19150000/50000000] avg_r=  1.422 | h2h= 60.4500 | br= 0.4732 | avg= 0.4694 | fc=0.197 |   2913 ep/s | 124.2m
[Ep  19200000/50000000] avg_r=  1.462 | h2h= 60.4500 | br= 0.4723 | avg= 0.4684 | fc=0.180 |   2962 ep/s | 124.5m
[Ep  19250000/50000000] avg_r=  1.383 | h2h= 60.4500 | br= 0.4739 | avg= 0.4703 | fc=0.193 |   2870 ep/s | 124.8m
[Ep  19300000/50000000] avg_r=  1.418 | h2h= 60.4500 | br= 0.4734 | avg= 0.4670 | fc=0.201 |   2973 ep/s | 125.1m
[Ep  19350000/50000000] avg_r=  1.422 | h2h= 60.4500 | br= 0.4717 | avg= 0.4696 | fc=0.191 |   2832 ep/s | 125.4m
[Ep  19400000/50000000] avg_r=  1.431 | h2h= 60.4500 | br= 0.4727 | avg= 0.4697 | fc=0.166 |   2862 ep/s | 125.6m
[Ep  19450000/50000000] avg_r=  1.368 | h2h= 60.4500 | br= 0.4727 | avg= 0.4682 | fc=0.209 |   2898 ep/s | 125.9m
[Ep  19500000/50000000] avg_r=  1.419 | h2h= 60.4500 | br= 0.4731 | avg= 0.4674 | fc=0.166 |   2844 ep/s | 126.2m
[Ep  19550000/50000000] avg_r=  1.438 | h2h= 60.4500 | br= 0.4733 | avg= 0.4700 | fc=0.186 |   2877 ep/s | 126.5m
[Ep  19600000/50000000] avg_r=  1.389 | h2h= 60.4500 | br= 0.4755 | avg= 0.4701 | fc=0.193 |   2857 ep/s | 126.8m
[Ep  19650000/50000000] avg_r=  1.427 | h2h= 60.4500 | br= 0.4721 | avg= 0.4684 | fc=0.176 |   2916 ep/s | 127.1m
[Ep  19700000/50000000] avg_r=  1.409 | h2h= 60.4500 | br= 0.4700 | avg= 0.4719 | fc=0.234 |   2934 ep/s | 127.4m
[Ep  19750000/50000000] avg_r=  1.402 | h2h= 60.4500 | br= 0.4723 | avg= 0.4769 | fc=0.195 |   2810 ep/s | 127.7m
[Ep  19800000/50000000] avg_r=  1.423 | h2h= 60.4500 | br= 0.4732 | avg= 0.4754 | fc=0.174 |   2828 ep/s | 128.0m
[Ep  19850000/50000000] avg_r=  1.456 | h2h= 60.4500 | br= 0.4693 | avg= 0.4752 | fc=0.180 |   2882 ep/s | 128.3m
[Ep  19900000/50000000] avg_r=  1.399 | h2h= 60.4500 | br= 0.4723 | avg= 0.4764 | fc=0.189 |   2916 ep/s | 128.5m
[Ep  19950000/50000000] avg_r=  1.387 | h2h= 60.4500 | br= 0.4739 | avg= 0.4755 | fc=0.219 |   2862 ep/s | 128.8m
[Ep  20000000/50000000] avg_r=  1.428 | h2h= 60.4500 | br= 0.4726 | avg= 0.4766 | fc=0.193 |   2876 ep/s | 129.1m
[H2H] ep=20000000 | avg_reward=55.1000 over 1000 games
  >>> H2H WINRATE @ ep 20000000: 55.1000
  [CHECKPOINT] saved at ep 20000000
[snapshot] ep=20000000 -> /home/anthonyn/cos435/cpp-implementation/snapshots/holdem_64x64_mv_train_std_full/ep20000000
[Ep  20050000/50000000] avg_r=  1.413 | h2h= 55.1000 | br= 0.4727 | avg= 0.4752 | fc=0.188 |    619 ep/s | 130.5m
[Ep  20100000/50000000] avg_r=  1.419 | h2h= 55.1000 | br= 0.4755 | avg= 0.4761 | fc=0.197 |   2831 ep/s | 130.8m
[Ep  20150000/50000000] avg_r=  1.422 | h2h= 55.1000 | br= 0.4729 | avg= 0.4760 | fc=0.217 |   2898 ep/s | 131.1m
[Ep  20200000/50000000] avg_r=  1.269 | h2h= 55.1000 | br= 0.5225 | avg= 0.4690 | fc=0.205 |   2915 ep/s | 131.3m
[Ep  20250000/50000000] avg_r=  1.121 | h2h= 55.1000 | br= 0.5335 | avg= 0.4687 | fc=0.182 |   3004 ep/s | 131.6m
[Ep  20300000/50000000] avg_r=  1.147 | h2h= 55.1000 | br= 0.5269 | avg= 0.4711 | fc=0.213 |   2886 ep/s | 131.9m
[Ep  20350000/50000000] avg_r=  1.127 | h2h= 55.1000 | br= 0.5158 | avg= 0.4715 | fc=0.207 |   3006 ep/s | 132.2m
[Ep  20400000/50000000] avg_r=  1.171 | h2h= 55.1000 | br= 0.5078 | avg= 0.4744 | fc=0.178 |   2973 ep/s | 132.5m
[Ep  20450000/50000000] avg_r=  1.165 | h2h= 55.1000 | br= 0.5050 | avg= 0.4727 | fc=0.164 |   3003 ep/s | 132.7m
[Ep  20500000/50000000] avg_r=  1.106 | h2h= 55.1000 | br= 0.5032 | avg= 0.4739 | fc=0.199 |   2942 ep/s | 133.0m
[Ep  20550000/50000000] avg_r=  1.148 | h2h= 55.1000 | br= 0.5043 | avg= 0.4735 | fc=0.188 |   2999 ep/s | 133.3m
[Ep  20600000/50000000] avg_r=  1.175 | h2h= 55.1000 | br= 0.5034 | avg= 0.4763 | fc=0.182 |   2934 ep/s | 133.6m
[Ep  20650000/50000000] avg_r=  1.201 | h2h= 55.1000 | br= 0.5036 | avg= 0.4746 | fc=0.186 |   2981 ep/s | 133.9m
[Ep  20700000/50000000] avg_r=  1.154 | h2h= 55.1000 | br= 0.5006 | avg= 0.4782 | fc=0.184 |   2982 ep/s | 134.1m
[Ep  20750000/50000000] avg_r=  1.164 | h2h= 55.1000 | br= 0.5021 | avg= 0.4794 | fc=0.193 |   3015 ep/s | 134.4m
[Ep  20800000/50000000] avg_r=  1.123 | h2h= 55.1000 | br= 0.5035 | avg= 0.4789 | fc=0.160 |   2981 ep/s | 134.7m
[Ep  20850000/50000000] avg_r=  1.155 | h2h= 55.1000 | br= 0.5038 | avg= 0.4812 | fc=0.188 |   2907 ep/s | 135.0m
[Ep  20900000/50000000] avg_r=  1.142 | h2h= 55.1000 | br= 0.5053 | avg= 0.4820 | fc=0.184 |   2919 ep/s | 135.3m
[Ep  20950000/50000000] avg_r=  1.169 | h2h= 55.1000 | br= 0.5024 | avg= 0.4808 | fc=0.189 |   2928 ep/s | 135.6m
[Ep  21000000/50000000] avg_r=  1.162 | h2h= 55.1000 | br= 0.5015 | avg= 0.4829 | fc=0.203 |   2977 ep/s | 135.8m
[Ep  21050000/50000000] avg_r=  1.152 | h2h= 55.1000 | br= 0.5027 | avg= 0.4815 | fc=0.174 |   3003 ep/s | 136.1m
[Ep  21100000/50000000] avg_r=  1.146 | h2h= 55.1000 | br= 0.4985 | avg= 0.4825 | fc=0.164 |   2967 ep/s | 136.4m
[Ep  21150000/50000000] avg_r=  1.152 | h2h= 55.1000 | br= 0.5022 | avg= 0.4840 | fc=0.193 |   2946 ep/s | 136.7m
[Ep  21200000/50000000] avg_r=  1.133 | h2h= 55.1000 | br= 0.4994 | avg= 0.4843 | fc=0.166 |   2942 ep/s | 137.0m
[Ep  21250000/50000000] avg_r=  1.156 | h2h= 55.1000 | br= 0.5023 | avg= 0.4847 | fc=0.186 |   3013 ep/s | 137.2m
[Ep  21300000/50000000] avg_r=  1.107 | h2h= 55.1000 | br= 0.4993 | avg= 0.4875 | fc=0.186 |   2901 ep/s | 137.5m
[Ep  21350000/50000000] avg_r=  1.159 | h2h= 55.1000 | br= 0.5001 | avg= 0.4858 | fc=0.180 |   2847 ep/s | 137.8m
[Ep  21400000/50000000] avg_r=  1.147 | h2h= 55.1000 | br= 0.5022 | avg= 0.4880 | fc=0.188 |   2964 ep/s | 138.1m
[Ep  21450000/50000000] avg_r=  1.174 | h2h= 55.1000 | br= 0.5026 | avg= 0.4881 | fc=0.174 |   3162 ep/s | 138.4m
[Ep  21500000/50000000] avg_r=  1.166 | h2h= 55.1000 | br= 0.5016 | avg= 0.4883 | fc=0.180 |   3106 ep/s | 138.6m
[Ep  21550000/50000000] avg_r=  1.146 | h2h= 55.1000 | br= 0.5033 | avg= 0.4911 | fc=0.211 |   3129 ep/s | 138.9m
[Ep  21600000/50000000] avg_r=  1.161 | h2h= 55.1000 | br= 0.5035 | avg= 0.4897 | fc=0.205 |   3062 ep/s | 139.2m
[Ep  21650000/50000000] avg_r=  1.172 | h2h= 55.1000 | br= 0.5032 | avg= 0.4907 | fc=0.156 |   2928 ep/s | 139.5m
[Ep  21700000/50000000] avg_r=  1.174 | h2h= 55.1000 | br= 0.5047 | avg= 0.4903 | fc=0.170 |   2993 ep/s | 139.7m
[Ep  21750000/50000000] avg_r=  1.160 | h2h= 55.1000 | br= 0.5040 | avg= 0.4905 | fc=0.197 |   2898 ep/s | 140.0m
[Ep  21800000/50000000] avg_r=  1.119 | h2h= 55.1000 | br= 0.5081 | avg= 0.4918 | fc=0.191 |   2923 ep/s | 140.3m
[Ep  21850000/50000000] avg_r=  1.159 | h2h= 55.1000 | br= 0.5045 | avg= 0.4942 | fc=0.180 |   3016 ep/s | 140.6m
[Ep  21900000/50000000] avg_r=  1.123 | h2h= 55.1000 | br= 0.5063 | avg= 0.4933 | fc=0.188 |   2909 ep/s | 140.9m
[Ep  21950000/50000000] avg_r=  1.161 | h2h= 55.1000 | br= 0.5055 | avg= 0.4935 | fc=0.189 |   2920 ep/s | 141.2m
[Ep  22000000/50000000] avg_r=  1.137 | h2h= 55.1000 | br= 0.5020 | avg= 0.4948 | fc=0.203 |   2914 ep/s | 141.4m
[Ep  22050000/50000000] avg_r=  1.161 | h2h= 55.1000 | br= 0.5033 | avg= 0.4950 | fc=0.191 |   2865 ep/s | 141.7m
[Ep  22100000/50000000] avg_r=  1.157 | h2h= 55.1000 | br= 0.5018 | avg= 0.4944 | fc=0.176 |   2912 ep/s | 142.0m
[Ep  22150000/50000000] avg_r=  1.124 | h2h= 55.1000 | br= 0.5027 | avg= 0.4935 | fc=0.172 |   2959 ep/s | 142.3m
[Ep  22200000/50000000] avg_r=  1.155 | h2h= 55.1000 | br= 0.4995 | avg= 0.4968 | fc=0.182 |   2951 ep/s | 142.6m
[Ep  22250000/50000000] avg_r=  1.137 | h2h= 55.1000 | br= 0.4999 | avg= 0.4963 | fc=0.221 |   3034 ep/s | 142.9m
[Ep  22300000/50000000] avg_r=  1.157 | h2h= 55.1000 | br= 0.5034 | avg= 0.4978 | fc=0.188 |   3074 ep/s | 143.1m
[Ep  22350000/50000000] avg_r=  1.163 | h2h= 55.1000 | br= 0.5040 | avg= 0.4973 | fc=0.186 |   3107 ep/s | 143.4m
[Ep  22400000/50000000] avg_r=  1.179 | h2h= 55.1000 | br= 0.5023 | avg= 0.4970 | fc=0.197 |   3014 ep/s | 143.7m
[Ep  22450000/50000000] avg_r=  1.165 | h2h= 55.1000 | br= 0.5039 | avg= 0.4989 | fc=0.166 |   3054 ep/s | 143.9m
[Ep  22500000/50000000] avg_r=  1.166 | h2h= 55.1000 | br= 0.5038 | avg= 0.4998 | fc=0.188 |   2884 ep/s | 144.2m
[Ep  22550000/50000000] avg_r=  1.123 | h2h= 55.1000 | br= 0.5049 | avg= 0.4987 | fc=0.182 |   2976 ep/s | 144.5m
[Ep  22600000/50000000] avg_r=  1.151 | h2h= 55.1000 | br= 0.5042 | avg= 0.5005 | fc=0.160 |   2944 ep/s | 144.8m
[Ep  22650000/50000000] avg_r=  1.163 | h2h= 55.1000 | br= 0.5050 | avg= 0.4998 | fc=0.180 |   2948 ep/s | 145.1m
[Ep  22700000/50000000] avg_r=  1.177 | h2h= 55.1000 | br= 0.5030 | avg= 0.4997 | fc=0.184 |   2961 ep/s | 145.4m
[Ep  22750000/50000000] avg_r=  1.147 | h2h= 55.1000 | br= 0.5024 | avg= 0.5010 | fc=0.201 |   3109 ep/s | 145.6m
[Ep  22800000/50000000] avg_r=  1.175 | h2h= 55.1000 | br= 0.5033 | avg= 0.5010 | fc=0.184 |   3173 ep/s | 145.9m
[Ep  22850000/50000000] avg_r=  1.177 | h2h= 55.1000 | br= 0.5035 | avg= 0.5011 | fc=0.150 |   3055 ep/s | 146.2m
[Ep  22900000/50000000] avg_r=  1.161 | h2h= 55.1000 | br= 0.5022 | avg= 0.5008 | fc=0.205 |   2986 ep/s | 146.4m
[Ep  22950000/50000000] avg_r=  1.150 | h2h= 55.1000 | br= 0.5023 | avg= 0.5020 | fc=0.178 |   2989 ep/s | 146.7m
[Ep  23000000/50000000] avg_r=  1.150 | h2h= 55.1000 | br= 0.5010 | avg= 0.5025 | fc=0.188 |   2988 ep/s | 147.0m
[Ep  23050000/50000000] avg_r=  1.159 | h2h= 55.1000 | br= 0.5029 | avg= 0.5014 | fc=0.176 |   2965 ep/s | 147.3m
[Ep  23100000/50000000] avg_r=  1.145 | h2h= 55.1000 | br= 0.5030 | avg= 0.5037 | fc=0.176 |   2949 ep/s | 147.6m
[Ep  23150000/50000000] avg_r=  1.185 | h2h= 55.1000 | br= 0.5035 | avg= 0.5016 | fc=0.184 |   2769 ep/s | 147.9m
[Ep  23200000/50000000] avg_r=  1.167 | h2h= 55.1000 | br= 0.5022 | avg= 0.5032 | fc=0.172 |   2896 ep/s | 148.2m
[Ep  23250000/50000000] avg_r=  1.152 | h2h= 55.1000 | br= 0.5024 | avg= 0.5053 | fc=0.158 |   2883 ep/s | 148.4m
[Ep  23300000/50000000] avg_r=  1.151 | h2h= 55.1000 | br= 0.5022 | avg= 0.5052 | fc=0.174 |   2926 ep/s | 148.7m
[Ep  23350000/50000000] avg_r=  1.141 | h2h= 55.1000 | br= 0.5018 | avg= 0.5055 | fc=0.162 |   2833 ep/s | 149.0m
[Ep  23400000/50000000] avg_r=  1.147 | h2h= 55.1000 | br= 0.5016 | avg= 0.5055 | fc=0.193 |   2863 ep/s | 149.3m
[Ep  23450000/50000000] avg_r=  1.142 | h2h= 55.1000 | br= 0.5000 | avg= 0.5068 | fc=0.182 |   2911 ep/s | 149.6m
[Ep  23500000/50000000] avg_r=  1.174 | h2h= 55.1000 | br= 0.5031 | avg= 0.5054 | fc=0.170 |   2815 ep/s | 149.9m
[Ep  23550000/50000000] avg_r=  1.159 | h2h= 55.1000 | br= 0.4999 | avg= 0.5092 | fc=0.168 |   2841 ep/s | 150.2m
[Ep  23600000/50000000] avg_r=  1.151 | h2h= 55.1000 | br= 0.4996 | avg= 0.5122 | fc=0.205 |   2900 ep/s | 150.5m
[Ep  23650000/50000000] avg_r=  1.197 | h2h= 55.1000 | br= 0.5021 | avg= 0.5146 | fc=0.156 |   2883 ep/s | 150.8m
[Ep  23700000/50000000] avg_r=  1.133 | h2h= 55.1000 | br= 0.5016 | avg= 0.5153 | fc=0.203 |   2888 ep/s | 151.1m
[Ep  23750000/50000000] avg_r=  1.105 | h2h= 55.1000 | br= 0.5042 | avg= 0.5142 | fc=0.158 |   2946 ep/s | 151.3m
[Ep  23800000/50000000] avg_r=  1.134 | h2h= 55.1000 | br= 0.5011 | avg= 0.5143 | fc=0.150 |   2934 ep/s | 151.6m
[Ep  23850000/50000000] avg_r=  1.129 | h2h= 55.1000 | br= 0.5011 | avg= 0.5148 | fc=0.176 |   2885 ep/s | 151.9m
[Ep  23900000/50000000] avg_r=  1.137 | h2h= 55.1000 | br= 0.5017 | avg= 0.5150 | fc=0.168 |   2935 ep/s | 152.2m
[Ep  23950000/50000000] avg_r=  1.169 | h2h= 55.1000 | br= 0.5021 | avg= 0.5158 | fc=0.170 |   2907 ep/s | 152.5m
[Ep  24000000/50000000] avg_r=  1.116 | h2h= 55.1000 | br= 0.5016 | avg= 0.5159 | fc=0.184 |   2942 ep/s | 152.8m
[Ep  24050000/50000000] avg_r=  1.145 | h2h= 55.1000 | br= 0.5016 | avg= 0.5166 | fc=0.193 |   2885 ep/s | 153.1m
[Ep  24100000/50000000] avg_r=  1.172 | h2h= 55.1000 | br= 0.5036 | avg= 0.5171 | fc=0.182 |   2909 ep/s | 153.3m
[Ep  24150000/50000000] avg_r=  1.161 | h2h= 55.1000 | br= 0.5026 | avg= 0.5190 | fc=0.215 |   2929 ep/s | 153.6m
[Ep  24200000/50000000] avg_r=  1.159 | h2h= 55.1000 | br= 0.5022 | avg= 0.5161 | fc=0.170 |   2818 ep/s | 153.9m
[Ep  24250000/50000000] avg_r=  1.163 | h2h= 55.1000 | br= 0.5028 | avg= 0.5195 | fc=0.215 |   2834 ep/s | 154.2m
[Ep  24300000/50000000] avg_r=  1.170 | h2h= 55.1000 | br= 0.5019 | avg= 0.5189 | fc=0.156 |   2898 ep/s | 154.5m
[Ep  24350000/50000000] avg_r=  0.946 | h2h= 55.1000 | br= 0.5226 | avg= 0.5126 | fc=0.217 |   3060 ep/s | 154.8m
[Ep  24400000/50000000] avg_r=  0.941 | h2h= 55.1000 | br= 0.5019 | avg= 0.5127 | fc=0.193 |   2978 ep/s | 155.1m
[Ep  24450000/50000000] avg_r=  0.982 | h2h= 55.1000 | br= 0.4828 | avg= 0.5111 | fc=0.205 |   3011 ep/s | 155.3m
[Ep  24500000/50000000] avg_r=  0.930 | h2h= 55.1000 | br= 0.4621 | avg= 0.5140 | fc=0.205 |   3038 ep/s | 155.6m
[Ep  24550000/50000000] avg_r=  0.960 | h2h= 55.1000 | br= 0.4416 | avg= 0.5136 | fc=0.201 |   2921 ep/s | 155.9m
[Ep  24600000/50000000] avg_r=  0.943 | h2h= 55.1000 | br= 0.4274 | avg= 0.5104 | fc=0.223 |   2972 ep/s | 156.2m
[Ep  24650000/50000000] avg_r=  0.929 | h2h= 55.1000 | br= 0.4239 | avg= 0.5132 | fc=0.230 |   3046 ep/s | 156.4m
[Ep  24700000/50000000] avg_r=  0.941 | h2h= 55.1000 | br= 0.4244 | avg= 0.5138 | fc=0.221 |   3006 ep/s | 156.7m
[Ep  24750000/50000000] avg_r=  0.940 | h2h= 55.1000 | br= 0.4239 | avg= 0.5136 | fc=0.207 |   3040 ep/s | 157.0m
[Ep  24800000/50000000] avg_r=  0.928 | h2h= 55.1000 | br= 0.4230 | avg= 0.5136 | fc=0.230 |   3052 ep/s | 157.3m
[Ep  24850000/50000000] avg_r=  0.944 | h2h= 55.1000 | br= 0.4226 | avg= 0.5143 | fc=0.217 |   2963 ep/s | 157.5m
[Ep  24900000/50000000] avg_r=  0.948 | h2h= 55.1000 | br= 0.4230 | avg= 0.5155 | fc=0.236 |   2932 ep/s | 157.8m
[Ep  24950000/50000000] avg_r=  0.964 | h2h= 55.1000 | br= 0.4242 | avg= 0.5145 | fc=0.209 |   3129 ep/s | 158.1m
[Ep  25000000/50000000] avg_r=  0.959 | h2h= 55.1000 | br= 0.4219 | avg= 0.5135 | fc=0.197 |   3132 ep/s | 158.4m
[Ep  25050000/50000000] avg_r=  0.956 | h2h= 55.1000 | br= 0.4236 | avg= 0.5164 | fc=0.211 |   3020 ep/s | 158.6m
[Ep  25100000/50000000] avg_r=  0.939 | h2h= 55.1000 | br= 0.4227 | avg= 0.5164 | fc=0.211 |   3050 ep/s | 158.9m
[Ep  25150000/50000000] avg_r=  0.956 | h2h= 55.1000 | br= 0.4264 | avg= 0.5155 | fc=0.219 |   3114 ep/s | 159.2m
[Ep  25200000/50000000] avg_r=  0.931 | h2h= 55.1000 | br= 0.4222 | avg= 0.5179 | fc=0.215 |   3091 ep/s | 159.5m
[Ep  25250000/50000000] avg_r=  0.953 | h2h= 55.1000 | br= 0.4219 | avg= 0.5158 | fc=0.211 |   2987 ep/s | 159.7m
[Ep  25300000/50000000] avg_r=  0.934 | h2h= 55.1000 | br= 0.4222 | avg= 0.5166 | fc=0.242 |   3081 ep/s | 160.0m
[Ep  25350000/50000000] avg_r=  0.958 | h2h= 55.1000 | br= 0.4236 | avg= 0.5183 | fc=0.219 |   3093 ep/s | 160.3m
[Ep  25400000/50000000] avg_r=  0.938 | h2h= 55.1000 | br= 0.4237 | avg= 0.5176 | fc=0.232 |   3120 ep/s | 160.5m
[Ep  25450000/50000000] avg_r=  0.959 | h2h= 55.1000 | br= 0.4261 | avg= 0.5160 | fc=0.234 |   3098 ep/s | 160.8m
[Ep  25500000/50000000] avg_r=  0.955 | h2h= 55.1000 | br= 0.4236 | avg= 0.5178 | fc=0.191 |   3102 ep/s | 161.1m
[Ep  25550000/50000000] avg_r=  0.943 | h2h= 55.1000 | br= 0.4250 | avg= 0.5189 | fc=0.189 |   3103 ep/s | 161.3m
[Ep  25600000/50000000] avg_r=  0.931 | h2h= 55.1000 | br= 0.4248 | avg= 0.5181 | fc=0.188 |   3049 ep/s | 161.6m
[Ep  25650000/50000000] avg_r=  0.947 | h2h= 55.1000 | br= 0.4225 | avg= 0.5186 | fc=0.227 |   3090 ep/s | 161.9m
[Ep  25700000/50000000] avg_r=  0.944 | h2h= 55.1000 | br= 0.4227 | avg= 0.5188 | fc=0.219 |   3052 ep/s | 162.2m
[Ep  25750000/50000000] avg_r=  0.953 | h2h= 55.1000 | br= 0.4246 | avg= 0.5194 | fc=0.229 |   3099 ep/s | 162.4m
[Ep  25800000/50000000] avg_r=  0.943 | h2h= 55.1000 | br= 0.4244 | avg= 0.5218 | fc=0.205 |   3059 ep/s | 162.7m
[Ep  25850000/50000000] avg_r=  0.964 | h2h= 55.1000 | br= 0.4238 | avg= 0.5187 | fc=0.232 |   3089 ep/s | 163.0m
[Ep  25900000/50000000] avg_r=  0.957 | h2h= 55.1000 | br= 0.4231 | avg= 0.5191 | fc=0.227 |   3113 ep/s | 163.2m
[Ep  25950000/50000000] avg_r=  0.923 | h2h= 55.1000 | br= 0.4213 | avg= 0.5195 | fc=0.201 |   3114 ep/s | 163.5m
[Ep  26000000/50000000] avg_r=  0.959 | h2h= 55.1000 | br= 0.4224 | avg= 0.5189 | fc=0.209 |   3051 ep/s | 163.8m
[Ep  26050000/50000000] avg_r=  0.939 | h2h= 55.1000 | br= 0.4222 | avg= 0.5195 | fc=0.213 |   3099 ep/s | 164.0m
[Ep  26100000/50000000] avg_r=  0.955 | h2h= 55.1000 | br= 0.4234 | avg= 0.5204 | fc=0.234 |   3104 ep/s | 164.3m
[Ep  26150000/50000000] avg_r=  0.958 | h2h= 55.1000 | br= 0.4254 | avg= 0.5218 | fc=0.215 |   3218 ep/s | 164.6m
[Ep  26200000/50000000] avg_r=  0.946 | h2h= 55.1000 | br= 0.4251 | avg= 0.5208 | fc=0.207 |   3163 ep/s | 164.8m
[Ep  26250000/50000000] avg_r=  0.928 | h2h= 55.1000 | br= 0.4248 | avg= 0.5193 | fc=0.221 |   3100 ep/s | 165.1m
[Ep  26300000/50000000] avg_r=  0.954 | h2h= 55.1000 | br= 0.4266 | avg= 0.5221 | fc=0.217 |   3085 ep/s | 165.4m
[Ep  26350000/50000000] avg_r=  0.950 | h2h= 55.1000 | br= 0.4252 | avg= 0.5203 | fc=0.236 |   3250 ep/s | 165.6m
[Ep  26400000/50000000] avg_r=  0.968 | h2h= 55.1000 | br= 0.4266 | avg= 0.5204 | fc=0.215 |   3088 ep/s | 165.9m
[Ep  26450000/50000000] avg_r=  0.942 | h2h= 55.1000 | br= 0.4228 | avg= 0.5209 | fc=0.213 |   3020 ep/s | 166.2m
[Ep  26500000/50000000] avg_r=  0.936 | h2h= 55.1000 | br= 0.4253 | avg= 0.5207 | fc=0.217 |   3044 ep/s | 166.5m
[Ep  26550000/50000000] avg_r=  0.932 | h2h= 55.1000 | br= 0.4243 | avg= 0.5215 | fc=0.203 |   3065 ep/s | 166.7m
[Ep  26600000/50000000] avg_r=  0.952 | h2h= 55.1000 | br= 0.4204 | avg= 0.5226 | fc=0.170 |   3072 ep/s | 167.0m
[Ep  26650000/50000000] avg_r=  0.952 | h2h= 55.1000 | br= 0.4244 | avg= 0.5238 | fc=0.219 |   3119 ep/s | 167.3m
[Ep  26700000/50000000] avg_r=  0.943 | h2h= 55.1000 | br= 0.4222 | avg= 0.5228 | fc=0.221 |   3131 ep/s | 167.5m
[Ep  26750000/50000000] avg_r=  0.933 | h2h= 55.1000 | br= 0.4242 | avg= 0.5210 | fc=0.213 |   2999 ep/s | 167.8m
[Ep  26800000/50000000] avg_r=  0.954 | h2h= 55.1000 | br= 0.4236 | avg= 0.5221 | fc=0.201 |   3067 ep/s | 168.1m
[Ep  26850000/50000000] avg_r=  0.959 | h2h= 55.1000 | br= 0.4250 | avg= 0.5223 | fc=0.197 |   3183 ep/s | 168.3m
[Ep  26900000/50000000] avg_r=  0.925 | h2h= 55.1000 | br= 0.4247 | avg= 0.5225 | fc=0.188 |   3126 ep/s | 168.6m
[Ep  26950000/50000000] avg_r=  0.955 | h2h= 55.1000 | br= 0.4256 | avg= 0.5223 | fc=0.219 |   3059 ep/s | 168.9m
[Ep  27000000/50000000] avg_r=  0.942 | h2h= 55.1000 | br= 0.4239 | avg= 0.5221 | fc=0.209 |   3154 ep/s | 169.1m
[Ep  27050000/50000000] avg_r=  0.937 | h2h= 55.1000 | br= 0.4225 | avg= 0.5234 | fc=0.195 |   3100 ep/s | 169.4m
[Ep  27100000/50000000] avg_r=  0.944 | h2h= 55.1000 | br= 0.4236 | avg= 0.5217 | fc=0.221 |   3083 ep/s | 169.7m
[Ep  27150000/50000000] avg_r=  0.930 | h2h= 55.1000 | br= 0.4246 | avg= 0.5246 | fc=0.189 |   3175 ep/s | 169.9m
[Ep  27200000/50000000] avg_r=  0.946 | h2h= 55.1000 | br= 0.4225 | avg= 0.5230 | fc=0.213 |   3100 ep/s | 170.2m
[Ep  27250000/50000000] avg_r=  0.948 | h2h= 55.1000 | br= 0.4223 | avg= 0.5241 | fc=0.221 |   3106 ep/s | 170.5m
[Ep  27300000/50000000] avg_r=  0.956 | h2h= 55.1000 | br= 0.4231 | avg= 0.5235 | fc=0.244 |   3119 ep/s | 170.7m
[Ep  27350000/50000000] avg_r=  0.935 | h2h= 55.1000 | br= 0.4244 | avg= 0.5253 | fc=0.195 |   3150 ep/s | 171.0m
[Ep  27400000/50000000] avg_r=  0.933 | h2h= 55.1000 | br= 0.4242 | avg= 0.5240 | fc=0.199 |   3120 ep/s | 171.3m
[Ep  27450000/50000000] avg_r=  0.926 | h2h= 55.1000 | br= 0.4235 | avg= 0.5246 | fc=0.213 |   3135 ep/s | 171.5m
[Ep  27500000/50000000] avg_r=  0.935 | h2h= 55.1000 | br= 0.4219 | avg= 0.5243 | fc=0.174 |   3103 ep/s | 171.8m
[Ep  27550000/50000000] avg_r=  0.949 | h2h= 55.1000 | br= 0.4232 | avg= 0.5240 | fc=0.219 |   3060 ep/s | 172.1m
[Ep  27600000/50000000] avg_r=  0.937 | h2h= 55.1000 | br= 0.4242 | avg= 0.5239 | fc=0.213 |   3041 ep/s | 172.4m
[Ep  27650000/50000000] avg_r=  0.963 | h2h= 55.1000 | br= 0.4245 | avg= 0.5266 | fc=0.201 |   3124 ep/s | 172.6m
[Ep  27700000/50000000] avg_r=  0.967 | h2h= 55.1000 | br= 0.4238 | avg= 0.5243 | fc=0.227 |   3155 ep/s | 172.9m
[Ep  27750000/50000000] avg_r=  0.934 | h2h= 55.1000 | br= 0.4225 | avg= 0.5222 | fc=0.197 |   3144 ep/s | 173.2m
[Ep  27800000/50000000] avg_r=  0.973 | h2h= 55.1000 | br= 0.4213 | avg= 0.5250 | fc=0.213 |   3120 ep/s | 173.4m
[Ep  27850000/50000000] avg_r=  0.939 | h2h= 55.1000 | br= 0.4238 | avg= 0.5261 | fc=0.195 |   3086 ep/s | 173.7m
[Ep  27900000/50000000] avg_r=  0.942 | h2h= 55.1000 | br= 0.4222 | avg= 0.5219 | fc=0.172 |   3083 ep/s | 174.0m
[Ep  27950000/50000000] avg_r=  0.955 | h2h= 55.1000 | br= 0.4212 | avg= 0.5256 | fc=0.211 |   3007 ep/s | 174.2m
[Ep  28000000/50000000] avg_r=  0.962 | h2h= 55.1000 | br= 0.4234 | avg= 0.5256 | fc=0.223 |   3173 ep/s | 174.5m
[Ep  28050000/50000000] avg_r=  0.926 | h2h= 55.1000 | br= 0.4255 | avg= 0.5244 | fc=0.229 |   3111 ep/s | 174.8m
[Ep  28100000/50000000] avg_r=  0.946 | h2h= 55.1000 | br= 0.4237 | avg= 0.5264 | fc=0.205 |   3122 ep/s | 175.0m
[Ep  28150000/50000000] avg_r=  0.953 | h2h= 55.1000 | br= 0.4228 | avg= 0.5271 | fc=0.188 |   3104 ep/s | 175.3m
[Ep  28200000/50000000] avg_r=  0.961 | h2h= 55.1000 | br= 0.4219 | avg= 0.5238 | fc=0.229 |   3011 ep/s | 175.6m
[Ep  28250000/50000000] avg_r=  0.954 | h2h= 55.1000 | br= 0.4235 | avg= 0.5253 | fc=0.195 |   3108 ep/s | 175.9m
[Ep  28300000/50000000] avg_r=  0.935 | h2h= 55.1000 | br= 0.4235 | avg= 0.5270 | fc=0.197 |   3077 ep/s | 176.1m
[Ep  28350000/50000000] avg_r=  0.924 | h2h= 55.1000 | br= 0.4247 | avg= 0.5254 | fc=0.219 |   3156 ep/s | 176.4m
[Ep  28400000/50000000] avg_r=  0.969 | h2h= 55.1000 | br= 0.4253 | avg= 0.5256 | fc=0.225 |   3093 ep/s | 176.7m
[Ep  28450000/50000000] avg_r=  0.944 | h2h= 55.1000 | br= 0.4232 | avg= 0.5257 | fc=0.215 |   3140 ep/s | 176.9m
[Ep  28500000/50000000] avg_r=  0.951 | h2h= 55.1000 | br= 0.4229 | avg= 0.5265 | fc=0.227 |   3132 ep/s | 177.2m
[Ep  28550000/50000000] avg_r=  0.929 | h2h= 55.1000 | br= 0.4243 | avg= 0.5255 | fc=0.225 |   3175 ep/s | 177.5m
[Ep  28600000/50000000] avg_r=  0.954 | h2h= 55.1000 | br= 0.4227 | avg= 0.5272 | fc=0.215 |   2997 ep/s | 177.7m
[Ep  28650000/50000000] avg_r=  0.957 | h2h= 55.1000 | br= 0.4251 | avg= 0.5271 | fc=0.229 |   3093 ep/s | 178.0m
[Ep  28700000/50000000] avg_r=  0.950 | h2h= 55.1000 | br= 0.4268 | avg= 0.5260 | fc=0.213 |   3105 ep/s | 178.3m
[Ep  28750000/50000000] avg_r=  0.945 | h2h= 55.1000 | br= 0.4243 | avg= 0.5264 | fc=0.211 |   3124 ep/s | 178.5m
[Ep  28800000/50000000] avg_r=  0.943 | h2h= 55.1000 | br= 0.4222 | avg= 0.5286 | fc=0.209 |   3144 ep/s | 178.8m
[Ep  28850000/50000000] avg_r=  0.957 | h2h= 55.1000 | br= 0.4239 | avg= 0.5266 | fc=0.209 |   3111 ep/s | 179.1m
[Ep  28900000/50000000] avg_r=  0.953 | h2h= 55.1000 | br= 0.4238 | avg= 0.5265 | fc=0.199 |   3091 ep/s | 179.3m
[Ep  28950000/50000000] avg_r=  0.956 | h2h= 55.1000 | br= 0.4218 | avg= 0.5268 | fc=0.213 |   3062 ep/s | 179.6m
[Ep  29000000/50000000] avg_r=  0.947 | h2h= 55.1000 | br= 0.4212 | avg= 0.5288 | fc=0.236 |   3117 ep/s | 179.9m
[Ep  29050000/50000000] avg_r=  0.966 | h2h= 55.1000 | br= 0.4207 | avg= 0.5279 | fc=0.211 |   3094 ep/s | 180.1m
[Ep  29100000/50000000] avg_r=  0.954 | h2h= 55.1000 | br= 0.4220 | avg= 0.5281 | fc=0.227 |   3088 ep/s | 180.4m
[Ep  29150000/50000000] avg_r=  0.948 | h2h= 55.1000 | br= 0.4216 | avg= 0.5292 | fc=0.230 |   3119 ep/s | 180.7m
[Ep  29200000/50000000] avg_r=  0.930 | h2h= 55.1000 | br= 0.4222 | avg= 0.5278 | fc=0.213 |   3119 ep/s | 180.9m
[Ep  29250000/50000000] avg_r=  0.956 | h2h= 55.1000 | br= 0.4242 | avg= 0.5267 | fc=0.203 |   3155 ep/s | 181.2m
[Ep  29300000/50000000] avg_r=  0.953 | h2h= 55.1000 | br= 0.4225 | avg= 0.5259 | fc=0.188 |   3060 ep/s | 181.5m
[Ep  29350000/50000000] avg_r=  0.936 | h2h= 55.1000 | br= 0.4259 | avg= 0.5285 | fc=0.221 |   3216 ep/s | 181.7m
[Ep  29400000/50000000] avg_r=  0.926 | h2h= 55.1000 | br= 0.4236 | avg= 0.5259 | fc=0.215 |   3058 ep/s | 182.0m
[Ep  29450000/50000000] avg_r=  0.959 | h2h= 55.1000 | br= 0.4221 | avg= 0.5281 | fc=0.215 |   3023 ep/s | 182.3m
[Ep  29500000/50000000] avg_r=  0.946 | h2h= 55.1000 | br= 0.4230 | avg= 0.5280 | fc=0.219 |   3110 ep/s | 182.6m
[Ep  29550000/50000000] avg_r=  0.946 | h2h= 55.1000 | br= 0.4233 | avg= 0.5283 | fc=0.236 |   3233 ep/s | 182.8m
[Ep  29600000/50000000] avg_r=  0.916 | h2h= 55.1000 | br= 0.4216 | avg= 0.5279 | fc=0.193 |   3086 ep/s | 183.1m
[Ep  29650000/50000000] avg_r=  0.936 | h2h= 55.1000 | br= 0.4214 | avg= 0.5288 | fc=0.232 |   3135 ep/s | 183.4m
[Ep  29700000/50000000] avg_r=  0.950 | h2h= 55.1000 | br= 0.4209 | avg= 0.5277 | fc=0.225 |   3147 ep/s | 183.6m
[Ep  29750000/50000000] avg_r=  0.931 | h2h= 55.1000 | br= 0.4215 | avg= 0.5282 | fc=0.195 |   3039 ep/s | 183.9m
[Ep  29800000/50000000] avg_r=  0.921 | h2h= 55.1000 | br= 0.4215 | avg= 0.5270 | fc=0.201 |   3124 ep/s | 184.2m
[Ep  29850000/50000000] avg_r=  0.936 | h2h= 55.1000 | br= 0.4230 | avg= 0.5303 | fc=0.203 |   3118 ep/s | 184.4m
[Ep  29900000/50000000] avg_r=  0.937 | h2h= 55.1000 | br= 0.4201 | avg= 0.5288 | fc=0.225 |   3166 ep/s | 184.7m
[Ep  29950000/50000000] avg_r=  0.961 | h2h= 55.1000 | br= 0.4244 | avg= 0.5270 | fc=0.213 |   3147 ep/s | 185.0m
[Ep  30000000/50000000] avg_r=  0.970 | h2h= 55.1000 | br= 0.4229 | avg= 0.5291 | fc=0.195 |   3079 ep/s | 185.2m
[H2H] ep=30000000 | avg_reward=34.2500 over 1000 games
  >>> H2H WINRATE @ ep 30000000: 34.2500
  [CHECKPOINT] saved at ep 30000000
[Ep  30050000/50000000] avg_r=  0.951 | h2h= 34.2500 | br= 0.4237 | avg= 0.5253 | fc=0.213 |    543 ep/s | 186.8m
[snapshot] ep=30000000 -> /home/anthonyn/cos435/cpp-implementation/snapshots/holdem_64x64_mv_train_std_full/ep30000000
[Ep  30100000/50000000] avg_r=  0.961 | h2h= 34.2500 | br= 0.4238 | avg= 0.5291 | fc=0.215 |   3114 ep/s | 187.0m
[Ep  30150000/50000000] avg_r=  0.940 | h2h= 34.2500 | br= 0.4234 | avg= 0.5270 | fc=0.195 |   3199 ep/s | 187.3m
[Ep  30200000/50000000] avg_r=  0.922 | h2h= 34.2500 | br= 0.4224 | avg= 0.5293 | fc=0.221 |   3104 ep/s | 187.6m
[Ep  30250000/50000000] avg_r=  0.924 | h2h= 34.2500 | br= 0.4255 | avg= 0.5290 | fc=0.225 |   3077 ep/s | 187.8m
[Ep  30300000/50000000] avg_r=  0.931 | h2h= 34.2500 | br= 0.4246 | avg= 0.5295 | fc=0.207 |   3074 ep/s | 188.1m
[Ep  30350000/50000000] avg_r=  0.947 | h2h= 34.2500 | br= 0.4244 | avg= 0.5286 | fc=0.217 |   3104 ep/s | 188.4m
[Ep  30400000/50000000] avg_r=  0.945 | h2h= 34.2500 | br= 0.4251 | avg= 0.5278 | fc=0.211 |   3063 ep/s | 188.6m
[Ep  30450000/50000000] avg_r=  0.952 | h2h= 34.2500 | br= 0.4230 | avg= 0.5295 | fc=0.178 |   3090 ep/s | 188.9m
[Ep  30500000/50000000] avg_r=  0.933 | h2h= 34.2500 | br= 0.4225 | avg= 0.5296 | fc=0.199 |   3099 ep/s | 189.2m
[Ep  30550000/50000000] avg_r=  0.906 | h2h= 34.2500 | br= 0.4234 | avg= 0.5269 | fc=0.211 |   3090 ep/s | 189.4m
[Ep  30600000/50000000] avg_r=  0.934 | h2h= 34.2500 | br= 0.4242 | avg= 0.5295 | fc=0.221 |   3102 ep/s | 189.7m
[Ep  30650000/50000000] avg_r=  0.973 | h2h= 34.2500 | br= 0.4231 | avg= 0.5294 | fc=0.229 |   3124 ep/s | 190.0m
[Ep  30700000/50000000] avg_r=  0.962 | h2h= 34.2500 | br= 0.4242 | avg= 0.5294 | fc=0.229 |   3133 ep/s | 190.2m
[Ep  30750000/50000000] avg_r=  0.946 | h2h= 34.2500 | br= 0.4243 | avg= 0.5280 | fc=0.217 |   3151 ep/s | 190.5m
[Ep  30800000/50000000] avg_r=  0.926 | h2h= 34.2500 | br= 0.4237 | avg= 0.5276 | fc=0.232 |   3103 ep/s | 190.8m
[Ep  30850000/50000000] avg_r=  0.955 | h2h= 34.2500 | br= 0.4237 | avg= 0.5273 | fc=0.236 |   3055 ep/s | 191.1m
[Ep  30900000/50000000] avg_r=  0.936 | h2h= 34.2500 | br= 0.4247 | avg= 0.5298 | fc=0.211 |   3043 ep/s | 191.3m
[Ep  30950000/50000000] avg_r=  0.958 | h2h= 34.2500 | br= 0.4223 | avg= 0.5281 | fc=0.215 |   3077 ep/s | 191.6m
[Ep  31000000/50000000] avg_r=  0.946 | h2h= 34.2500 | br= 0.4242 | avg= 0.5279 | fc=0.180 |   3076 ep/s | 191.9m
[Ep  31050000/50000000] avg_r=  0.932 | h2h= 34.2500 | br= 0.4247 | avg= 0.5297 | fc=0.232 |   3018 ep/s | 192.1m
[Ep  31100000/50000000] avg_r=  0.938 | h2h= 34.2500 | br= 0.4219 | avg= 0.5286 | fc=0.225 |   3134 ep/s | 192.4m
[Ep  31150000/50000000] avg_r=  0.966 | h2h= 34.2500 | br= 0.4235 | avg= 0.5304 | fc=0.203 |   3052 ep/s | 192.7m
[Ep  31200000/50000000] avg_r=  0.957 | h2h= 34.2500 | br= 0.4221 | avg= 0.5286 | fc=0.230 |   3094 ep/s | 193.0m
[Ep  31250000/50000000] avg_r=  0.929 | h2h= 34.2500 | br= 0.4233 | avg= 0.5285 | fc=0.217 |   3066 ep/s | 193.2m
[Ep  31300000/50000000] avg_r=  0.932 | h2h= 34.2500 | br= 0.4241 | avg= 0.5309 | fc=0.234 |   3055 ep/s | 193.5m
[Ep  31350000/50000000] avg_r=  0.944 | h2h= 34.2500 | br= 0.4246 | avg= 0.5302 | fc=0.217 |   3055 ep/s | 193.8m
[Ep  31400000/50000000] avg_r=  0.962 | h2h= 34.2500 | br= 0.4243 | avg= 0.5289 | fc=0.234 |   3193 ep/s | 194.0m
[Ep  31450000/50000000] avg_r=  0.922 | h2h= 34.2500 | br= 0.4249 | avg= 0.5285 | fc=0.205 |   3086 ep/s | 194.3m
[Ep  31500000/50000000] avg_r=  0.917 | h2h= 34.2500 | br= 0.4246 | avg= 0.5282 | fc=0.215 |   3072 ep/s | 194.6m
[Ep  31550000/50000000] avg_r=  0.950 | h2h= 34.2500 | br= 0.4258 | avg= 0.5310 | fc=0.246 |   3121 ep/s | 194.8m
[Ep  31600000/50000000] avg_r=  0.934 | h2h= 34.2500 | br= 0.4267 | avg= 0.5313 | fc=0.213 |   3092 ep/s | 195.1m
[Ep  31650000/50000000] avg_r=  0.941 | h2h= 34.2500 | br= 0.4225 | avg= 0.5309 | fc=0.250 |   3063 ep/s | 195.4m
[Ep  31700000/50000000] avg_r=  0.943 | h2h= 34.2500 | br= 0.4252 | avg= 0.5307 | fc=0.230 |   3146 ep/s | 195.6m
[Ep  31750000/50000000] avg_r=  0.957 | h2h= 34.2500 | br= 0.4220 | avg= 0.5303 | fc=0.213 |   3165 ep/s | 195.9m
[Ep  31800000/50000000] avg_r=  0.930 | h2h= 34.2500 | br= 0.4221 | avg= 0.5291 | fc=0.201 |   3122 ep/s | 196.2m
[Ep  31850000/50000000] avg_r=  0.942 | h2h= 34.2500 | br= 0.4223 | avg= 0.5286 | fc=0.189 |   3103 ep/s | 196.4m
[Ep  31900000/50000000] avg_r=  0.946 | h2h= 34.2500 | br= 0.4225 | avg= 0.5306 | fc=0.197 |   3174 ep/s | 196.7m
[Ep  31950000/50000000] avg_r=  0.952 | h2h= 34.2500 | br= 0.4228 | avg= 0.5279 | fc=0.254 |   3172 ep/s | 197.0m
[Ep  32000000/50000000] avg_r=  0.930 | h2h= 34.2500 | br= 0.4228 | avg= 0.5289 | fc=0.211 |   3233 ep/s | 197.2m
[Ep  32050000/50000000] avg_r=  0.960 | h2h= 34.2500 | br= 0.4241 | avg= 0.5292 | fc=0.232 |   3180 ep/s | 197.5m
[Ep  32100000/50000000] avg_r=  0.951 | h2h= 34.2500 | br= 0.4228 | avg= 0.5297 | fc=0.229 |   3117 ep/s | 197.8m
[Ep  32150000/50000000] avg_r=  0.937 | h2h= 34.2500 | br= 0.4220 | avg= 0.5295 | fc=0.244 |   3210 ep/s | 198.0m
[Ep  32200000/50000000] avg_r=  0.957 | h2h= 34.2500 | br= 0.4212 | avg= 0.5323 | fc=0.209 |   3100 ep/s | 198.3m
[Ep  32250000/50000000] avg_r=  0.953 | h2h= 34.2500 | br= 0.4199 | avg= 0.5326 | fc=0.182 |   3035 ep/s | 198.6m
[Ep  32300000/50000000] avg_r=  0.945 | h2h= 34.2500 | br= 0.4249 | avg= 0.5305 | fc=0.211 |   3143 ep/s | 198.8m
[Ep  32350000/50000000] avg_r=  0.924 | h2h= 34.2500 | br= 0.4218 | avg= 0.5305 | fc=0.219 |   3155 ep/s | 199.1m
[Ep  32400000/50000000] avg_r=  0.944 | h2h= 34.2500 | br= 0.4240 | avg= 0.5313 | fc=0.221 |   3060 ep/s | 199.4m
[Ep  32450000/50000000] avg_r=  0.970 | h2h= 34.2500 | br= 0.4232 | avg= 0.5292 | fc=0.213 |   3114 ep/s | 199.6m
[Ep  32500000/50000000] avg_r=  0.946 | h2h= 34.2500 | br= 0.4241 | avg= 0.5296 | fc=0.213 |   3065 ep/s | 199.9m
[Ep  32550000/50000000] avg_r=  0.953 | h2h= 34.2500 | br= 0.4240 | avg= 0.5299 | fc=0.203 |   3058 ep/s | 200.2m
[Ep  32600000/50000000] avg_r=  0.973 | h2h= 34.2500 | br= 0.4217 | avg= 0.5304 | fc=0.221 |   3076 ep/s | 200.4m
[Ep  32650000/50000000] avg_r=  0.934 | h2h= 34.2500 | br= 0.4239 | avg= 0.5300 | fc=0.229 |   3103 ep/s | 200.7m
[Ep  32700000/50000000] avg_r=  0.944 | h2h= 34.2500 | br= 0.4249 | avg= 0.5317 | fc=0.223 |   3122 ep/s | 201.0m
[Ep  32750000/50000000] avg_r=  0.956 | h2h= 34.2500 | br= 0.4252 | avg= 0.5313 | fc=0.201 |   3110 ep/s | 201.3m
[Ep  32800000/50000000] avg_r=  0.932 | h2h= 34.2500 | br= 0.4228 | avg= 0.5296 | fc=0.209 |   3078 ep/s | 201.5m
[Ep  32850000/50000000] avg_r=  0.951 | h2h= 34.2500 | br= 0.4244 | avg= 0.5304 | fc=0.211 |   3113 ep/s | 201.8m
[Ep  32900000/50000000] avg_r=  0.953 | h2h= 34.2500 | br= 0.4212 | avg= 0.5294 | fc=0.207 |   3032 ep/s | 202.1m
[Ep  32950000/50000000] avg_r=  0.945 | h2h= 34.2500 | br= 0.4223 | avg= 0.5316 | fc=0.176 |   3153 ep/s | 202.3m
[Ep  33000000/50000000] avg_r=  0.928 | h2h= 34.2500 | br= 0.4214 | avg= 0.5309 | fc=0.213 |   3136 ep/s | 202.6m
[Ep  33050000/50000000] avg_r=  0.934 | h2h= 34.2500 | br= 0.4233 | avg= 0.5300 | fc=0.213 |   3082 ep/s | 202.9m
[Ep  33100000/50000000] avg_r=  0.917 | h2h= 34.2500 | br= 0.4232 | avg= 0.5302 | fc=0.203 |   3105 ep/s | 203.1m
[Ep  33150000/50000000] avg_r=  0.948 | h2h= 34.2500 | br= 0.4229 | avg= 0.5308 | fc=0.215 |   3084 ep/s | 203.4m
[Ep  33200000/50000000] avg_r=  0.936 | h2h= 34.2500 | br= 0.4225 | avg= 0.5301 | fc=0.252 |   3144 ep/s | 203.7m
[Ep  33250000/50000000] avg_r=  0.937 | h2h= 34.2500 | br= 0.4235 | avg= 0.5289 | fc=0.203 |   3071 ep/s | 203.9m
[Ep  33300000/50000000] avg_r=  0.933 | h2h= 34.2500 | br= 0.4235 | avg= 0.5281 | fc=0.188 |   3012 ep/s | 204.2m
[Ep  33350000/50000000] avg_r=  0.952 | h2h= 34.2500 | br= 0.4232 | avg= 0.5326 | fc=0.221 |   3067 ep/s | 204.5m
[Ep  33400000/50000000] avg_r=  0.953 | h2h= 34.2500 | br= 0.4232 | avg= 0.5320 | fc=0.219 |   3137 ep/s | 204.8m
[Ep  33450000/50000000] avg_r=  0.956 | h2h= 34.2500 | br= 0.4236 | avg= 0.5324 | fc=0.225 |   3147 ep/s | 205.0m
[Ep  33500000/50000000] avg_r=  0.951 | h2h= 34.2500 | br= 0.4224 | avg= 0.5299 | fc=0.234 |   3096 ep/s | 205.3m
[Ep  33550000/50000000] avg_r=  0.935 | h2h= 34.2500 | br= 0.4251 | avg= 0.5328 | fc=0.205 |   3071 ep/s | 205.6m
[Ep  33600000/50000000] avg_r=  0.953 | h2h= 34.2500 | br= 0.4241 | avg= 0.5310 | fc=0.215 |   3011 ep/s | 205.8m
[Ep  33650000/50000000] avg_r=  0.975 | h2h= 34.2500 | br= 0.4244 | avg= 0.5298 | fc=0.234 |   3103 ep/s | 206.1m
[Ep  33700000/50000000] avg_r=  0.930 | h2h= 34.2500 | br= 0.4263 | avg= 0.5319 | fc=0.207 |   3089 ep/s | 206.4m
[Ep  33750000/50000000] avg_r=  0.936 | h2h= 34.2500 | br= 0.4247 | avg= 0.5319 | fc=0.189 |   3148 ep/s | 206.6m
[Ep  33800000/50000000] avg_r=  0.949 | h2h= 34.2500 | br= 0.4262 | avg= 0.5302 | fc=0.213 |   3096 ep/s | 206.9m
[Ep  33850000/50000000] avg_r=  0.949 | h2h= 34.2500 | br= 0.4235 | avg= 0.5294 | fc=0.203 |   3130 ep/s | 207.2m
[Ep  33900000/50000000] avg_r=  0.961 | h2h= 34.2500 | br= 0.4231 | avg= 0.5322 | fc=0.209 |   3127 ep/s | 207.4m
[Ep  33950000/50000000] avg_r=  0.964 | h2h= 34.2500 | br= 0.4207 | avg= 0.5304 | fc=0.199 |   3177 ep/s | 207.7m
[Ep  34000000/50000000] avg_r=  0.974 | h2h= 34.2500 | br= 0.4198 | avg= 0.5307 | fc=0.215 |   3194 ep/s | 208.0m
[Ep  34050000/50000000] avg_r=  0.956 | h2h= 34.2500 | br= 0.4210 | avg= 0.5292 | fc=0.230 |   3236 ep/s | 208.2m
[Ep  34100000/50000000] avg_r=  0.958 | h2h= 34.2500 | br= 0.4242 | avg= 0.5297 | fc=0.195 |   3182 ep/s | 208.5m
[Ep  34150000/50000000] avg_r=  0.924 | h2h= 34.2500 | br= 0.4230 | avg= 0.5284 | fc=0.191 |   3199 ep/s | 208.7m
[Ep  34200000/50000000] avg_r=  0.935 | h2h= 34.2500 | br= 0.4247 | avg= 0.5302 | fc=0.174 |   3208 ep/s | 209.0m
[Ep  34250000/50000000] avg_r=  0.968 | h2h= 34.2500 | br= 0.4238 | avg= 0.5322 | fc=0.193 |   2973 ep/s | 209.3m
[Ep  34300000/50000000] avg_r=  0.945 | h2h= 34.2500 | br= 0.4249 | avg= 0.5302 | fc=0.258 |   3032 ep/s | 209.6m
[Ep  34350000/50000000] avg_r=  0.968 | h2h= 34.2500 | br= 0.4241 | avg= 0.5298 | fc=0.230 |   3100 ep/s | 209.8m
[Ep  34400000/50000000] avg_r=  0.940 | h2h= 34.2500 | br= 0.4236 | avg= 0.5300 | fc=0.217 |   3064 ep/s | 210.1m
[Ep  34450000/50000000] avg_r=  0.921 | h2h= 34.2500 | br= 0.4236 | avg= 0.5306 | fc=0.209 |   3061 ep/s | 210.4m
[Ep  34500000/50000000] avg_r=  0.942 | h2h= 34.2500 | br= 0.4241 | avg= 0.5292 | fc=0.236 |   3055 ep/s | 210.6m
[Ep  34550000/50000000] avg_r=  0.960 | h2h= 34.2500 | br= 0.4232 | avg= 0.5301 | fc=0.174 |   3047 ep/s | 210.9m
[Ep  34600000/50000000] avg_r=  0.955 | h2h= 34.2500 | br= 0.4233 | avg= 0.5312 | fc=0.230 |   3065 ep/s | 211.2m
[Ep  34650000/50000000] avg_r=  0.931 | h2h= 34.2500 | br= 0.4237 | avg= 0.5317 | fc=0.230 |   3080 ep/s | 211.5m
[Ep  34700000/50000000] avg_r=  0.950 | h2h= 34.2500 | br= 0.4229 | avg= 0.5294 | fc=0.217 |   3061 ep/s | 211.7m
[Ep  34750000/50000000] avg_r=  0.936 | h2h= 34.2500 | br= 0.4214 | avg= 0.5291 | fc=0.207 |   3130 ep/s | 212.0m
[Ep  34800000/50000000] avg_r=  0.913 | h2h= 34.2500 | br= 0.4237 | avg= 0.5311 | fc=0.221 |   3048 ep/s | 212.3m
[Ep  34850000/50000000] avg_r=  0.947 | h2h= 34.2500 | br= 0.4241 | avg= 0.5302 | fc=0.225 |   3081 ep/s | 212.5m
[Ep  34900000/50000000] avg_r=  0.942 | h2h= 34.2500 | br= 0.4233 | avg= 0.5308 | fc=0.207 |   3094 ep/s | 212.8m
[Ep  34950000/50000000] avg_r=  0.949 | h2h= 34.2500 | br= 0.4213 | avg= 0.5277 | fc=0.209 |   3099 ep/s | 213.1m
[Ep  35000000/50000000] avg_r=  0.939 | h2h= 34.2500 | br= 0.4254 | avg= 0.5278 | fc=0.186 |   3099 ep/s | 213.3m
[Ep  35050000/50000000] avg_r=  0.958 | h2h= 34.2500 | br= 0.4238 | avg= 0.5277 | fc=0.211 |   3096 ep/s | 213.6m
[Ep  35100000/50000000] avg_r=  0.915 | h2h= 34.2500 | br= 0.4238 | avg= 0.5275 | fc=0.205 |   3124 ep/s | 213.9m
[Ep  35150000/50000000] avg_r=  0.961 | h2h= 34.2500 | br= 0.4248 | avg= 0.5294 | fc=0.232 |   3099 ep/s | 214.2m
[Ep  35200000/50000000] avg_r=  0.961 | h2h= 34.2500 | br= 0.4245 | avg= 0.5293 | fc=0.211 |   3117 ep/s | 214.4m
[Ep  35250000/50000000] avg_r=  0.937 | h2h= 34.2500 | br= 0.4235 | avg= 0.5274 | fc=0.238 |   3075 ep/s | 214.7m
[Ep  35300000/50000000] avg_r=  0.946 | h2h= 34.2500 | br= 0.4234 | avg= 0.5282 | fc=0.178 |   3102 ep/s | 215.0m
[Ep  35350000/50000000] avg_r=  0.962 | h2h= 34.2500 | br= 0.4236 | avg= 0.5289 | fc=0.195 |   3121 ep/s | 215.2m
[Ep  35400000/50000000] avg_r=  0.936 | h2h= 34.2500 | br= 0.4231 | avg= 0.5278 | fc=0.246 |   3098 ep/s | 215.5m
[Ep  35450000/50000000] avg_r=  0.948 | h2h= 34.2500 | br= 0.4234 | avg= 0.5279 | fc=0.205 |   3086 ep/s | 215.8m
[Ep  35500000/50000000] avg_r=  0.954 | h2h= 34.2500 | br= 0.4210 | avg= 0.5281 | fc=0.213 |   3138 ep/s | 216.0m
[Ep  35550000/50000000] avg_r=  0.937 | h2h= 34.2500 | br= 0.4215 | avg= 0.5277 | fc=0.209 |   3062 ep/s | 216.3m
[Ep  35600000/50000000] avg_r=  0.938 | h2h= 34.2500 | br= 0.4242 | avg= 0.5278 | fc=0.197 |   3125 ep/s | 216.6m
[Ep  35650000/50000000] avg_r=  0.955 | h2h= 34.2500 | br= 0.4214 | avg= 0.5280 | fc=0.217 |   3141 ep/s | 216.8m
[Ep  35700000/50000000] avg_r=  0.950 | h2h= 34.2500 | br= 0.4197 | avg= 0.5270 | fc=0.225 |   3095 ep/s | 217.1m
[Ep  35750000/50000000] avg_r=  0.968 | h2h= 34.2500 | br= 0.4232 | avg= 0.5273 | fc=0.205 |   3031 ep/s | 217.4m
[Ep  35800000/50000000] avg_r=  0.947 | h2h= 34.2500 | br= 0.4240 | avg= 0.5264 | fc=0.174 |   3050 ep/s | 217.7m
[Ep  35850000/50000000] avg_r=  0.954 | h2h= 34.2500 | br= 0.4237 | avg= 0.5270 | fc=0.219 |   3084 ep/s | 217.9m
[Ep  35900000/50000000] avg_r=  0.976 | h2h= 34.2500 | br= 0.4232 | avg= 0.5265 | fc=0.199 |   3147 ep/s | 218.2m
[Ep  35950000/50000000] avg_r=  0.955 | h2h= 34.2500 | br= 0.4214 | avg= 0.5269 | fc=0.211 |   3133 ep/s | 218.5m
[Ep  36000000/50000000] avg_r=  0.964 | h2h= 34.2500 | br= 0.4222 | avg= 0.5264 | fc=0.250 |   3025 ep/s | 218.7m
[Ep  36050000/50000000] avg_r=  0.943 | h2h= 34.2500 | br= 0.4225 | avg= 0.5253 | fc=0.203 |   3142 ep/s | 219.0m
[Ep  36100000/50000000] avg_r=  0.542 | h2h= 34.2500 | br= 0.4096 | avg= 0.5304 | fc=0.389 |   3135 ep/s | 219.3m
[Ep  36150000/50000000] avg_r=  0.476 | h2h= 34.2500 | br= 0.4032 | avg= 0.5291 | fc=0.398 |   3230 ep/s | 219.5m
[Ep  36200000/50000000] avg_r=  0.499 | h2h= 34.2500 | br= 0.3954 | avg= 0.5315 | fc=0.393 |   3186 ep/s | 219.8m
[Ep  36250000/50000000] avg_r=  0.499 | h2h= 34.2500 | br= 0.3903 | avg= 0.5285 | fc=0.455 |   3305 ep/s | 220.0m
[Ep  36300000/50000000] avg_r=  0.474 | h2h= 34.2500 | br= 0.3828 | avg= 0.5302 | fc=0.389 |   3216 ep/s | 220.3m
[Ep  36350000/50000000] avg_r=  0.471 | h2h= 34.2500 | br= 0.3750 | avg= 0.5285 | fc=0.436 |   3197 ep/s | 220.6m
[Ep  36400000/50000000] avg_r=  0.477 | h2h= 34.2500 | br= 0.3666 | avg= 0.5285 | fc=0.420 |   3168 ep/s | 220.8m
[Ep  36450000/50000000] avg_r=  0.472 | h2h= 34.2500 | br= 0.3622 | avg= 0.5274 | fc=0.459 |   3190 ep/s | 221.1m
[Ep  36500000/50000000] avg_r=  0.494 | h2h= 34.2500 | br= 0.3623 | avg= 0.5290 | fc=0.439 |   3202 ep/s | 221.3m
[Ep  36550000/50000000] avg_r=  0.460 | h2h= 34.2500 | br= 0.3611 | avg= 0.5293 | fc=0.383 |   3239 ep/s | 221.6m
[Ep  36600000/50000000] avg_r=  0.489 | h2h= 34.2500 | br= 0.3609 | avg= 0.5288 | fc=0.459 |   3365 ep/s | 221.8m
[Ep  36650000/50000000] avg_r=  0.487 | h2h= 34.2500 | br= 0.3649 | avg= 0.5285 | fc=0.447 |   3206 ep/s | 222.1m
[Ep  36700000/50000000] avg_r=  0.471 | h2h= 34.2500 | br= 0.3641 | avg= 0.5316 | fc=0.455 |   3437 ep/s | 222.3m
[Ep  36750000/50000000] avg_r=  0.492 | h2h= 34.2500 | br= 0.3654 | avg= 0.5295 | fc=0.387 |   3327 ep/s | 222.6m
[Ep  36800000/50000000] avg_r=  0.490 | h2h= 34.2500 | br= 0.3629 | avg= 0.5305 | fc=0.414 |   3291 ep/s | 222.8m
[Ep  36850000/50000000] avg_r=  0.461 | h2h= 34.2500 | br= 0.3657 | avg= 0.5290 | fc=0.398 |   3252 ep/s | 223.1m
[Ep  36900000/50000000] avg_r=  0.487 | h2h= 34.2500 | br= 0.3652 | avg= 0.5307 | fc=0.418 |   3377 ep/s | 223.4m
[Ep  36950000/50000000] avg_r=  0.463 | h2h= 34.2500 | br= 0.3628 | avg= 0.5294 | fc=0.418 |   3286 ep/s | 223.6m
[Ep  37000000/50000000] avg_r=  0.464 | h2h= 34.2500 | br= 0.3658 | avg= 0.5329 | fc=0.453 |   3112 ep/s | 223.9m
[Ep  37050000/50000000] avg_r=  0.478 | h2h= 34.2500 | br= 0.3619 | avg= 0.5304 | fc=0.438 |   3276 ep/s | 224.1m
[Ep  37100000/50000000] avg_r=  0.488 | h2h= 34.2500 | br= 0.3653 | avg= 0.5304 | fc=0.420 |   3233 ep/s | 224.4m
[Ep  37150000/50000000] avg_r=  0.459 | h2h= 34.2500 | br= 0.3639 | avg= 0.5282 | fc=0.416 |   3076 ep/s | 224.7m
[Ep  37200000/50000000] avg_r=  0.460 | h2h= 34.2500 | br= 0.3629 | avg= 0.5298 | fc=0.445 |   3165 ep/s | 224.9m
[Ep  37250000/50000000] avg_r=  0.492 | h2h= 34.2500 | br= 0.3648 | avg= 0.5293 | fc=0.410 |   3078 ep/s | 225.2m
[Ep  37300000/50000000] avg_r=  0.498 | h2h= 34.2500 | br= 0.3612 | avg= 0.5290 | fc=0.432 |   3129 ep/s | 225.5m
[Ep  37350000/50000000] avg_r=  0.492 | h2h= 34.2500 | br= 0.3614 | avg= 0.5303 | fc=0.414 |   3167 ep/s | 225.7m
[Ep  37400000/50000000] avg_r=  0.466 | h2h= 34.2500 | br= 0.3617 | avg= 0.5303 | fc=0.420 |   3123 ep/s | 226.0m
[Ep  37450000/50000000] avg_r=  0.479 | h2h= 34.2500 | br= 0.3596 | avg= 0.5294 | fc=0.445 |   3233 ep/s | 226.2m
[Ep  37500000/50000000] avg_r=  0.483 | h2h= 34.2500 | br= 0.3612 | avg= 0.5269 | fc=0.408 |   3207 ep/s | 226.5m
[Ep  37550000/50000000] avg_r=  0.483 | h2h= 34.2500 | br= 0.3623 | avg= 0.5279 | fc=0.416 |   3053 ep/s | 226.8m
[Ep  37600000/50000000] avg_r=  0.492 | h2h= 34.2500 | br= 0.3620 | avg= 0.5283 | fc=0.439 |   3201 ep/s | 227.0m
[Ep  37650000/50000000] avg_r=  0.466 | h2h= 34.2500 | br= 0.3618 | avg= 0.5281 | fc=0.414 |   3189 ep/s | 227.3m
[Ep  37700000/50000000] avg_r=  0.474 | h2h= 34.2500 | br= 0.3621 | avg= 0.5284 | fc=0.443 |   3200 ep/s | 227.6m
[Ep  37750000/50000000] avg_r=  0.472 | h2h= 34.2500 | br= 0.3621 | avg= 0.5288 | fc=0.420 |   3159 ep/s | 227.8m
[Ep  37800000/50000000] avg_r=  0.489 | h2h= 34.2500 | br= 0.3624 | avg= 0.5282 | fc=0.420 |   3156 ep/s | 228.1m
[Ep  37850000/50000000] avg_r=  0.471 | h2h= 34.2500 | br= 0.3626 | avg= 0.5286 | fc=0.424 |   3147 ep/s | 228.4m
[Ep  37900000/50000000] avg_r=  0.518 | h2h= 34.2500 | br= 0.3648 | avg= 0.5304 | fc=0.422 |   3034 ep/s | 228.6m
[Ep  37950000/50000000] avg_r=  0.477 | h2h= 34.2500 | br= 0.3618 | avg= 0.5293 | fc=0.412 |   3124 ep/s | 228.9m
[Ep  38000000/50000000] avg_r=  0.484 | h2h= 34.2500 | br= 0.3614 | avg= 0.5278 | fc=0.408 |   3171 ep/s | 229.2m
[Ep  38050000/50000000] avg_r=  0.493 | h2h= 34.2500 | br= 0.3615 | avg= 0.5291 | fc=0.428 |   3172 ep/s | 229.4m
[Ep  38100000/50000000] avg_r=  0.495 | h2h= 34.2500 | br= 0.3631 | avg= 0.5268 | fc=0.416 |   3208 ep/s | 229.7m
[Ep  38150000/50000000] avg_r=  0.495 | h2h= 34.2500 | br= 0.3636 | avg= 0.5273 | fc=0.406 |   3097 ep/s | 229.9m
[Ep  38200000/50000000] avg_r=  0.475 | h2h= 34.2500 | br= 0.3624 | avg= 0.5290 | fc=0.416 |   3094 ep/s | 230.2m
[Ep  38250000/50000000] avg_r=  0.495 | h2h= 34.2500 | br= 0.3630 | avg= 0.5282 | fc=0.400 |   3065 ep/s | 230.5m
[Ep  38300000/50000000] avg_r=  0.471 | h2h= 34.2500 | br= 0.3625 | avg= 0.5281 | fc=0.438 |   3152 ep/s | 230.8m
[Ep  38350000/50000000] avg_r=  0.474 | h2h= 34.2500 | br= 0.3632 | avg= 0.5264 | fc=0.408 |   3219 ep/s | 231.0m
[Ep  38400000/50000000] avg_r=  0.487 | h2h= 34.2500 | br= 0.3613 | avg= 0.5297 | fc=0.451 |   3070 ep/s | 231.3m
[Ep  38450000/50000000] avg_r=  0.479 | h2h= 34.2500 | br= 0.3648 | avg= 0.5276 | fc=0.439 |   3055 ep/s | 231.6m
[Ep  38500000/50000000] avg_r=  0.485 | h2h= 34.2500 | br= 0.3636 | avg= 0.5267 | fc=0.404 |   3063 ep/s | 231.8m
[Ep  38550000/50000000] avg_r=  0.477 | h2h= 34.2500 | br= 0.3644 | avg= 0.5269 | fc=0.404 |   3189 ep/s | 232.1m
[Ep  38600000/50000000] avg_r=  0.471 | h2h= 34.2500 | br= 0.3646 | avg= 0.5261 | fc=0.438 |   3169 ep/s | 232.4m
[Ep  38650000/50000000] avg_r=  0.480 | h2h= 34.2500 | br= 0.3637 | avg= 0.5279 | fc=0.461 |   3161 ep/s | 232.6m
[Ep  38700000/50000000] avg_r=  0.489 | h2h= 34.2500 | br= 0.3645 | avg= 0.5281 | fc=0.447 |   3120 ep/s | 232.9m
[Ep  38750000/50000000] avg_r=  0.478 | h2h= 34.2500 | br= 0.3634 | avg= 0.5276 | fc=0.404 |   3176 ep/s | 233.1m
[Ep  38800000/50000000] avg_r=  0.499 | h2h= 34.2500 | br= 0.3614 | avg= 0.5293 | fc=0.443 |   3094 ep/s | 233.4m
[Ep  38850000/50000000] avg_r=  0.466 | h2h= 34.2500 | br= 0.3627 | avg= 0.5284 | fc=0.406 |   3085 ep/s | 233.7m
[Ep  38900000/50000000] avg_r=  0.471 | h2h= 34.2500 | br= 0.3594 | avg= 0.5279 | fc=0.418 |   3235 ep/s | 233.9m
[Ep  38950000/50000000] avg_r=  0.479 | h2h= 34.2500 | br= 0.3634 | avg= 0.5297 | fc=0.375 |   3155 ep/s | 234.2m
[Ep  39000000/50000000] avg_r=  0.482 | h2h= 34.2500 | br= 0.3643 | avg= 0.5280 | fc=0.445 |   3102 ep/s | 234.5m
[Ep  39050000/50000000] avg_r=  0.502 | h2h= 34.2500 | br= 0.3622 | avg= 0.5285 | fc=0.406 |   3152 ep/s | 234.7m
[Ep  39100000/50000000] avg_r=  0.489 | h2h= 34.2500 | br= 0.3625 | avg= 0.5279 | fc=0.430 |   3309 ep/s | 235.0m
[Ep  39150000/50000000] avg_r=  0.506 | h2h= 34.2500 | br= 0.3629 | avg= 0.5268 | fc=0.404 |   3199 ep/s | 235.3m
[Ep  39200000/50000000] avg_r=  0.486 | h2h= 34.2500 | br= 0.3619 | avg= 0.5283 | fc=0.402 |   3131 ep/s | 235.5m
[Ep  39250000/50000000] avg_r=  0.477 | h2h= 34.2500 | br= 0.3626 | avg= 0.5277 | fc=0.422 |   3140 ep/s | 235.8m
[Ep  39300000/50000000] avg_r=  0.474 | h2h= 34.2500 | br= 0.3616 | avg= 0.5286 | fc=0.404 |   3288 ep/s | 236.0m
[Ep  39350000/50000000] avg_r=  0.489 | h2h= 34.2500 | br= 0.3642 | avg= 0.5266 | fc=0.408 |   3146 ep/s | 236.3m
[Ep  39400000/50000000] avg_r=  0.498 | h2h= 34.2500 | br= 0.3608 | avg= 0.5268 | fc=0.430 |   3167 ep/s | 236.6m
[Ep  39450000/50000000] avg_r=  0.473 | h2h= 34.2500 | br= 0.3595 | avg= 0.5273 | fc=0.430 |   3241 ep/s | 236.8m
[Ep  39500000/50000000] avg_r=  0.496 | h2h= 34.2500 | br= 0.3600 | avg= 0.5264 | fc=0.430 |   3167 ep/s | 237.1m
[Ep  39550000/50000000] avg_r=  0.482 | h2h= 34.2500 | br= 0.3625 | avg= 0.5261 | fc=0.441 |   3180 ep/s | 237.3m
[Ep  39600000/50000000] avg_r=  0.484 | h2h= 34.2500 | br= 0.3630 | avg= 0.5262 | fc=0.436 |   3187 ep/s | 237.6m
[Ep  39650000/50000000] avg_r=  0.484 | h2h= 34.2500 | br= 0.3630 | avg= 0.5276 | fc=0.473 |   3158 ep/s | 237.9m
[Ep  39700000/50000000] avg_r=  0.480 | h2h= 34.2500 | br= 0.3609 | avg= 0.5259 | fc=0.447 |   3280 ep/s | 238.1m
[Ep  39750000/50000000] avg_r=  0.456 | h2h= 34.2500 | br= 0.3623 | avg= 0.5266 | fc=0.396 |   3151 ep/s | 238.4m
[Ep  39800000/50000000] avg_r=  0.476 | h2h= 34.2500 | br= 0.3647 | avg= 0.5288 | fc=0.404 |   3266 ep/s | 238.6m
[Ep  39850000/50000000] avg_r=  0.477 | h2h= 34.2500 | br= 0.3624 | avg= 0.5273 | fc=0.469 |   3173 ep/s | 238.9m
[Ep  39900000/50000000] avg_r=  0.479 | h2h= 34.2500 | br= 0.3631 | avg= 0.5263 | fc=0.396 |   3160 ep/s | 239.2m
[Ep  39950000/50000000] avg_r=  0.489 | h2h= 34.2500 | br= 0.3640 | avg= 0.5253 | fc=0.447 |   3174 ep/s | 239.4m
[Ep  40000000/50000000] avg_r=  0.484 | h2h= 34.2500 | br= 0.3631 | avg= 0.5285 | fc=0.422 |   3164 ep/s | 239.7m
[H2H] ep=40000000 | avg_reward=20.1000 over 1000 games
  >>> H2H WINRATE @ ep 40000000: 20.1000
  [CHECKPOINT] saved at ep 40000000
[snapshot] ep=40000000 -> /home/anthonyn/cos435/cpp-implementation/snapshots/holdem_64x64_mv_train_std_full/ep40000000
[Ep  40050000/50000000] avg_r=  0.464 | h2h= 20.1000 | br= 0.3613 | avg= 0.5262 | fc=0.422 |    474 ep/s | 241.5m
[Ep  40100000/50000000] avg_r=  0.496 | h2h= 20.1000 | br= 0.3610 | avg= 0.5241 | fc=0.387 |   3283 ep/s | 241.7m
[Ep  40150000/50000000] avg_r=  0.464 | h2h= 20.1000 | br= 0.3614 | avg= 0.5267 | fc=0.453 |   3287 ep/s | 242.0m
[Ep  40200000/50000000] avg_r=  0.474 | h2h= 20.1000 | br= 0.3604 | avg= 0.5266 | fc=0.416 |   3184 ep/s | 242.2m
[Ep  40250000/50000000] avg_r=  0.472 | h2h= 20.1000 | br= 0.3619 | avg= 0.5262 | fc=0.436 |   3165 ep/s | 242.5m
[Ep  40300000/50000000] avg_r=  0.491 | h2h= 20.1000 | br= 0.3638 | avg= 0.5258 | fc=0.455 |   3199 ep/s | 242.7m
[Ep  40350000/50000000] avg_r=  0.478 | h2h= 20.1000 | br= 0.3639 | avg= 0.5243 | fc=0.422 |   3255 ep/s | 243.0m
[Ep  40400000/50000000] avg_r=  0.481 | h2h= 20.1000 | br= 0.3623 | avg= 0.5272 | fc=0.416 |   3258 ep/s | 243.3m
[Ep  40450000/50000000] avg_r=  0.487 | h2h= 20.1000 | br= 0.3633 | avg= 0.5252 | fc=0.438 |   3223 ep/s | 243.5m
[Ep  40500000/50000000] avg_r=  0.497 | h2h= 20.1000 | br= 0.3619 | avg= 0.5270 | fc=0.420 |   3252 ep/s | 243.8m
[Ep  40550000/50000000] avg_r=  0.472 | h2h= 20.1000 | br= 0.3610 | avg= 0.5238 | fc=0.389 |   3215 ep/s | 244.0m
[Ep  40600000/50000000] avg_r=  0.484 | h2h= 20.1000 | br= 0.3618 | avg= 0.5270 | fc=0.424 |   3271 ep/s | 244.3m
[Ep  40650000/50000000] avg_r=  0.467 | h2h= 20.1000 | br= 0.3616 | avg= 0.5261 | fc=0.416 |   3322 ep/s | 244.5m
[Ep  40700000/50000000] avg_r=  0.496 | h2h= 20.1000 | br= 0.3608 | avg= 0.5252 | fc=0.441 |   3204 ep/s | 244.8m
[Ep  40750000/50000000] avg_r=  0.468 | h2h= 20.1000 | br= 0.3623 | avg= 0.5245 | fc=0.420 |   3219 ep/s | 245.1m
[Ep  40800000/50000000] avg_r=  0.472 | h2h= 20.1000 | br= 0.3608 | avg= 0.5260 | fc=0.391 |   3184 ep/s | 245.3m
[Ep  40850000/50000000] avg_r=  0.473 | h2h= 20.1000 | br= 0.3620 | avg= 0.5251 | fc=0.430 |   3198 ep/s | 245.6m
[Ep  40900000/50000000] avg_r=  0.467 | h2h= 20.1000 | br= 0.3628 | avg= 0.5245 | fc=0.434 |   3234 ep/s | 245.8m
[Ep  40950000/50000000] avg_r=  0.496 | h2h= 20.1000 | br= 0.3603 | avg= 0.5230 | fc=0.459 |   3266 ep/s | 246.1m
[Ep  41000000/50000000] avg_r=  0.481 | h2h= 20.1000 | br= 0.3623 | avg= 0.5165 | fc=0.434 |   3177 ep/s | 246.4m
[Ep  41050000/50000000] avg_r=  0.478 | h2h= 20.1000 | br= 0.3640 | avg= 0.5151 | fc=0.467 |   3211 ep/s | 246.6m
[Ep  41100000/50000000] avg_r=  0.494 | h2h= 20.1000 | br= 0.3607 | avg= 0.5166 | fc=0.420 |   3275 ep/s | 246.9m
[Ep  41150000/50000000] avg_r=  0.474 | h2h= 20.1000 | br= 0.3611 | avg= 0.5154 | fc=0.463 |   3230 ep/s | 247.1m
[Ep  41200000/50000000] avg_r=  0.496 | h2h= 20.1000 | br= 0.3581 | avg= 0.5177 | fc=0.422 |   3231 ep/s | 247.4m
[Ep  41250000/50000000] avg_r=  0.478 | h2h= 20.1000 | br= 0.3605 | avg= 0.5168 | fc=0.391 |   3121 ep/s | 247.7m
[Ep  41300000/50000000] avg_r=  0.478 | h2h= 20.1000 | br= 0.3605 | avg= 0.5173 | fc=0.406 |   3215 ep/s | 247.9m
[Ep  41350000/50000000] avg_r=  0.478 | h2h= 20.1000 | br= 0.3614 | avg= 0.5169 | fc=0.416 |   3181 ep/s | 248.2m
[Ep  41400000/50000000] avg_r=  0.460 | h2h= 20.1000 | br= 0.3622 | avg= 0.5167 | fc=0.406 |   3181 ep/s | 248.4m
[Ep  41450000/50000000] avg_r=  0.473 | h2h= 20.1000 | br= 0.3630 | avg= 0.5156 | fc=0.443 |   3233 ep/s | 248.7m
[Ep  41500000/50000000] avg_r=  0.488 | h2h= 20.1000 | br= 0.3613 | avg= 0.5167 | fc=0.451 |   3175 ep/s | 249.0m
[Ep  41550000/50000000] avg_r=  0.492 | h2h= 20.1000 | br= 0.3607 | avg= 0.5173 | fc=0.424 |   3198 ep/s | 249.2m
[Ep  41600000/50000000] avg_r=  0.486 | h2h= 20.1000 | br= 0.3630 | avg= 0.5175 | fc=0.414 |   3240 ep/s | 249.5m
[Ep  41650000/50000000] avg_r=  0.481 | h2h= 20.1000 | br= 0.3618 | avg= 0.5168 | fc=0.438 |   3188 ep/s | 249.7m
[Ep  41700000/50000000] avg_r=  0.481 | h2h= 20.1000 | br= 0.3650 | avg= 0.5164 | fc=0.391 |   3213 ep/s | 250.0m
[Ep  41750000/50000000] avg_r=  0.478 | h2h= 20.1000 | br= 0.3638 | avg= 0.5158 | fc=0.455 |   3184 ep/s | 250.3m
[Ep  41800000/50000000] avg_r=  0.497 | h2h= 20.1000 | br= 0.3617 | avg= 0.5186 | fc=0.420 |   3197 ep/s | 250.5m
[Ep  41850000/50000000] avg_r=  0.456 | h2h= 20.1000 | br= 0.3656 | avg= 0.5175 | fc=0.416 |   3134 ep/s | 250.8m
[Ep  41900000/50000000] avg_r=  0.481 | h2h= 20.1000 | br= 0.3634 | avg= 0.5166 | fc=0.447 |   3206 ep/s | 251.0m
[Ep  41950000/50000000] avg_r=  0.480 | h2h= 20.1000 | br= 0.3647 | avg= 0.5174 | fc=0.424 |   3201 ep/s | 251.3m
[Ep  42000000/50000000] avg_r=  0.430 | h2h= 20.1000 | br= 0.3656 | avg= 0.5174 | fc=0.480 |   3152 ep/s | 251.6m
[Ep  42050000/50000000] avg_r=  0.289 | h2h= 20.1000 | br= 0.3627 | avg= 0.5231 | fc=0.475 |   3211 ep/s | 251.8m
[Ep  42100000/50000000] avg_r=  0.277 | h2h= 20.1000 | br= 0.3554 | avg= 0.5251 | fc=0.443 |   3253 ep/s | 252.1m
[Ep  42150000/50000000] avg_r=  0.283 | h2h= 20.1000 | br= 0.3470 | avg= 0.5237 | fc=0.428 |   3215 ep/s | 252.3m
[Ep  42200000/50000000] avg_r=  0.272 | h2h= 20.1000 | br= 0.3358 | avg= 0.5245 | fc=0.475 |   3272 ep/s | 252.6m
[Ep  42250000/50000000] avg_r=  0.270 | h2h= 20.1000 | br= 0.3298 | avg= 0.5261 | fc=0.469 |   3350 ep/s | 252.8m
[Ep  42300000/50000000] avg_r=  0.287 | h2h= 20.1000 | br= 0.3201 | avg= 0.5262 | fc=0.498 |   3577 ep/s | 253.1m
[Ep  42350000/50000000] avg_r=  0.295 | h2h= 20.1000 | br= 0.3149 | avg= 0.5246 | fc=0.523 |   3381 ep/s | 253.3m
[Ep  42400000/50000000] avg_r=  0.278 | h2h= 20.1000 | br= 0.3082 | avg= 0.5254 | fc=0.482 |   3256 ep/s | 253.6m
[Ep  42450000/50000000] avg_r=  0.267 | h2h= 20.1000 | br= 0.3080 | avg= 0.5277 | fc=0.482 |   3259 ep/s | 253.8m
[Ep  42500000/50000000] avg_r=  0.292 | h2h= 20.1000 | br= 0.3093 | avg= 0.5260 | fc=0.490 |   3308 ep/s | 254.1m
[Ep  42550000/50000000] avg_r=  0.289 | h2h= 20.1000 | br= 0.3073 | avg= 0.5267 | fc=0.490 |   3187 ep/s | 254.4m
[Ep  42600000/50000000] avg_r=  0.283 | h2h= 20.1000 | br= 0.3058 | avg= 0.5271 | fc=0.479 |   3280 ep/s | 254.6m
[Ep  42650000/50000000] avg_r=  0.279 | h2h= 20.1000 | br= 0.3078 | avg= 0.5278 | fc=0.473 |   3241 ep/s | 254.9m
[Ep  42700000/50000000] avg_r=  0.279 | h2h= 20.1000 | br= 0.3076 | avg= 0.5278 | fc=0.490 |   3282 ep/s | 255.1m
[Ep  42750000/50000000] avg_r=  0.285 | h2h= 20.1000 | br= 0.3065 | avg= 0.5278 | fc=0.449 |   3328 ep/s | 255.4m
[Ep  42800000/50000000] avg_r=  0.283 | h2h= 20.1000 | br= 0.3086 | avg= 0.5288 | fc=0.480 |   3216 ep/s | 255.6m
[Ep  42850000/50000000] avg_r=  0.289 | h2h= 20.1000 | br= 0.3068 | avg= 0.5283 | fc=0.479 |   3401 ep/s | 255.9m
[Ep  42900000/50000000] avg_r=  0.283 | h2h= 20.1000 | br= 0.3067 | avg= 0.5267 | fc=0.471 |   3300 ep/s | 256.1m
[Ep  42950000/50000000] avg_r=  0.290 | h2h= 20.1000 | br= 0.3089 | avg= 0.5306 | fc=0.465 |   3205 ep/s | 256.4m
[Ep  43000000/50000000] avg_r=  0.293 | h2h= 20.1000 | br= 0.3077 | avg= 0.5287 | fc=0.502 |   3223 ep/s | 256.6m
[Ep  43050000/50000000] avg_r=  0.266 | h2h= 20.1000 | br= 0.3089 | avg= 0.5269 | fc=0.445 |   3272 ep/s | 256.9m
[Ep  43100000/50000000] avg_r=  0.295 | h2h= 20.1000 | br= 0.3083 | avg= 0.5289 | fc=0.475 |   3231 ep/s | 257.2m
[Ep  43150000/50000000] avg_r=  0.274 | h2h= 20.1000 | br= 0.3073 | avg= 0.5284 | fc=0.475 |   3235 ep/s | 257.4m
[Ep  43200000/50000000] avg_r=  0.295 | h2h= 20.1000 | br= 0.3083 | avg= 0.5297 | fc=0.473 |   3206 ep/s | 257.7m
[Ep  43250000/50000000] avg_r=  0.289 | h2h= 20.1000 | br= 0.3085 | avg= 0.5280 | fc=0.490 |   3255 ep/s | 257.9m
[Ep  43300000/50000000] avg_r=  0.291 | h2h= 20.1000 | br= 0.3086 | avg= 0.5312 | fc=0.432 |   3273 ep/s | 258.2m
[Ep  43350000/50000000] avg_r=  0.275 | h2h= 20.1000 | br= 0.3079 | avg= 0.5289 | fc=0.479 |   3286 ep/s | 258.4m
[Ep  43400000/50000000] avg_r=  0.285 | h2h= 20.1000 | br= 0.3076 | avg= 0.5305 | fc=0.484 |   3311 ep/s | 258.7m
[Ep  43450000/50000000] avg_r=  0.297 | h2h= 20.1000 | br= 0.3084 | avg= 0.5300 | fc=0.494 |   3245 ep/s | 258.9m
[Ep  43500000/50000000] avg_r=  0.287 | h2h= 20.1000 | br= 0.3088 | avg= 0.5312 | fc=0.467 |   3227 ep/s | 259.2m
[Ep  43550000/50000000] avg_r=  0.264 | h2h= 20.1000 | br= 0.3090 | avg= 0.5304 | fc=0.480 |   3264 ep/s | 259.5m
[Ep  43600000/50000000] avg_r=  0.272 | h2h= 20.1000 | br= 0.3082 | avg= 0.5292 | fc=0.490 |   3213 ep/s | 259.7m
[Ep  43650000/50000000] avg_r=  0.259 | h2h= 20.1000 | br= 0.3082 | avg= 0.5322 | fc=0.496 |   3175 ep/s | 260.0m
[Ep  43700000/50000000] avg_r=  0.273 | h2h= 20.1000 | br= 0.3080 | avg= 0.5308 | fc=0.480 |   3315 ep/s | 260.2m
[Ep  43750000/50000000] avg_r=  0.294 | h2h= 20.1000 | br= 0.3076 | avg= 0.5297 | fc=0.482 |   3266 ep/s | 260.5m
[Ep  43800000/50000000] avg_r=  0.282 | h2h= 20.1000 | br= 0.3069 | avg= 0.5310 | fc=0.449 |   3160 ep/s | 260.8m
[Ep  43850000/50000000] avg_r=  0.282 | h2h= 20.1000 | br= 0.3080 | avg= 0.5339 | fc=0.465 |   3301 ep/s | 261.0m
[Ep  43900000/50000000] avg_r=  0.270 | h2h= 20.1000 | br= 0.3071 | avg= 0.5328 | fc=0.477 |   3276 ep/s | 261.3m
[Ep  43950000/50000000] avg_r=  0.284 | h2h= 20.1000 | br= 0.3073 | avg= 0.5303 | fc=0.445 |   3207 ep/s | 261.5m
[Ep  44000000/50000000] avg_r=  0.261 | h2h= 20.1000 | br= 0.3088 | avg= 0.5313 | fc=0.471 |   3224 ep/s | 261.8m
[Ep  44050000/50000000] avg_r=  0.260 | h2h= 20.1000 | br= 0.3095 | avg= 0.5338 | fc=0.490 |   3267 ep/s | 262.0m
[Ep  44100000/50000000] avg_r=  0.316 | h2h= 20.1000 | br= 0.3085 | avg= 0.5307 | fc=0.484 |   3312 ep/s | 262.3m
[Ep  44150000/50000000] avg_r=  0.291 | h2h= 20.1000 | br= 0.3071 | avg= 0.5323 | fc=0.521 |   3271 ep/s | 262.5m
[Ep  44200000/50000000] avg_r=  0.302 | h2h= 20.1000 | br= 0.3099 | avg= 0.5311 | fc=0.523 |   3368 ep/s | 262.8m
[Ep  44250000/50000000] avg_r=  0.278 | h2h= 20.1000 | br= 0.3092 | avg= 0.5339 | fc=0.457 |   3254 ep/s | 263.0m
[Ep  44300000/50000000] avg_r=  0.282 | h2h= 20.1000 | br= 0.3089 | avg= 0.5328 | fc=0.520 |   3217 ep/s | 263.3m
[Ep  44350000/50000000] avg_r=  0.287 | h2h= 20.1000 | br= 0.3089 | avg= 0.5348 | fc=0.473 |   3164 ep/s | 263.6m
[Ep  44400000/50000000] avg_r=  0.264 | h2h= 20.1000 | br= 0.3080 | avg= 0.5309 | fc=0.480 |   3251 ep/s | 263.8m
[Ep  44450000/50000000] avg_r=  0.273 | h2h= 20.1000 | br= 0.3078 | avg= 0.5332 | fc=0.457 |   3201 ep/s | 264.1m
[Ep  44500000/50000000] avg_r=  0.287 | h2h= 20.1000 | br= 0.3060 | avg= 0.5312 | fc=0.451 |   3264 ep/s | 264.3m
[Ep  44550000/50000000] avg_r=  0.275 | h2h= 20.1000 | br= 0.3079 | avg= 0.5313 | fc=0.498 |   3222 ep/s | 264.6m
[Ep  44600000/50000000] avg_r=  0.288 | h2h= 20.1000 | br= 0.3084 | avg= 0.5339 | fc=0.490 |   3304 ep/s | 264.8m
[Ep  44650000/50000000] avg_r=  0.275 | h2h= 20.1000 | br= 0.3073 | avg= 0.5321 | fc=0.494 |   3225 ep/s | 265.1m
[Ep  44700000/50000000] avg_r=  0.286 | h2h= 20.1000 | br= 0.3078 | avg= 0.5336 | fc=0.510 |   3229 ep/s | 265.4m
[Ep  44750000/50000000] avg_r=  0.275 | h2h= 20.1000 | br= 0.3060 | avg= 0.5341 | fc=0.477 |   3262 ep/s | 265.6m
[Ep  44800000/50000000] avg_r=  0.286 | h2h= 20.1000 | br= 0.3077 | avg= 0.5347 | fc=0.471 |   3224 ep/s | 265.9m
[Ep  44850000/50000000] avg_r=  0.273 | h2h= 20.1000 | br= 0.3074 | avg= 0.5335 | fc=0.496 |   3226 ep/s | 266.1m
[Ep  44900000/50000000] avg_r=  0.283 | h2h= 20.1000 | br= 0.3066 | avg= 0.5345 | fc=0.447 |   3293 ep/s | 266.4m
[Ep  44950000/50000000] avg_r=  0.271 | h2h= 20.1000 | br= 0.3055 | avg= 0.5348 | fc=0.496 |   3194 ep/s | 266.6m
[Ep  45000000/50000000] avg_r=  0.268 | h2h= 20.1000 | br= 0.3061 | avg= 0.5345 | fc=0.473 |   3273 ep/s | 266.9m
[Ep  45050000/50000000] avg_r=  0.274 | h2h= 20.1000 | br= 0.3053 | avg= 0.5326 | fc=0.471 |   3183 ep/s | 267.2m
[Ep  45100000/50000000] avg_r=  0.298 | h2h= 20.1000 | br= 0.3076 | avg= 0.5354 | fc=0.484 |   3254 ep/s | 267.4m
[Ep  45150000/50000000] avg_r=  0.290 | h2h= 20.1000 | br= 0.3085 | avg= 0.5328 | fc=0.467 |   3257 ep/s | 267.7m
[Ep  45200000/50000000] avg_r=  0.273 | h2h= 20.1000 | br= 0.3085 | avg= 0.5358 | fc=0.475 |   3245 ep/s | 267.9m
[Ep  45250000/50000000] avg_r=  0.280 | h2h= 20.1000 | br= 0.3075 | avg= 0.5340 | fc=0.465 |   3267 ep/s | 268.2m
[Ep  45300000/50000000] avg_r=  0.290 | h2h= 20.1000 | br= 0.3086 | avg= 0.5343 | fc=0.465 |   3363 ep/s | 268.4m
[Ep  45350000/50000000] avg_r=  0.267 | h2h= 20.1000 | br= 0.3075 | avg= 0.5362 | fc=0.453 |   3328 ep/s | 268.7m
[Ep  45400000/50000000] avg_r=  0.291 | h2h= 20.1000 | br= 0.3075 | avg= 0.5368 | fc=0.488 |   3248 ep/s | 268.9m
[Ep  45450000/50000000] avg_r=  0.271 | h2h= 20.1000 | br= 0.3056 | avg= 0.5350 | fc=0.475 |   3287 ep/s | 269.2m
[Ep  45500000/50000000] avg_r=  0.283 | h2h= 20.1000 | br= 0.3078 | avg= 0.5369 | fc=0.451 |   3246 ep/s | 269.5m
[Ep  45550000/50000000] avg_r=  0.313 | h2h= 20.1000 | br= 0.3079 | avg= 0.5344 | fc=0.469 |   3241 ep/s | 269.7m
[Ep  45600000/50000000] avg_r=  0.283 | h2h= 20.1000 | br= 0.3078 | avg= 0.5359 | fc=0.430 |   3391 ep/s | 270.0m
[Ep  45650000/50000000] avg_r=  0.286 | h2h= 20.1000 | br= 0.3062 | avg= 0.5366 | fc=0.508 |   3387 ep/s | 270.2m
[Ep  45700000/50000000] avg_r=  0.264 | h2h= 20.1000 | br= 0.3072 | avg= 0.5352 | fc=0.488 |   3227 ep/s | 270.5m
[Ep  45750000/50000000] avg_r=  0.279 | h2h= 20.1000 | br= 0.3080 | avg= 0.5372 | fc=0.475 |   3314 ep/s | 270.7m
[Ep  45800000/50000000] avg_r=  0.265 | h2h= 20.1000 | br= 0.3065 | avg= 0.5358 | fc=0.475 |   3310 ep/s | 271.0m
[Ep  45850000/50000000] avg_r=  0.272 | h2h= 20.1000 | br= 0.3056 | avg= 0.5373 | fc=0.498 |   3269 ep/s | 271.2m
[Ep  45900000/50000000] avg_r=  0.280 | h2h= 20.1000 | br= 0.3081 | avg= 0.5368 | fc=0.449 |   3178 ep/s | 271.5m
[Ep  45950000/50000000] avg_r=  0.282 | h2h= 20.1000 | br= 0.3086 | avg= 0.5365 | fc=0.465 |   3234 ep/s | 271.7m
[Ep  46000000/50000000] avg_r=  0.285 | h2h= 20.1000 | br= 0.3075 | avg= 0.5354 | fc=0.488 |   3283 ep/s | 272.0m
[Ep  46050000/50000000] avg_r=  0.269 | h2h= 20.1000 | br= 0.3056 | avg= 0.5367 | fc=0.502 |   3254 ep/s | 272.2m
[Ep  46100000/50000000] avg_r=  0.279 | h2h= 20.1000 | br= 0.3076 | avg= 0.5360 | fc=0.477 |   3160 ep/s | 272.5m
[Ep  46150000/50000000] avg_r=  0.284 | h2h= 20.1000 | br= 0.3061 | avg= 0.5354 | fc=0.490 |   3342 ep/s | 272.8m
[Ep  46200000/50000000] avg_r=  0.277 | h2h= 20.1000 | br= 0.3055 | avg= 0.5352 | fc=0.520 |   3258 ep/s | 273.0m
[Ep  46250000/50000000] avg_r=  0.274 | h2h= 20.1000 | br= 0.3064 | avg= 0.5365 | fc=0.479 |   3222 ep/s | 273.3m
[Ep  46300000/50000000] avg_r=  0.266 | h2h= 20.1000 | br= 0.3066 | avg= 0.5373 | fc=0.459 |   3270 ep/s | 273.5m
[Ep  46350000/50000000] avg_r=  0.282 | h2h= 20.1000 | br= 0.3067 | avg= 0.5365 | fc=0.473 |   3244 ep/s | 273.8m
[Ep  46400000/50000000] avg_r=  0.274 | h2h= 20.1000 | br= 0.3067 | avg= 0.5375 | fc=0.445 |   3294 ep/s | 274.0m
[Ep  46450000/50000000] avg_r=  0.277 | h2h= 20.1000 | br= 0.3072 | avg= 0.5367 | fc=0.484 |   3216 ep/s | 274.3m
[Ep  46500000/50000000] avg_r=  0.292 | h2h= 20.1000 | br= 0.3081 | avg= 0.5384 | fc=0.475 |   3352 ep/s | 274.5m
[Ep  46550000/50000000] avg_r=  0.280 | h2h= 20.1000 | br= 0.3082 | avg= 0.5356 | fc=0.465 |   3202 ep/s | 274.8m
[Ep  46600000/50000000] avg_r=  0.279 | h2h= 20.1000 | br= 0.3067 | avg= 0.5374 | fc=0.494 |   3201 ep/s | 275.1m
[Ep  46650000/50000000] avg_r=  0.273 | h2h= 20.1000 | br= 0.3096 | avg= 0.5381 | fc=0.486 |   3248 ep/s | 275.3m
[Ep  46700000/50000000] avg_r=  0.277 | h2h= 20.1000 | br= 0.3091 | avg= 0.5380 | fc=0.477 |   3213 ep/s | 275.6m
[Ep  46750000/50000000] avg_r=  0.271 | h2h= 20.1000 | br= 0.3067 | avg= 0.5355 | fc=0.496 |   3266 ep/s | 275.8m
[Ep  46800000/50000000] avg_r=  0.279 | h2h= 20.1000 | br= 0.3060 | avg= 0.5376 | fc=0.482 |   3240 ep/s | 276.1m
[Ep  46850000/50000000] avg_r=  0.285 | h2h= 20.1000 | br= 0.3076 | avg= 0.5368 | fc=0.467 |   3263 ep/s | 276.4m
[Ep  46900000/50000000] avg_r=  0.291 | h2h= 20.1000 | br= 0.3072 | avg= 0.5376 | fc=0.480 |   3194 ep/s | 276.6m
[Ep  46950000/50000000] avg_r=  0.293 | h2h= 20.1000 | br= 0.3073 | avg= 0.5386 | fc=0.465 |   3284 ep/s | 276.9m
[Ep  47000000/50000000] avg_r=  0.268 | h2h= 20.1000 | br= 0.3056 | avg= 0.5357 | fc=0.475 |   3246 ep/s | 277.1m
[Ep  47050000/50000000] avg_r=  0.268 | h2h= 20.1000 | br= 0.3065 | avg= 0.5374 | fc=0.490 |   3250 ep/s | 277.4m
[Ep  47100000/50000000] avg_r=  0.263 | h2h= 20.1000 | br= 0.3061 | avg= 0.5365 | fc=0.479 |   3235 ep/s | 277.6m
[Ep  47150000/50000000] avg_r=  0.277 | h2h= 20.1000 | br= 0.3076 | avg= 0.5357 | fc=0.498 |   3229 ep/s | 277.9m
[Ep  47200000/50000000] avg_r=  0.271 | h2h= 20.1000 | br= 0.3065 | avg= 0.5380 | fc=0.482 |   3232 ep/s | 278.2m
[Ep  47250000/50000000] avg_r=  0.268 | h2h= 20.1000 | br= 0.3073 | avg= 0.5352 | fc=0.484 |   3289 ep/s | 278.4m
[Ep  47300000/50000000] avg_r=  0.270 | h2h= 20.1000 | br= 0.3090 | avg= 0.5379 | fc=0.500 |   3230 ep/s | 278.7m
[Ep  47350000/50000000] avg_r=  0.287 | h2h= 20.1000 | br= 0.3082 | avg= 0.5375 | fc=0.486 |   3193 ep/s | 278.9m
[Ep  47400000/50000000] avg_r=  0.285 | h2h= 20.1000 | br= 0.3099 | avg= 0.5378 | fc=0.502 |   3251 ep/s | 279.2m
[Ep  47450000/50000000] avg_r=  0.275 | h2h= 20.1000 | br= 0.3089 | avg= 0.5375 | fc=0.477 |   3199 ep/s | 279.4m
[Ep  47500000/50000000] avg_r=  0.288 | h2h= 20.1000 | br= 0.3095 | avg= 0.5375 | fc=0.480 |   3323 ep/s | 279.7m
[Ep  47550000/50000000] avg_r=  0.280 | h2h= 20.1000 | br= 0.3088 | avg= 0.5363 | fc=0.459 |   3266 ep/s | 279.9m
[Ep  47600000/50000000] avg_r=  0.294 | h2h= 20.1000 | br= 0.3096 | avg= 0.5382 | fc=0.471 |   3236 ep/s | 280.2m
[Ep  47650000/50000000] avg_r=  0.292 | h2h= 20.1000 | br= 0.3062 | avg= 0.5376 | fc=0.484 |   3130 ep/s | 280.5m
[Ep  47700000/50000000] avg_r=  0.272 | h2h= 20.1000 | br= 0.3055 | avg= 0.5354 | fc=0.490 |   3212 ep/s | 280.7m
[Ep  47750000/50000000] avg_r=  0.277 | h2h= 20.1000 | br= 0.3070 | avg= 0.5373 | fc=0.490 |   3167 ep/s | 281.0m
[Ep  47800000/50000000] avg_r=  0.294 | h2h= 20.1000 | br= 0.3084 | avg= 0.5375 | fc=0.488 |   3305 ep/s | 281.2m
[Ep  47850000/50000000] avg_r=  0.277 | h2h= 20.1000 | br= 0.3071 | avg= 0.5385 | fc=0.492 |   3247 ep/s | 281.5m
[Ep  47900000/50000000] avg_r=  0.285 | h2h= 20.1000 | br= 0.3071 | avg= 0.5398 | fc=0.465 |   3144 ep/s | 281.8m
[Ep  47950000/50000000] avg_r=  0.283 | h2h= 20.1000 | br= 0.3066 | avg= 0.5358 | fc=0.496 |   3253 ep/s | 282.0m
[Ep  48000000/50000000] avg_r=  0.282 | h2h= 20.1000 | br= 0.3090 | avg= 0.5374 | fc=0.529 |   3219 ep/s | 282.3m
[Ep  48050000/50000000] avg_r=  0.282 | h2h= 20.1000 | br= 0.3071 | avg= 0.5370 | fc=0.490 |   3240 ep/s | 282.5m
[Ep  48100000/50000000] avg_r=  0.292 | h2h= 20.1000 | br= 0.3069 | avg= 0.5369 | fc=0.457 |   3290 ep/s | 282.8m
[Ep  48150000/50000000] avg_r=  0.298 | h2h= 20.1000 | br= 0.3082 | avg= 0.5384 | fc=0.463 |   3246 ep/s | 283.1m
[Ep  48200000/50000000] avg_r=  0.288 | h2h= 20.1000 | br= 0.3070 | avg= 0.5388 | fc=0.484 |   3235 ep/s | 283.3m
[Ep  48250000/50000000] avg_r=  0.272 | h2h= 20.1000 | br= 0.3069 | avg= 0.5362 | fc=0.465 |   3227 ep/s | 283.6m
[Ep  48300000/50000000] avg_r=  0.269 | h2h= 20.1000 | br= 0.3083 | avg= 0.5387 | fc=0.494 |   3195 ep/s | 283.8m
[Ep  48350000/50000000] avg_r=  0.294 | h2h= 20.1000 | br= 0.3069 | avg= 0.5390 | fc=0.514 |   3215 ep/s | 284.1m
[Ep  48400000/50000000] avg_r=  0.286 | h2h= 20.1000 | br= 0.3067 | avg= 0.5384 | fc=0.471 |   3307 ep/s | 284.3m
[Ep  48450000/50000000] avg_r=  0.286 | h2h= 20.1000 | br= 0.3076 | avg= 0.5381 | fc=0.465 |   3192 ep/s | 284.6m
[Ep  48500000/50000000] avg_r=  0.283 | h2h= 20.1000 | br= 0.3070 | avg= 0.5391 | fc=0.484 |   3212 ep/s | 284.9m
[Ep  48550000/50000000] avg_r=  0.287 | h2h= 20.1000 | br= 0.3051 | avg= 0.5366 | fc=0.459 |   3236 ep/s | 285.1m
[Ep  48600000/50000000] avg_r=  0.298 | h2h= 20.1000 | br= 0.3067 | avg= 0.5378 | fc=0.490 |   3305 ep/s | 285.4m
[Ep  48650000/50000000] avg_r=  0.297 | h2h= 20.1000 | br= 0.3068 | avg= 0.5372 | fc=0.514 |   3224 ep/s | 285.6m
[Ep  48700000/50000000] avg_r=  0.284 | h2h= 20.1000 | br= 0.3059 | avg= 0.5386 | fc=0.488 |   3182 ep/s | 285.9m
[Ep  48750000/50000000] avg_r=  0.283 | h2h= 20.1000 | br= 0.3057 | avg= 0.5384 | fc=0.480 |   3201 ep/s | 286.2m
[Ep  48800000/50000000] avg_r=  0.291 | h2h= 20.1000 | br= 0.3062 | avg= 0.5393 | fc=0.463 |   3213 ep/s | 286.4m
[Ep  48850000/50000000] avg_r=  0.285 | h2h= 20.1000 | br= 0.3078 | avg= 0.5382 | fc=0.480 |   3195 ep/s | 286.7m
[Ep  48900000/50000000] avg_r=  0.272 | h2h= 20.1000 | br= 0.3080 | avg= 0.5392 | fc=0.494 |   3225 ep/s | 286.9m
[Ep  48950000/50000000] avg_r=  0.278 | h2h= 20.1000 | br= 0.3080 | avg= 0.5365 | fc=0.480 |   3230 ep/s | 287.2m
[Ep  49000000/50000000] avg_r=  0.282 | h2h= 20.1000 | br= 0.3064 | avg= 0.5380 | fc=0.477 |   3205 ep/s | 287.4m
[Ep  49050000/50000000] avg_r=  0.261 | h2h= 20.1000 | br= 0.3064 | avg= 0.5384 | fc=0.516 |   3247 ep/s | 287.7m
[Ep  49100000/50000000] avg_r=  0.270 | h2h= 20.1000 | br= 0.3053 | avg= 0.5391 | fc=0.479 |   3232 ep/s | 288.0m
[Ep  49150000/50000000] avg_r=  0.271 | h2h= 20.1000 | br= 0.3062 | avg= 0.5387 | fc=0.496 |   3202 ep/s | 288.2m
[Ep  49200000/50000000] avg_r=  0.287 | h2h= 20.1000 | br= 0.3054 | avg= 0.5364 | fc=0.492 |   3237 ep/s | 288.5m
[Ep  49250000/50000000] avg_r=  0.268 | h2h= 20.1000 | br= 0.3078 | avg= 0.5368 | fc=0.469 |   3191 ep/s | 288.7m
[Ep  49300000/50000000] avg_r=  0.283 | h2h= 20.1000 | br= 0.3082 | avg= 0.5358 | fc=0.492 |   3276 ep/s | 289.0m
[Ep  49350000/50000000] avg_r=  0.273 | h2h= 20.1000 | br= 0.3063 | avg= 0.5400 | fc=0.449 |   3253 ep/s | 289.3m
[Ep  49400000/50000000] avg_r=  0.274 | h2h= 20.1000 | br= 0.3076 | avg= 0.5376 | fc=0.488 |   3215 ep/s | 289.5m
[Ep  49450000/50000000] avg_r=  0.292 | h2h= 20.1000 | br= 0.3082 | avg= 0.5383 | fc=0.463 |   3221 ep/s | 289.8m
[Ep  49500000/50000000] avg_r=  0.278 | h2h= 20.1000 | br= 0.3065 | avg= 0.5385 | fc=0.502 |   3261 ep/s | 290.0m
[Ep  49550000/50000000] avg_r=  0.289 | h2h= 20.1000 | br= 0.3090 | avg= 0.5376 | fc=0.490 |   3225 ep/s | 290.3m
[Ep  49600000/50000000] avg_r=  0.278 | h2h= 20.1000 | br= 0.3075 | avg= 0.5400 | fc=0.488 |   3123 ep/s | 290.5m
[Ep  49650000/50000000] avg_r=  0.284 | h2h= 20.1000 | br= 0.3082 | avg= 0.5396 | fc=0.453 |   3205 ep/s | 290.8m
[Ep  49700000/50000000] avg_r=  0.271 | h2h= 20.1000 | br= 0.3082 | avg= 0.5374 | fc=0.496 |   3198 ep/s | 291.1m
[Ep  49750000/50000000] avg_r=  0.273 | h2h= 20.1000 | br= 0.3094 | avg= 0.5398 | fc=0.445 |   3229 ep/s | 291.3m
[Ep  49800000/50000000] avg_r=  0.285 | h2h= 20.1000 | br= 0.3100 | avg= 0.5383 | fc=0.494 |   3188 ep/s | 291.6m
[Ep  49850000/50000000] avg_r=  0.277 | h2h= 20.1000 | br= 0.3089 | avg= 0.5399 | fc=0.463 |   3246 ep/s | 291.8m
[Ep  49900000/50000000] avg_r=  0.293 | h2h= 20.1000 | br= 0.3057 | avg= 0.5380 | fc=0.453 |   3241 ep/s | 292.1m
[Ep  49950000/50000000] avg_r=  0.259 | h2h= 20.1000 | br= 0.3071 | avg= 0.5375 | fc=0.469 |   3233 ep/s | 292.4m
[Ep  50000000/50000000] avg_r=  0.275 | h2h= 20.1000 | br= 0.3065 | avg= 0.5391 | fc=0.475 |   3221 ep/s | 292.6m
[H2H] ep=50000000 | avg_reward=36.8500 over 1000 games
  >>> H2H WINRATE @ ep 50000000: 36.8500
  [CHECKPOINT] saved at ep 50000000
[snapshot] ep=50000000 -> /home/anthonyn/cos435/cpp-implementation/snapshots/holdem_64x64_mv_train_std_full/ep50000000
==========================================================================================
DONE holdem_64x64_mv_train_std_full | 336.9m
H2H log saved to results/logs/holdem_64x64_mv_train_std_full_seed42_h2h.csv
