NFSP C++ Hold'em holdem_64x64_mv_train_std_20 (nfsp_iqn) | seed=42 | 50000000 episodes | 3 workers | arch=[64,64] | batch=256 | learn_every=256 | target=128000 | dqn_lr=0.002 | sl_lr=0.0002 | dqn_buf=600000 | res_buf=15000000
==========================================================================================
[Ep     50000/50000000] avg_r=  0.680 | h2h=  0.0000 | br= 0.4256 | avg= 0.3674 | fc=0.023 |   2373 ep/s | 0.4m
[Ep    100000/50000000] avg_r=  0.376 | h2h=  0.0000 | br= 0.5177 | avg= 0.3294 | fc=0.023 |   2138 ep/s | 0.7m
[Ep    150000/50000000] avg_r=  0.573 | h2h=  0.0000 | br= 0.5264 | avg= 0.3313 | fc=0.010 |   2126 ep/s | 1.1m
[Ep    200000/50000000] avg_r=  0.542 | h2h=  0.0000 | br= 0.5212 | avg= 0.3189 | fc=0.021 |   2174 ep/s | 1.5m
[Ep    250000/50000000] avg_r=  0.624 | h2h=  0.0000 | br= 0.5194 | avg= 0.3209 | fc=0.027 |   2123 ep/s | 1.9m
[Ep    300000/50000000] avg_r=  0.570 | h2h=  0.0000 | br= 0.5129 | avg= 0.3181 | fc=0.047 |   2131 ep/s | 2.3m
[Ep    350000/50000000] avg_r=  0.668 | h2h=  0.0000 | br= 0.5105 | avg= 0.3208 | fc=0.020 |   2133 ep/s | 2.7m
[Ep    400000/50000000] avg_r=  0.637 | h2h=  0.0000 | br= 0.5702 | avg= 0.3353 | fc=0.242 |   2135 ep/s | 3.1m
[Ep    450000/50000000] avg_r=  0.664 | h2h=  0.0000 | br= 0.6025 | avg= 0.3387 | fc=0.225 |   2181 ep/s | 3.5m
[Ep    500000/50000000] avg_r=  0.734 | h2h=  0.0000 | br= 0.5976 | avg= 0.3392 | fc=0.252 |   2144 ep/s | 3.9m
[Ep    550000/50000000] avg_r=  0.617 | h2h=  0.0000 | br= 0.5898 | avg= 0.3382 | fc=0.246 |   2178 ep/s | 4.2m
[Ep    600000/50000000] avg_r=  0.639 | h2h=  0.0000 | br= 0.5940 | avg= 0.3338 | fc=0.240 |   2128 ep/s | 4.6m
[Ep    650000/50000000] avg_r=  0.778 | h2h=  0.0000 | br= 0.5869 | avg= 0.3325 | fc=0.270 |   2132 ep/s | 5.0m
[Ep    700000/50000000] avg_r=  0.708 | h2h=  0.0000 | br= 0.6210 | avg= 0.3297 | fc=0.422 |   2167 ep/s | 5.4m
[Ep    750000/50000000] avg_r=  0.517 | h2h=  0.0000 | br= 0.7558 | avg= 0.3282 | fc=0.398 |   2226 ep/s | 5.8m
[Ep    800000/50000000] avg_r=  0.399 | h2h=  0.0000 | br= 0.7678 | avg= 0.3555 | fc=0.391 |   2251 ep/s | 6.1m
[Ep    850000/50000000] avg_r=  0.496 | h2h=  0.0000 | br= 0.7622 | avg= 0.3644 | fc=0.365 |   2210 ep/s | 6.5m
[Ep    900000/50000000] avg_r=  0.472 | h2h=  0.0000 | br= 0.7628 | avg= 0.3704 | fc=0.400 |   2203 ep/s | 6.9m
[Ep    950000/50000000] avg_r=  0.375 | h2h=  0.0000 | br= 0.7578 | avg= 0.3722 | fc=0.371 |   2227 ep/s | 7.3m
[Ep   1000000/50000000] avg_r=  0.455 | h2h=  0.0000 | br= 0.7561 | avg= 0.3741 | fc=0.408 |   2243 ep/s | 7.6m
[Ep   1050000/50000000] avg_r=  0.480 | h2h=  0.0000 | br= 0.7551 | avg= 0.3757 | fc=0.373 |   2211 ep/s | 8.0m
[Ep   1100000/50000000] avg_r=  0.464 | h2h=  0.0000 | br= 0.7603 | avg= 0.3779 | fc=0.387 |   2219 ep/s | 8.4m
[Ep   1150000/50000000] avg_r=  0.438 | h2h=  0.0000 | br= 0.7567 | avg= 0.3761 | fc=0.371 |   2202 ep/s | 8.8m
[Ep   1200000/50000000] avg_r=  0.459 | h2h=  0.0000 | br= 0.7543 | avg= 0.3737 | fc=0.369 |   2172 ep/s | 9.2m
[Ep   1250000/50000000] avg_r=  0.449 | h2h=  0.0000 | br= 0.7488 | avg= 0.3737 | fc=0.369 |   2224 ep/s | 9.5m
[Ep   1300000/50000000] avg_r=  0.389 | h2h=  0.0000 | br= 0.7571 | avg= 0.3718 | fc=0.359 |   2242 ep/s | 9.9m
[Ep   1350000/50000000] avg_r=  0.450 | h2h=  0.0000 | br= 0.7529 | avg= 0.3695 | fc=0.365 |   2256 ep/s | 10.3m
[Ep   1400000/50000000] avg_r=  0.283 | h2h=  0.0000 | br= 0.7543 | avg= 0.3890 | fc=0.367 |   2227 ep/s | 10.7m
[Ep   1450000/50000000] avg_r=  0.283 | h2h=  0.0000 | br= 0.8434 | avg= 0.3728 | fc=0.359 |   2216 ep/s | 11.0m
[Ep   1500000/50000000] avg_r=  0.303 | h2h=  0.0000 | br= 0.9427 | avg= 0.3724 | fc=0.352 |   2310 ep/s | 11.4m
[Ep   1550000/50000000] avg_r=  0.285 | h2h=  0.0000 | br= 0.9125 | avg= 0.3768 | fc=0.369 |   2406 ep/s | 11.7m
[Ep   1600000/50000000] avg_r=  0.213 | h2h=  0.0000 | br= 0.8806 | avg= 0.3790 | fc=0.359 |   2365 ep/s | 12.1m
[Ep   1650000/50000000] avg_r=  0.196 | h2h=  0.0000 | br= 0.8755 | avg= 0.3845 | fc=0.387 |   2338 ep/s | 12.4m
[Ep   1700000/50000000] avg_r=  0.260 | h2h=  0.0000 | br= 0.8758 | avg= 0.3821 | fc=0.363 |   2344 ep/s | 12.8m
[Ep   1750000/50000000] avg_r=  0.227 | h2h=  0.0000 | br= 0.8726 | avg= 0.3824 | fc=0.383 |   2370 ep/s | 13.2m
[Ep   1800000/50000000] avg_r=  0.302 | h2h=  0.0000 | br= 0.8730 | avg= 0.3860 | fc=0.373 |   2274 ep/s | 13.5m
[Ep   1850000/50000000] avg_r=  0.161 | h2h=  0.0000 | br= 0.8749 | avg= 0.3862 | fc=0.363 |   2315 ep/s | 13.9m
[Ep   1900000/50000000] avg_r=  0.206 | h2h=  0.0000 | br= 0.8685 | avg= 0.3859 | fc=0.357 |   2348 ep/s | 14.2m
[Ep   1950000/50000000] avg_r=  0.267 | h2h=  0.0000 | br= 0.8682 | avg= 0.3835 | fc=0.383 |   2276 ep/s | 14.6m
[Ep   2000000/50000000] avg_r=  0.245 | h2h=  0.0000 | br= 0.8692 | avg= 0.3830 | fc=0.418 |   2334 ep/s | 15.0m
[Ep   2050000/50000000] avg_r=  0.227 | h2h=  0.0000 | br= 0.8683 | avg= 0.3855 | fc=0.365 |   2374 ep/s | 15.3m
[Ep   2100000/50000000] avg_r=  0.214 | h2h=  0.0000 | br= 0.8697 | avg= 0.3806 | fc=0.348 |   2296 ep/s | 15.7m
[Ep   2150000/50000000] avg_r=  0.257 | h2h=  0.0000 | br= 0.8693 | avg= 0.3780 | fc=0.395 |   2321 ep/s | 16.0m
[Ep   2200000/50000000] avg_r=  0.214 | h2h=  0.0000 | br= 0.8700 | avg= 0.3801 | fc=0.354 |   2375 ep/s | 16.4m
[Ep   2250000/50000000] avg_r=  0.192 | h2h=  0.0000 | br= 0.8695 | avg= 0.3778 | fc=0.373 |   2332 ep/s | 16.7m
[Ep   2300000/50000000] avg_r=  0.226 | h2h=  0.0000 | br= 0.8643 | avg= 0.3764 | fc=0.359 |   2328 ep/s | 17.1m
[Ep   2350000/50000000] avg_r=  0.274 | h2h=  0.0000 | br= 0.8694 | avg= 0.3763 | fc=0.400 |   2295 ep/s | 17.5m
[Ep   2400000/50000000] avg_r=  0.271 | h2h=  0.0000 | br= 0.8711 | avg= 0.3739 | fc=0.391 |   2334 ep/s | 17.8m
[Ep   2450000/50000000] avg_r=  0.271 | h2h=  0.0000 | br= 0.8688 | avg= 0.3738 | fc=0.332 |   2399 ep/s | 18.2m
[Ep   2500000/50000000] avg_r=  0.280 | h2h=  0.0000 | br= 0.8679 | avg= 0.3733 | fc=0.342 |   2309 ep/s | 18.5m
[Ep   2550000/50000000] avg_r=  0.328 | h2h=  0.0000 | br= 0.8640 | avg= 0.3704 | fc=0.357 |   2333 ep/s | 18.9m
[Ep   2600000/50000000] avg_r=  0.219 | h2h=  0.0000 | br= 0.8661 | avg= 0.3700 | fc=0.367 |   2372 ep/s | 19.2m
[Ep   2650000/50000000] avg_r=  0.201 | h2h=  0.0000 | br= 0.8663 | avg= 0.3540 | fc=0.346 |   2399 ep/s | 19.6m
[Ep   2700000/50000000] avg_r=  0.203 | h2h=  0.0000 | br= 0.8671 | avg= 0.3414 | fc=0.387 |   2392 ep/s | 19.9m
[Ep   2750000/50000000] avg_r=  0.242 | h2h=  0.0000 | br= 0.8794 | avg= 0.3508 | fc=0.459 |   2313 ep/s | 20.3m
[Ep   2800000/50000000] avg_r=  0.130 | h2h=  0.0000 | br= 0.8870 | avg= 0.3671 | fc=0.512 |   2358 ep/s | 20.6m
[Ep   2850000/50000000] avg_r=  0.171 | h2h=  0.0000 | br= 0.8711 | avg= 0.3679 | fc=0.514 |   2285 ep/s | 21.0m
[Ep   2900000/50000000] avg_r=  0.171 | h2h=  0.0000 | br= 0.8615 | avg= 0.3691 | fc=0.463 |   2347 ep/s | 21.4m
[Ep   2950000/50000000] avg_r=  0.198 | h2h=  0.0000 | br= 0.8614 | avg= 0.3704 | fc=0.473 |   2345 ep/s | 21.7m
[Ep   3000000/50000000] avg_r=  0.111 | h2h=  0.0000 | br= 0.8584 | avg= 0.3749 | fc=0.496 |   2336 ep/s | 22.1m
[Ep   3050000/50000000] avg_r=  0.204 | h2h=  0.0000 | br= 0.8582 | avg= 0.3803 | fc=0.432 |   2296 ep/s | 22.4m
[Ep   3100000/50000000] avg_r=  0.271 | h2h=  0.0000 | br= 0.8555 | avg= 0.3754 | fc=0.578 |   2345 ep/s | 22.8m
[Ep   3150000/50000000] avg_r=  0.204 | h2h=  0.0000 | br= 0.8431 | avg= 0.3752 | fc=0.619 |   2394 ep/s | 23.1m
[Ep   3200000/50000000] avg_r=  0.229 | h2h=  0.0000 | br= 0.8483 | avg= 0.3767 | fc=0.615 |   2365 ep/s | 23.5m
[Ep   3250000/50000000] avg_r=  0.185 | h2h=  0.0000 | br= 0.8442 | avg= 0.3796 | fc=0.617 |   2323 ep/s | 23.8m
[Ep   3300000/50000000] avg_r=  0.302 | h2h=  0.0000 | br= 0.8440 | avg= 0.3800 | fc=0.615 |   2339 ep/s | 24.2m
[Ep   3350000/50000000] avg_r=  0.219 | h2h=  0.0000 | br= 0.8430 | avg= 0.3811 | fc=0.592 |   2343 ep/s | 24.6m
[Ep   3400000/50000000] avg_r=  0.261 | h2h=  0.0000 | br= 0.8408 | avg= 0.3816 | fc=0.574 |   2259 ep/s | 24.9m
[Ep   3450000/50000000] avg_r=  0.200 | h2h=  0.0000 | br= 0.8446 | avg= 0.3846 | fc=0.598 |   2441 ep/s | 25.3m
[Ep   3500000/50000000] avg_r=  0.263 | h2h=  0.0000 | br= 0.8429 | avg= 0.3845 | fc=0.604 |   2332 ep/s | 25.6m
[Ep   3550000/50000000] avg_r=  0.220 | h2h=  0.0000 | br= 0.8420 | avg= 0.3842 | fc=0.625 |   2326 ep/s | 26.0m
[Ep   3600000/50000000] avg_r=  0.198 | h2h=  0.0000 | br= 0.8402 | avg= 0.3867 | fc=0.594 |   2334 ep/s | 26.3m
[Ep   3650000/50000000] avg_r=  0.278 | h2h=  0.0000 | br= 0.8419 | avg= 0.3864 | fc=0.615 |   2365 ep/s | 26.7m
[Ep   3700000/50000000] avg_r=  0.230 | h2h=  0.0000 | br= 0.8414 | avg= 0.3869 | fc=0.598 |   2370 ep/s | 27.0m
[Ep   3750000/50000000] avg_r=  0.235 | h2h=  0.0000 | br= 0.8430 | avg= 0.3863 | fc=0.557 |   2399 ep/s | 27.4m
[Ep   3800000/50000000] avg_r=  0.237 | h2h=  0.0000 | br= 0.8426 | avg= 0.3851 | fc=0.641 |   2346 ep/s | 27.8m
[Ep   3850000/50000000] avg_r=  0.280 | h2h=  0.0000 | br= 0.8408 | avg= 0.3872 | fc=0.584 |   2370 ep/s | 28.1m
[Ep   3900000/50000000] avg_r=  0.223 | h2h=  0.0000 | br= 0.8402 | avg= 0.3861 | fc=0.572 |   2391 ep/s | 28.5m
[Ep   3950000/50000000] avg_r=  0.255 | h2h=  0.0000 | br= 0.8397 | avg= 0.3874 | fc=0.582 |   2408 ep/s | 28.8m
[Ep   4000000/50000000] avg_r=  0.214 | h2h=  0.0000 | br= 0.8433 | avg= 0.3862 | fc=0.600 |   2328 ep/s | 29.2m
[Ep   4050000/50000000] avg_r=  0.177 | h2h=  0.0000 | br= 0.8398 | avg= 0.3866 | fc=0.631 |   2330 ep/s | 29.5m
[Ep   4100000/50000000] avg_r=  0.238 | h2h=  0.0000 | br= 0.8406 | avg= 0.3859 | fc=0.607 |   2363 ep/s | 29.9m
[Ep   4150000/50000000] avg_r=  0.212 | h2h=  0.0000 | br= 0.8417 | avg= 0.3872 | fc=0.578 |   2336 ep/s | 30.2m
[Ep   4200000/50000000] avg_r=  0.259 | h2h=  0.0000 | br= 0.8412 | avg= 0.3879 | fc=0.600 |   2334 ep/s | 30.6m
[Ep   4250000/50000000] avg_r=  0.263 | h2h=  0.0000 | br= 0.8382 | avg= 0.3865 | fc=0.586 |   2375 ep/s | 30.9m
[Ep   4300000/50000000] avg_r=  0.289 | h2h=  0.0000 | br= 0.8393 | avg= 0.3873 | fc=0.570 |   2336 ep/s | 31.3m
[Ep   4350000/50000000] avg_r=  0.247 | h2h=  0.0000 | br= 0.8390 | avg= 0.3845 | fc=0.584 |   2365 ep/s | 31.6m
[Ep   4400000/50000000] avg_r=  0.177 | h2h=  0.0000 | br= 0.8405 | avg= 0.3860 | fc=0.611 |   2333 ep/s | 32.0m
[Ep   4450000/50000000] avg_r=  0.216 | h2h=  0.0000 | br= 0.8375 | avg= 0.3850 | fc=0.633 |   2394 ep/s | 32.3m
[Ep   4500000/50000000] avg_r=  0.244 | h2h=  0.0000 | br= 0.8383 | avg= 0.3852 | fc=0.609 |   2310 ep/s | 32.7m
[Ep   4550000/50000000] avg_r=  0.192 | h2h=  0.0000 | br= 0.8332 | avg= 0.3851 | fc=0.600 |   2457 ep/s | 33.0m
[Ep   4600000/50000000] avg_r=  0.293 | h2h=  0.0000 | br= 0.8359 | avg= 0.3842 | fc=0.664 |   2349 ep/s | 33.4m
[Ep   4650000/50000000] avg_r=  0.217 | h2h=  0.0000 | br= 0.8389 | avg= 0.3852 | fc=0.598 |   2344 ep/s | 33.8m
[Ep   4700000/50000000] avg_r=  0.229 | h2h=  0.0000 | br= 0.8388 | avg= 0.3835 | fc=0.627 |   2338 ep/s | 34.1m
[Ep   4750000/50000000] avg_r=  0.207 | h2h=  0.0000 | br= 0.8374 | avg= 0.3823 | fc=0.607 |   2359 ep/s | 34.5m
[Ep   4800000/50000000] avg_r=  0.258 | h2h=  0.0000 | br= 0.8417 | avg= 0.3819 | fc=0.613 |   2318 ep/s | 34.8m
[Ep   4850000/50000000] avg_r=  0.221 | h2h=  0.0000 | br= 0.8365 | avg= 0.3822 | fc=0.576 |   2278 ep/s | 35.2m
[Ep   4900000/50000000] avg_r=  0.230 | h2h=  0.0000 | br= 0.8389 | avg= 0.3820 | fc=0.631 |   2287 ep/s | 35.6m
[Ep   4950000/50000000] avg_r=  0.282 | h2h=  0.0000 | br= 0.8395 | avg= 0.3805 | fc=0.576 |   2410 ep/s | 35.9m
[Ep   5000000/50000000] avg_r=  0.221 | h2h=  0.0000 | br= 0.8412 | avg= 0.3821 | fc=0.578 |   2375 ep/s | 36.3m
[Ep   5050000/50000000] avg_r=  0.291 | h2h=  0.0000 | br= 0.8385 | avg= 0.4038 | fc=0.607 |   2370 ep/s | 36.6m
[Ep   5100000/50000000] avg_r=  0.258 | h2h=  0.0000 | br= 0.8391 | avg= 0.4120 | fc=0.592 |   2388 ep/s | 37.0m
[Ep   5150000/50000000] avg_r=  0.203 | h2h=  0.0000 | br= 0.8419 | avg= 0.4105 | fc=0.600 |   2352 ep/s | 37.3m
[Ep   5200000/50000000] avg_r=  0.254 | h2h=  0.0000 | br= 0.8385 | avg= 0.4104 | fc=0.500 |   2312 ep/s | 37.7m
[Ep   5250000/50000000] avg_r=  0.153 | h2h=  0.0000 | br= 0.8330 | avg= 0.3790 | fc=0.480 |   2407 ep/s | 38.0m
[Ep   5300000/50000000] avg_r=  0.092 | h2h=  0.0000 | br= 0.8132 | avg= 0.3807 | fc=0.512 |   2358 ep/s | 38.4m
[Ep   5350000/50000000] avg_r=  0.090 | h2h=  0.0000 | br= 0.8009 | avg= 0.3836 | fc=0.449 |   2377 ep/s | 38.7m
[Ep   5400000/50000000] avg_r=  0.079 | h2h=  0.0000 | br= 0.7984 | avg= 0.3857 | fc=0.521 |   2370 ep/s | 39.1m
[Ep   5450000/50000000] avg_r=  0.213 | h2h=  0.0000 | br= 0.7980 | avg= 0.3869 | fc=0.482 |   2294 ep/s | 39.4m
[Ep   5500000/50000000] avg_r=  0.170 | h2h=  0.0000 | br= 0.7975 | avg= 0.3860 | fc=0.465 |   2328 ep/s | 39.8m
[Ep   5550000/50000000] avg_r=  0.165 | h2h=  0.0000 | br= 0.7984 | avg= 0.3886 | fc=0.516 |   2379 ep/s | 40.1m
[Ep   5600000/50000000] avg_r=  0.127 | h2h=  0.0000 | br= 0.7966 | avg= 0.3892 | fc=0.502 |   2358 ep/s | 40.5m
[Ep   5650000/50000000] avg_r=  0.169 | h2h=  0.0000 | br= 0.7933 | avg= 0.3895 | fc=0.473 |   2289 ep/s | 40.9m
[Ep   5700000/50000000] avg_r=  0.102 | h2h=  0.0000 | br= 0.7916 | avg= 0.3892 | fc=0.531 |   2399 ep/s | 41.2m
[Ep   5750000/50000000] avg_r=  0.143 | h2h=  0.0000 | br= 0.7933 | avg= 0.3906 | fc=0.514 |   2311 ep/s | 41.6m
[Ep   5800000/50000000] avg_r=  0.119 | h2h=  0.0000 | br= 0.7960 | avg= 0.3888 | fc=0.494 |   2335 ep/s | 41.9m
[Ep   5850000/50000000] avg_r=  0.169 | h2h=  0.0000 | br= 0.7935 | avg= 0.3901 | fc=0.498 |   2397 ep/s | 42.3m
[Ep   5900000/50000000] avg_r=  0.103 | h2h=  0.0000 | br= 0.7913 | avg= 0.3915 | fc=0.486 |   2345 ep/s | 42.6m
[Ep   5950000/50000000] avg_r=  0.119 | h2h=  0.0000 | br= 0.7914 | avg= 0.3910 | fc=0.537 |   2423 ep/s | 43.0m
[Ep   6000000/50000000] avg_r=  0.086 | h2h=  0.0000 | br= 0.7947 | avg= 0.3918 | fc=0.455 |   2394 ep/s | 43.3m
[Ep   6050000/50000000] avg_r=  0.119 | h2h=  0.0000 | br= 0.7910 | avg= 0.3909 | fc=0.471 |   2292 ep/s | 43.7m
[Ep   6100000/50000000] avg_r=  0.177 | h2h=  0.0000 | br= 0.7957 | avg= 0.3899 | fc=0.473 |   2349 ep/s | 44.0m
[Ep   6150000/50000000] avg_r=  0.169 | h2h=  0.0000 | br= 0.7963 | avg= 0.3910 | fc=0.547 |   2397 ep/s | 44.4m
[Ep   6200000/50000000] avg_r=  0.192 | h2h=  0.0000 | br= 0.7946 | avg= 0.3920 | fc=0.473 |   2374 ep/s | 44.7m
[Ep   6250000/50000000] avg_r=  0.257 | h2h=  0.0000 | br= 0.7985 | avg= 0.3931 | fc=0.521 |   2407 ep/s | 45.1m
[Ep   6300000/50000000] avg_r=  0.258 | h2h=  0.0000 | br= 0.7628 | avg= 0.3970 | fc=0.580 |   2370 ep/s | 45.4m
[Ep   6350000/50000000] avg_r=  0.279 | h2h=  0.0000 | br= 0.7298 | avg= 0.3987 | fc=0.525 |   2446 ep/s | 45.8m
[Ep   6400000/50000000] avg_r=  0.234 | h2h=  0.0000 | br= 0.7198 | avg= 0.4027 | fc=0.562 |   2413 ep/s | 46.1m
[Ep   6450000/50000000] avg_r=  0.313 | h2h=  0.0000 | br= 0.7163 | avg= 0.4031 | fc=0.518 |   2489 ep/s | 46.5m
[Ep   6500000/50000000] avg_r=  0.275 | h2h=  0.0000 | br= 0.7165 | avg= 0.4060 | fc=0.561 |   2425 ep/s | 46.8m
[Ep   6550000/50000000] avg_r=  0.316 | h2h=  0.0000 | br= 0.7136 | avg= 0.4071 | fc=0.520 |   2503 ep/s | 47.1m
[Ep   6600000/50000000] avg_r=  0.319 | h2h=  0.0000 | br= 0.7153 | avg= 0.4093 | fc=0.514 |   2441 ep/s | 47.5m
[Ep   6650000/50000000] avg_r=  0.209 | h2h=  0.0000 | br= 0.7159 | avg= 0.4113 | fc=0.533 |   2551 ep/s | 47.8m
[Ep   6700000/50000000] avg_r=  0.230 | h2h=  0.0000 | br= 0.7165 | avg= 0.4099 | fc=0.521 |   2464 ep/s | 48.1m
[Ep   6750000/50000000] avg_r=  0.272 | h2h=  0.0000 | br= 0.7148 | avg= 0.4119 | fc=0.533 |   2445 ep/s | 48.5m
[Ep   6800000/50000000] avg_r=  0.303 | h2h=  0.0000 | br= 0.7128 | avg= 0.4122 | fc=0.535 |   2431 ep/s | 48.8m
[Ep   6850000/50000000] avg_r=  0.244 | h2h=  0.0000 | br= 0.7149 | avg= 0.4150 | fc=0.553 |   2432 ep/s | 49.2m
[Ep   6900000/50000000] avg_r=  0.310 | h2h=  0.0000 | br= 0.7154 | avg= 0.4151 | fc=0.547 |   2396 ep/s | 49.5m
[Ep   6950000/50000000] avg_r=  0.282 | h2h=  0.0000 | br= 0.7135 | avg= 0.4186 | fc=0.596 |   2385 ep/s | 49.9m
[Ep   7000000/50000000] avg_r=  0.277 | h2h=  0.0000 | br= 0.7126 | avg= 0.4169 | fc=0.537 |   2376 ep/s | 50.2m
[Ep   7050000/50000000] avg_r=  0.263 | h2h=  0.0000 | br= 0.7132 | avg= 0.4188 | fc=0.504 |   2417 ep/s | 50.6m
[Ep   7100000/50000000] avg_r=  0.252 | h2h=  0.0000 | br= 0.7124 | avg= 0.4199 | fc=0.525 |   2455 ep/s | 50.9m
[Ep   7150000/50000000] avg_r=  0.276 | h2h=  0.0000 | br= 0.7124 | avg= 0.4179 | fc=0.533 |   2455 ep/s | 51.2m
[Ep   7200000/50000000] avg_r=  0.323 | h2h=  0.0000 | br= 0.7135 | avg= 0.4202 | fc=0.512 |   2423 ep/s | 51.6m
[Ep   7250000/50000000] avg_r=  0.289 | h2h=  0.0000 | br= 0.7136 | avg= 0.4210 | fc=0.549 |   2449 ep/s | 51.9m
[Ep   7300000/50000000] avg_r=  0.283 | h2h=  0.0000 | br= 0.7138 | avg= 0.4189 | fc=0.549 |   2411 ep/s | 52.3m
[Ep   7350000/50000000] avg_r=  0.249 | h2h=  0.0000 | br= 0.7136 | avg= 0.4201 | fc=0.539 |   2517 ep/s | 52.6m
[Ep   7400000/50000000] avg_r=  0.223 | h2h=  0.0000 | br= 0.7146 | avg= 0.4221 | fc=0.531 |   2467 ep/s | 52.9m
[Ep   7450000/50000000] avg_r=  0.291 | h2h=  0.0000 | br= 0.7126 | avg= 0.4212 | fc=0.518 |   2393 ep/s | 53.3m
[Ep   7500000/50000000] avg_r=  0.294 | h2h=  0.0000 | br= 0.7171 | avg= 0.4235 | fc=0.537 |   2405 ep/s | 53.6m
[Ep   7550000/50000000] avg_r=  0.305 | h2h=  0.0000 | br= 0.7123 | avg= 0.4226 | fc=0.471 |   2429 ep/s | 54.0m
[Ep   7600000/50000000] avg_r=  0.288 | h2h=  0.0000 | br= 0.7119 | avg= 0.4225 | fc=0.531 |   2395 ep/s | 54.3m
[Ep   7650000/50000000] avg_r=  0.300 | h2h=  0.0000 | br= 0.7123 | avg= 0.4235 | fc=0.531 |   2436 ep/s | 54.7m
[Ep   7700000/50000000] avg_r=  0.310 | h2h=  0.0000 | br= 0.7155 | avg= 0.4246 | fc=0.576 |   2465 ep/s | 55.0m
[Ep   7750000/50000000] avg_r=  0.267 | h2h=  0.0000 | br= 0.7145 | avg= 0.4249 | fc=0.541 |   2515 ep/s | 55.3m
[Ep   7800000/50000000] avg_r=  0.279 | h2h=  0.0000 | br= 0.7129 | avg= 0.4221 | fc=0.562 |   2424 ep/s | 55.7m
[Ep   7850000/50000000] avg_r=  0.316 | h2h=  0.0000 | br= 0.7106 | avg= 0.4228 | fc=0.545 |   2381 ep/s | 56.0m
[Ep   7900000/50000000] avg_r=  0.307 | h2h=  0.0000 | br= 0.7145 | avg= 0.4235 | fc=0.543 |   2408 ep/s | 56.4m
[Ep   7950000/50000000] avg_r=  0.270 | h2h=  0.0000 | br= 0.7119 | avg= 0.4247 | fc=0.533 |   2418 ep/s | 56.7m
[Ep   8000000/50000000] avg_r=  0.256 | h2h=  0.0000 | br= 0.7119 | avg= 0.4240 | fc=0.553 |   2392 ep/s | 57.1m
[Ep   8050000/50000000] avg_r=  0.273 | h2h=  0.0000 | br= 0.7112 | avg= 0.4231 | fc=0.576 |   2426 ep/s | 57.4m
[Ep   8100000/50000000] avg_r=  0.226 | h2h=  0.0000 | br= 0.7094 | avg= 0.4243 | fc=0.541 |   2386 ep/s | 57.8m
[Ep   8150000/50000000] avg_r=  0.287 | h2h=  0.0000 | br= 0.7095 | avg= 0.4228 | fc=0.521 |   2430 ep/s | 58.1m
[Ep   8200000/50000000] avg_r=  0.254 | h2h=  0.0000 | br= 0.7117 | avg= 0.4248 | fc=0.520 |   2500 ep/s | 58.4m
[Ep   8250000/50000000] avg_r=  0.315 | h2h=  0.0000 | br= 0.7119 | avg= 0.4253 | fc=0.553 |   2437 ep/s | 58.8m
[Ep   8300000/50000000] avg_r=  0.226 | h2h=  0.0000 | br= 0.7128 | avg= 0.4250 | fc=0.537 |   2455 ep/s | 59.1m
[Ep   8350000/50000000] avg_r=  0.309 | h2h=  0.0000 | br= 0.7120 | avg= 0.4236 | fc=0.555 |   2526 ep/s | 59.4m
[Ep   8400000/50000000] avg_r=  0.297 | h2h=  0.0000 | br= 0.7101 | avg= 0.4250 | fc=0.559 |   2408 ep/s | 59.8m
[Ep   8450000/50000000] avg_r=  0.305 | h2h=  0.0000 | br= 0.7118 | avg= 0.4245 | fc=0.520 |   2437 ep/s | 60.1m
[Ep   8500000/50000000] avg_r=  0.349 | h2h=  0.0000 | br= 0.7105 | avg= 0.4243 | fc=0.504 |   2472 ep/s | 60.5m
[Ep   8550000/50000000] avg_r=  0.265 | h2h=  0.0000 | br= 0.7119 | avg= 0.4224 | fc=0.514 |   2383 ep/s | 60.8m
[Ep   8600000/50000000] avg_r=  0.265 | h2h=  0.0000 | br= 0.7090 | avg= 0.4232 | fc=0.555 |   2448 ep/s | 61.2m
[Ep   8650000/50000000] avg_r=  0.312 | h2h=  0.0000 | br= 0.7084 | avg= 0.4230 | fc=0.549 |   2412 ep/s | 61.5m
[Ep   8700000/50000000] avg_r=  0.246 | h2h=  0.0000 | br= 0.7089 | avg= 0.4222 | fc=0.543 |   2454 ep/s | 61.8m
[Ep   8750000/50000000] avg_r=  0.277 | h2h=  0.0000 | br= 0.7091 | avg= 0.4242 | fc=0.559 |   2496 ep/s | 62.2m
[Ep   8800000/50000000] avg_r=  0.315 | h2h=  0.0000 | br= 0.7112 | avg= 0.4231 | fc=0.525 |   2439 ep/s | 62.5m
[Ep   8850000/50000000] avg_r=  0.212 | h2h=  0.0000 | br= 0.7111 | avg= 0.4233 | fc=0.576 |   2369 ep/s | 62.9m
[Ep   8900000/50000000] avg_r=  0.265 | h2h=  0.0000 | br= 0.7131 | avg= 0.4230 | fc=0.543 |   2490 ep/s | 63.2m
[Ep   8950000/50000000] avg_r=  0.325 | h2h=  0.0000 | br= 0.7112 | avg= 0.4227 | fc=0.512 |   2395 ep/s | 63.6m
[Ep   9000000/50000000] avg_r=  0.282 | h2h=  0.0000 | br= 0.7123 | avg= 0.4227 | fc=0.549 |   2429 ep/s | 63.9m
[Ep   9050000/50000000] avg_r=  0.336 | h2h=  0.0000 | br= 0.7102 | avg= 0.4208 | fc=0.525 |   2444 ep/s | 64.2m
[Ep   9100000/50000000] avg_r=  0.302 | h2h=  0.0000 | br= 0.7134 | avg= 0.4223 | fc=0.570 |   2397 ep/s | 64.6m
[Ep   9150000/50000000] avg_r=  0.319 | h2h=  0.0000 | br= 0.7132 | avg= 0.4211 | fc=0.537 |   2340 ep/s | 64.9m
[Ep   9200000/50000000] avg_r=  0.316 | h2h=  0.0000 | br= 0.7114 | avg= 0.4207 | fc=0.545 |   2421 ep/s | 65.3m
[Ep   9250000/50000000] avg_r=  0.304 | h2h=  0.0000 | br= 0.7120 | avg= 0.4219 | fc=0.520 |   2467 ep/s | 65.6m
[Ep   9300000/50000000] avg_r=  0.280 | h2h=  0.0000 | br= 0.7105 | avg= 0.4214 | fc=0.547 |   2445 ep/s | 66.0m
[Ep   9350000/50000000] avg_r=  0.284 | h2h=  0.0000 | br= 0.7107 | avg= 0.4218 | fc=0.523 |   2482 ep/s | 66.3m
[Ep   9400000/50000000] avg_r=  0.293 | h2h=  0.0000 | br= 0.7101 | avg= 0.4204 | fc=0.557 |   2432 ep/s | 66.6m
[Ep   9450000/50000000] avg_r=  0.315 | h2h=  0.0000 | br= 0.7099 | avg= 0.4211 | fc=0.525 |   2411 ep/s | 67.0m
[Ep   9500000/50000000] avg_r=  0.308 | h2h=  0.0000 | br= 0.7107 | avg= 0.4208 | fc=0.559 |   2481 ep/s | 67.3m
[Ep   9550000/50000000] avg_r=  0.310 | h2h=  0.0000 | br= 0.7109 | avg= 0.4189 | fc=0.535 |   2408 ep/s | 67.7m
[Ep   9600000/50000000] avg_r=  0.264 | h2h=  0.0000 | br= 0.7123 | avg= 0.4219 | fc=0.525 |   2398 ep/s | 68.0m
[Ep   9650000/50000000] avg_r=  0.263 | h2h=  0.0000 | br= 0.7072 | avg= 0.4225 | fc=0.516 |   2407 ep/s | 68.4m
[Ep   9700000/50000000] avg_r=  0.262 | h2h=  0.0000 | br= 0.7091 | avg= 0.4201 | fc=0.553 |   2423 ep/s | 68.7m
[Ep   9750000/50000000] avg_r=  0.326 | h2h=  0.0000 | br= 0.7078 | avg= 0.4204 | fc=0.525 |   2437 ep/s | 69.0m
[Ep   9800000/50000000] avg_r=  0.294 | h2h=  0.0000 | br= 0.7098 | avg= 0.4210 | fc=0.516 |   2451 ep/s | 69.4m
[Ep   9850000/50000000] avg_r=  0.262 | h2h=  0.0000 | br= 0.7095 | avg= 0.4199 | fc=0.545 |   2453 ep/s | 69.7m
[Ep   9900000/50000000] avg_r= -0.021 | h2h=  0.0000 | br= 0.6991 | avg= 0.4200 | fc=0.580 |   2569 ep/s | 70.1m
[Ep   9950000/50000000] avg_r= -0.205 | h2h=  0.0000 | br= 0.6857 | avg= 0.4180 | fc=0.582 |   2798 ep/s | 70.4m
[Ep  10000000/50000000] avg_r= -0.240 | h2h=  0.0000 | br= 0.6756 | avg= 0.4231 | fc=0.570 |   2683 ep/s | 70.7m
[H2H] ep=10000000 | avg_reward=135.3500 over 1000 games
  >>> H2H WINRATE @ ep 10000000: 135.3500
  [CHECKPOINT] saved at ep 10000000
[snapshot] ep=10000000 -> /home/anthonyn/cos435/cpp-implementation/snapshots/holdem_64x64_mv_train_std_20/ep10000000
[Ep  10050000/50000000] avg_r= -0.254 | h2h=135.3500 | br= 0.6685 | avg= 0.4228 | fc=0.596 |    342 ep/s | 73.1m
[Ep  10100000/50000000] avg_r= -0.225 | h2h=135.3500 | br= 0.6710 | avg= 0.4229 | fc=0.594 |   2658 ep/s | 73.4m
[Ep  10150000/50000000] avg_r= -0.205 | h2h=135.3500 | br= 0.6699 | avg= 0.4238 | fc=0.582 |   2402 ep/s | 73.8m
[Ep  10200000/50000000] avg_r= -0.202 | h2h=135.3500 | br= 0.6689 | avg= 0.4250 | fc=0.568 |   2469 ep/s | 74.1m
[Ep  10250000/50000000] avg_r= -0.197 | h2h=135.3500 | br= 0.6706 | avg= 0.4264 | fc=0.611 |   2393 ep/s | 74.4m
[Ep  10300000/50000000] avg_r= -0.181 | h2h=135.3500 | br= 0.6707 | avg= 0.4283 | fc=0.572 |   2442 ep/s | 74.8m
[Ep  10350000/50000000] avg_r= -0.181 | h2h=135.3500 | br= 0.6697 | avg= 0.4276 | fc=0.629 |   2384 ep/s | 75.1m
[Ep  10400000/50000000] avg_r= -0.214 | h2h=135.3500 | br= 0.6694 | avg= 0.4289 | fc=0.566 |   2413 ep/s | 75.5m
[Ep  10450000/50000000] avg_r= -0.182 | h2h=135.3500 | br= 0.6678 | avg= 0.4273 | fc=0.566 |   2521 ep/s | 75.8m
[Ep  10500000/50000000] avg_r= -0.213 | h2h=135.3500 | br= 0.6675 | avg= 0.4313 | fc=0.566 |   2438 ep/s | 76.2m
[Ep  10550000/50000000] avg_r= -0.232 | h2h=135.3500 | br= 0.6655 | avg= 0.4322 | fc=0.553 |   2447 ep/s | 76.5m
[Ep  10600000/50000000] avg_r= -0.218 | h2h=135.3500 | br= 0.6684 | avg= 0.4309 | fc=0.584 |   2505 ep/s | 76.8m
[Ep  10650000/50000000] avg_r= -0.207 | h2h=135.3500 | br= 0.6676 | avg= 0.4295 | fc=0.566 |   2403 ep/s | 77.2m
[Ep  10700000/50000000] avg_r= -0.204 | h2h=135.3500 | br= 0.6687 | avg= 0.4324 | fc=0.521 |   2453 ep/s | 77.5m
[Ep  10750000/50000000] avg_r= -0.132 | h2h=135.3500 | br= 0.6687 | avg= 0.4342 | fc=0.586 |   2344 ep/s | 77.9m
[Ep  10800000/50000000] avg_r= -0.183 | h2h=135.3500 | br= 0.6701 | avg= 0.4315 | fc=0.617 |   2484 ep/s | 78.2m
[Ep  10850000/50000000] avg_r= -0.224 | h2h=135.3500 | br= 0.6682 | avg= 0.4334 | fc=0.531 |   2364 ep/s | 78.6m
[Ep  10900000/50000000] avg_r= -0.236 | h2h=135.3500 | br= 0.6679 | avg= 0.4362 | fc=0.609 |   2352 ep/s | 78.9m
[Ep  10950000/50000000] avg_r= -0.215 | h2h=135.3500 | br= 0.6666 | avg= 0.4352 | fc=0.566 |   2370 ep/s | 79.3m
[Ep  11000000/50000000] avg_r= -0.241 | h2h=135.3500 | br= 0.6634 | avg= 0.4351 | fc=0.580 |   2407 ep/s | 79.6m
[Ep  11050000/50000000] avg_r= -0.212 | h2h=135.3500 | br= 0.6679 | avg= 0.4351 | fc=0.576 |   2389 ep/s | 80.0m
[Ep  11100000/50000000] avg_r= -0.255 | h2h=135.3500 | br= 0.6668 | avg= 0.4367 | fc=0.547 |   2393 ep/s | 80.3m
[Ep  11150000/50000000] avg_r= -0.171 | h2h=135.3500 | br= 0.6679 | avg= 0.4374 | fc=0.568 |   2369 ep/s | 80.7m
[Ep  11200000/50000000] avg_r= -0.247 | h2h=135.3500 | br= 0.6667 | avg= 0.4363 | fc=0.592 |   2422 ep/s | 81.0m
[Ep  11250000/50000000] avg_r= -0.204 | h2h=135.3500 | br= 0.6675 | avg= 0.4398 | fc=0.539 |   2437 ep/s | 81.3m
[Ep  11300000/50000000] avg_r= -0.209 | h2h=135.3500 | br= 0.6678 | avg= 0.4374 | fc=0.541 |   2408 ep/s | 81.7m
[Ep  11350000/50000000] avg_r= -0.186 | h2h=135.3500 | br= 0.6657 | avg= 0.4384 | fc=0.537 |   2362 ep/s | 82.0m
[Ep  11400000/50000000] avg_r= -0.147 | h2h=135.3500 | br= 0.6684 | avg= 0.4388 | fc=0.629 |   2531 ep/s | 82.4m
[Ep  11450000/50000000] avg_r= -0.225 | h2h=135.3500 | br= 0.6706 | avg= 0.4392 | fc=0.582 |   2414 ep/s | 82.7m
[Ep  11500000/50000000] avg_r= -0.237 | h2h=135.3500 | br= 0.6681 | avg= 0.4393 | fc=0.549 |   2386 ep/s | 83.1m
[Ep  11550000/50000000] avg_r= -0.219 | h2h=135.3500 | br= 0.6656 | avg= 0.4391 | fc=0.557 |   2392 ep/s | 83.4m
[Ep  11600000/50000000] avg_r= -0.205 | h2h=135.3500 | br= 0.6667 | avg= 0.4408 | fc=0.578 |   2462 ep/s | 83.8m
[Ep  11650000/50000000] avg_r= -0.176 | h2h=135.3500 | br= 0.6664 | avg= 0.4280 | fc=0.543 |   2371 ep/s | 84.1m
[Ep  11700000/50000000] avg_r= -0.230 | h2h=135.3500 | br= 0.6669 | avg= 0.4041 | fc=0.557 |   2448 ep/s | 84.4m
[Ep  11750000/50000000] avg_r= -0.193 | h2h=135.3500 | br= 0.6659 | avg= 0.4044 | fc=0.564 |   2423 ep/s | 84.8m
[Ep  11800000/50000000] avg_r= -0.190 | h2h=135.3500 | br= 0.6666 | avg= 0.4046 | fc=0.578 |   2506 ep/s | 85.1m
[Ep  11850000/50000000] avg_r= -0.249 | h2h=135.3500 | br= 0.6669 | avg= 0.4059 | fc=0.545 |   2465 ep/s | 85.5m
[Ep  11900000/50000000] avg_r= -0.190 | h2h=135.3500 | br= 0.6667 | avg= 0.4058 | fc=0.551 |   2395 ep/s | 85.8m
[Ep  11950000/50000000] avg_r= -0.216 | h2h=135.3500 | br= 0.6654 | avg= 0.4060 | fc=0.609 |   2469 ep/s | 86.1m
[Ep  12000000/50000000] avg_r= -0.153 | h2h=135.3500 | br= 0.6666 | avg= 0.4061 | fc=0.598 |   2528 ep/s | 86.5m
[Ep  12050000/50000000] avg_r= -0.219 | h2h=135.3500 | br= 0.6658 | avg= 0.4063 | fc=0.586 |   2436 ep/s | 86.8m
[Ep  12100000/50000000] avg_r= -0.176 | h2h=135.3500 | br= 0.6646 | avg= 0.4080 | fc=0.590 |   2430 ep/s | 87.2m
[Ep  12150000/50000000] avg_r=  0.275 | h2h=135.3500 | br= 0.6509 | avg= 0.4426 | fc=0.572 |   2559 ep/s | 87.5m
[Ep  12200000/50000000] avg_r=  0.261 | h2h=135.3500 | br= 0.6441 | avg= 0.4453 | fc=0.535 |   2526 ep/s | 87.8m
[Ep  12250000/50000000] avg_r=  0.232 | h2h=135.3500 | br= 0.6380 | avg= 0.4470 | fc=0.547 |   2594 ep/s | 88.1m
[Ep  12300000/50000000] avg_r=  0.277 | h2h=135.3500 | br= 0.6358 | avg= 0.4486 | fc=0.547 |   2556 ep/s | 88.5m
[Ep  12350000/50000000] avg_r=  0.285 | h2h=135.3500 | br= 0.6343 | avg= 0.4499 | fc=0.518 |   2513 ep/s | 88.8m
[Ep  12400000/50000000] avg_r=  0.282 | h2h=135.3500 | br= 0.6326 | avg= 0.4493 | fc=0.572 |   2541 ep/s | 89.1m
[Ep  12450000/50000000] avg_r=  0.234 | h2h=135.3500 | br= 0.6305 | avg= 0.4511 | fc=0.547 |   2537 ep/s | 89.5m
[Ep  12500000/50000000] avg_r=  0.290 | h2h=135.3500 | br= 0.6319 | avg= 0.4532 | fc=0.537 |   2540 ep/s | 89.8m
[Ep  12550000/50000000] avg_r=  0.268 | h2h=135.3500 | br= 0.6346 | avg= 0.4553 | fc=0.496 |   2509 ep/s | 90.1m
[Ep  12600000/50000000] avg_r=  0.281 | h2h=135.3500 | br= 0.6330 | avg= 0.4552 | fc=0.531 |   2539 ep/s | 90.4m
[Ep  12650000/50000000] avg_r=  0.289 | h2h=135.3500 | br= 0.6332 | avg= 0.4557 | fc=0.527 |   2567 ep/s | 90.8m
[Ep  12700000/50000000] avg_r=  0.299 | h2h=135.3500 | br= 0.6342 | avg= 0.4568 | fc=0.537 |   2543 ep/s | 91.1m
[Ep  12750000/50000000] avg_r=  0.266 | h2h=135.3500 | br= 0.6310 | avg= 0.4580 | fc=0.512 |   2513 ep/s | 91.4m
[Ep  12800000/50000000] avg_r=  0.304 | h2h=135.3500 | br= 0.6332 | avg= 0.4589 | fc=0.506 |   2509 ep/s | 91.8m
[Ep  12850000/50000000] avg_r=  0.256 | h2h=135.3500 | br= 0.6303 | avg= 0.4599 | fc=0.553 |   2562 ep/s | 92.1m
[Ep  12900000/50000000] avg_r=  0.345 | h2h=135.3500 | br= 0.6326 | avg= 0.4597 | fc=0.545 |   2605 ep/s | 92.4m
[Ep  12950000/50000000] avg_r=  0.273 | h2h=135.3500 | br= 0.6321 | avg= 0.4621 | fc=0.496 |   2586 ep/s | 92.7m
[Ep  13000000/50000000] avg_r=  0.258 | h2h=135.3500 | br= 0.6321 | avg= 0.4601 | fc=0.551 |   2522 ep/s | 93.1m
[Ep  13050000/50000000] avg_r=  0.323 | h2h=135.3500 | br= 0.6310 | avg= 0.4614 | fc=0.553 |   2536 ep/s | 93.4m
[Ep  13100000/50000000] avg_r=  0.284 | h2h=135.3500 | br= 0.6312 | avg= 0.4634 | fc=0.553 |   2596 ep/s | 93.7m
[Ep  13150000/50000000] avg_r=  0.286 | h2h=135.3500 | br= 0.6307 | avg= 0.4619 | fc=0.521 |   2564 ep/s | 94.0m
[Ep  13200000/50000000] avg_r=  0.298 | h2h=135.3500 | br= 0.6316 | avg= 0.4636 | fc=0.566 |   2529 ep/s | 94.4m
[Ep  13250000/50000000] avg_r=  0.280 | h2h=135.3500 | br= 0.6311 | avg= 0.4628 | fc=0.539 |   2514 ep/s | 94.7m
[Ep  13300000/50000000] avg_r=  0.289 | h2h=135.3500 | br= 0.6315 | avg= 0.4654 | fc=0.537 |   2520 ep/s | 95.0m
[Ep  13350000/50000000] avg_r=  0.336 | h2h=135.3500 | br= 0.6293 | avg= 0.4661 | fc=0.521 |   2532 ep/s | 95.3m
[Ep  13400000/50000000] avg_r=  0.315 | h2h=135.3500 | br= 0.6284 | avg= 0.4671 | fc=0.551 |   2558 ep/s | 95.7m
[Ep  13450000/50000000] avg_r=  0.319 | h2h=135.3500 | br= 0.6284 | avg= 0.4676 | fc=0.545 |   2521 ep/s | 96.0m
[Ep  13500000/50000000] avg_r=  0.331 | h2h=135.3500 | br= 0.6305 | avg= 0.4658 | fc=0.521 |   2539 ep/s | 96.3m
[Ep  13550000/50000000] avg_r=  0.245 | h2h=135.3500 | br= 0.6314 | avg= 0.4665 | fc=0.557 |   2522 ep/s | 96.7m
[Ep  13600000/50000000] avg_r=  0.299 | h2h=135.3500 | br= 0.6303 | avg= 0.4681 | fc=0.514 |   2470 ep/s | 97.0m
[Ep  13650000/50000000] avg_r=  0.310 | h2h=135.3500 | br= 0.6292 | avg= 0.4675 | fc=0.520 |   2570 ep/s | 97.3m
[Ep  13700000/50000000] avg_r=  0.275 | h2h=135.3500 | br= 0.6342 | avg= 0.4677 | fc=0.592 |   2572 ep/s | 97.6m
[Ep  13750000/50000000] avg_r=  0.283 | h2h=135.3500 | br= 0.6305 | avg= 0.4703 | fc=0.506 |   2518 ep/s | 98.0m
[Ep  13800000/50000000] avg_r=  0.315 | h2h=135.3500 | br= 0.6299 | avg= 0.4684 | fc=0.561 |   2533 ep/s | 98.3m
[Ep  13850000/50000000] avg_r=  0.281 | h2h=135.3500 | br= 0.6308 | avg= 0.4698 | fc=0.570 |   2557 ep/s | 98.6m
[Ep  13900000/50000000] avg_r=  0.334 | h2h=135.3500 | br= 0.6291 | avg= 0.4710 | fc=0.502 |   2520 ep/s | 99.0m
[Ep  13950000/50000000] avg_r=  0.249 | h2h=135.3500 | br= 0.6286 | avg= 0.4723 | fc=0.529 |   2548 ep/s | 99.3m
[Ep  14000000/50000000] avg_r=  0.245 | h2h=135.3500 | br= 0.6305 | avg= 0.4717 | fc=0.535 |   2599 ep/s | 99.6m
[Ep  14050000/50000000] avg_r=  0.294 | h2h=135.3500 | br= 0.6297 | avg= 0.4714 | fc=0.553 |   2490 ep/s | 99.9m
[Ep  14100000/50000000] avg_r=  0.271 | h2h=135.3500 | br= 0.6279 | avg= 0.4730 | fc=0.508 |   2523 ep/s | 100.3m
[Ep  14150000/50000000] avg_r=  0.293 | h2h=135.3500 | br= 0.6296 | avg= 0.4731 | fc=0.543 |   2546 ep/s | 100.6m
[Ep  14200000/50000000] avg_r=  0.309 | h2h=135.3500 | br= 0.6315 | avg= 0.4726 | fc=0.525 |   2555 ep/s | 100.9m
[Ep  14250000/50000000] avg_r=  0.282 | h2h=135.3500 | br= 0.6301 | avg= 0.4743 | fc=0.541 |   2520 ep/s | 101.3m
[Ep  14300000/50000000] avg_r=  0.303 | h2h=135.3500 | br= 0.6299 | avg= 0.4737 | fc=0.559 |   2537 ep/s | 101.6m
[Ep  14350000/50000000] avg_r=  0.224 | h2h=135.3500 | br= 0.6300 | avg= 0.4735 | fc=0.545 |   2525 ep/s | 101.9m
[Ep  14400000/50000000] avg_r=  0.294 | h2h=135.3500 | br= 0.6292 | avg= 0.4738 | fc=0.521 |   2556 ep/s | 102.2m
[Ep  14450000/50000000] avg_r=  0.299 | h2h=135.3500 | br= 0.6290 | avg= 0.4726 | fc=0.482 |   2559 ep/s | 102.6m
[Ep  14500000/50000000] avg_r=  0.314 | h2h=135.3500 | br= 0.6271 | avg= 0.4747 | fc=0.529 |   2561 ep/s | 102.9m
[Ep  14550000/50000000] avg_r=  0.311 | h2h=135.3500 | br= 0.6298 | avg= 0.4744 | fc=0.568 |   2579 ep/s | 103.2m
[Ep  14600000/50000000] avg_r=  0.282 | h2h=135.3500 | br= 0.6318 | avg= 0.4750 | fc=0.518 |   2583 ep/s | 103.5m
[Ep  14650000/50000000] avg_r=  0.248 | h2h=135.3500 | br= 0.6309 | avg= 0.4756 | fc=0.521 |   2563 ep/s | 103.9m
[Ep  14700000/50000000] avg_r=  0.318 | h2h=135.3500 | br= 0.6294 | avg= 0.4741 | fc=0.549 |   2571 ep/s | 104.2m
[Ep  14750000/50000000] avg_r=  0.289 | h2h=135.3500 | br= 0.6271 | avg= 0.4746 | fc=0.561 |   2533 ep/s | 104.5m
[Ep  14800000/50000000] avg_r=  0.256 | h2h=135.3500 | br= 0.6299 | avg= 0.4757 | fc=0.523 |   2582 ep/s | 104.8m
[Ep  14850000/50000000] avg_r=  0.303 | h2h=135.3500 | br= 0.6299 | avg= 0.4743 | fc=0.551 |   2536 ep/s | 105.2m
[Ep  14900000/50000000] avg_r=  0.320 | h2h=135.3500 | br= 0.6280 | avg= 0.4743 | fc=0.506 |   2516 ep/s | 105.5m
[Ep  14950000/50000000] avg_r=  0.254 | h2h=135.3500 | br= 0.6267 | avg= 0.4768 | fc=0.529 |   2505 ep/s | 105.8m
[Ep  15000000/50000000] avg_r=  0.289 | h2h=135.3500 | br= 0.6288 | avg= 0.4757 | fc=0.512 |   2564 ep/s | 106.2m
[Ep  15050000/50000000] avg_r=  0.278 | h2h=135.3500 | br= 0.6306 | avg= 0.4763 | fc=0.564 |   2557 ep/s | 106.5m
[Ep  15100000/50000000] avg_r=  0.299 | h2h=135.3500 | br= 0.6294 | avg= 0.4769 | fc=0.566 |   2569 ep/s | 106.8m
[Ep  15150000/50000000] avg_r=  0.329 | h2h=135.3500 | br= 0.6277 | avg= 0.4782 | fc=0.531 |   2547 ep/s | 107.1m
[Ep  15200000/50000000] avg_r=  0.290 | h2h=135.3500 | br= 0.6267 | avg= 0.4783 | fc=0.531 |   2581 ep/s | 107.5m
[Ep  15250000/50000000] avg_r=  0.286 | h2h=135.3500 | br= 0.6281 | avg= 0.4748 | fc=0.516 |   2547 ep/s | 107.8m
[Ep  15300000/50000000] avg_r=  0.304 | h2h=135.3500 | br= 0.6266 | avg= 0.4764 | fc=0.549 |   2534 ep/s | 108.1m
[Ep  15350000/50000000] avg_r=  0.258 | h2h=135.3500 | br= 0.6298 | avg= 0.4778 | fc=0.527 |   2703 ep/s | 108.4m
[Ep  15400000/50000000] avg_r=  0.281 | h2h=135.3500 | br= 0.6270 | avg= 0.4771 | fc=0.561 |   2538 ep/s | 108.8m
[Ep  15450000/50000000] avg_r=  0.321 | h2h=135.3500 | br= 0.6268 | avg= 0.4762 | fc=0.525 |   2557 ep/s | 109.1m
[Ep  15500000/50000000] avg_r=  0.264 | h2h=135.3500 | br= 0.6286 | avg= 0.4764 | fc=0.551 |   2535 ep/s | 109.4m
[Ep  15550000/50000000] avg_r=  0.274 | h2h=135.3500 | br= 0.6298 | avg= 0.4782 | fc=0.555 |   2519 ep/s | 109.7m
[Ep  15600000/50000000] avg_r=  0.313 | h2h=135.3500 | br= 0.6307 | avg= 0.4770 | fc=0.543 |   2534 ep/s | 110.1m
[Ep  15650000/50000000] avg_r=  0.225 | h2h=135.3500 | br= 0.6264 | avg= 0.4786 | fc=0.545 |   2592 ep/s | 110.4m
[Ep  15700000/50000000] avg_r=  0.295 | h2h=135.3500 | br= 0.6291 | avg= 0.4777 | fc=0.533 |   2559 ep/s | 110.7m
[Ep  15750000/50000000] avg_r=  0.288 | h2h=135.3500 | br= 0.6284 | avg= 0.4786 | fc=0.551 |   2571 ep/s | 111.0m
[Ep  15800000/50000000] avg_r=  0.266 | h2h=135.3500 | br= 0.6279 | avg= 0.4795 | fc=0.539 |   2583 ep/s | 111.4m
[Ep  15850000/50000000] avg_r=  0.275 | h2h=135.3500 | br= 0.6308 | avg= 0.4792 | fc=0.555 |   2538 ep/s | 111.7m
[Ep  15900000/50000000] avg_r=  0.286 | h2h=135.3500 | br= 0.6277 | avg= 0.4799 | fc=0.506 |   2572 ep/s | 112.0m
[Ep  15950000/50000000] avg_r=  0.258 | h2h=135.3500 | br= 0.6272 | avg= 0.4798 | fc=0.514 |   2504 ep/s | 112.3m
[Ep  16000000/50000000] avg_r=  0.311 | h2h=135.3500 | br= 0.6272 | avg= 0.4776 | fc=0.527 |   2636 ep/s | 112.7m
[Ep  16050000/50000000] avg_r=  0.274 | h2h=135.3500 | br= 0.6274 | avg= 0.4789 | fc=0.578 |   2517 ep/s | 113.0m
[Ep  16100000/50000000] avg_r=  0.287 | h2h=135.3500 | br= 0.6280 | avg= 0.4776 | fc=0.525 |   2504 ep/s | 113.3m
[Ep  16150000/50000000] avg_r=  0.296 | h2h=135.3500 | br= 0.6274 | avg= 0.4794 | fc=0.570 |   2491 ep/s | 113.7m
[Ep  16200000/50000000] avg_r=  0.348 | h2h=135.3500 | br= 0.6251 | avg= 0.4800 | fc=0.510 |   2514 ep/s | 114.0m
[Ep  16250000/50000000] avg_r=  0.309 | h2h=135.3500 | br= 0.6314 | avg= 0.4808 | fc=0.537 |   2541 ep/s | 114.3m
[Ep  16300000/50000000] avg_r=  0.324 | h2h=135.3500 | br= 0.6303 | avg= 0.4792 | fc=0.475 |   2528 ep/s | 114.7m
[Ep  16350000/50000000] avg_r=  0.302 | h2h=135.3500 | br= 0.6306 | avg= 0.4792 | fc=0.547 |   2595 ep/s | 115.0m
[Ep  16400000/50000000] avg_r=  0.287 | h2h=135.3500 | br= 0.6273 | avg= 0.4798 | fc=0.482 |   2567 ep/s | 115.3m
[Ep  16450000/50000000] avg_r=  0.270 | h2h=135.3500 | br= 0.6268 | avg= 0.4796 | fc=0.535 |   2537 ep/s | 115.6m
[Ep  16500000/50000000] avg_r=  0.311 | h2h=135.3500 | br= 0.6264 | avg= 0.4799 | fc=0.488 |   2551 ep/s | 116.0m
[Ep  16550000/50000000] avg_r=  0.307 | h2h=135.3500 | br= 0.6279 | avg= 0.4778 | fc=0.527 |   2556 ep/s | 116.3m
[Ep  16600000/50000000] avg_r=  0.287 | h2h=135.3500 | br= 0.6283 | avg= 0.4792 | fc=0.547 |   2555 ep/s | 116.6m
[Ep  16650000/50000000] avg_r=  0.280 | h2h=135.3500 | br= 0.6275 | avg= 0.4793 | fc=0.518 |   2544 ep/s | 116.9m
[Ep  16700000/50000000] avg_r=  0.266 | h2h=135.3500 | br= 0.6254 | avg= 0.4777 | fc=0.543 |   2543 ep/s | 117.3m
[Ep  16750000/50000000] avg_r=  0.219 | h2h=135.3500 | br= 0.6273 | avg= 0.4809 | fc=0.553 |   2594 ep/s | 117.6m
[Ep  16800000/50000000] avg_r=  0.349 | h2h=135.3500 | br= 0.6277 | avg= 0.4798 | fc=0.510 |   2492 ep/s | 117.9m
[Ep  16850000/50000000] avg_r=  0.280 | h2h=135.3500 | br= 0.6291 | avg= 0.4790 | fc=0.535 |   2485 ep/s | 118.3m
[Ep  16900000/50000000] avg_r=  0.266 | h2h=135.3500 | br= 0.6304 | avg= 0.4805 | fc=0.518 |   2515 ep/s | 118.6m
[Ep  16950000/50000000] avg_r=  0.252 | h2h=135.3500 | br= 0.6280 | avg= 0.4810 | fc=0.572 |   2540 ep/s | 118.9m
[Ep  17000000/50000000] avg_r=  0.301 | h2h=135.3500 | br= 0.6286 | avg= 0.4804 | fc=0.557 |   2636 ep/s | 119.2m
[Ep  17050000/50000000] avg_r=  0.232 | h2h=135.3500 | br= 0.6284 | avg= 0.4797 | fc=0.529 |   2538 ep/s | 119.6m
[Ep  17100000/50000000] avg_r=  0.285 | h2h=135.3500 | br= 0.6278 | avg= 0.4804 | fc=0.520 |   2494 ep/s | 119.9m
[Ep  17150000/50000000] avg_r=  0.290 | h2h=135.3500 | br= 0.6290 | avg= 0.4801 | fc=0.537 |   2540 ep/s | 120.2m
[Ep  17200000/50000000] avg_r=  0.239 | h2h=135.3500 | br= 0.6285 | avg= 0.4808 | fc=0.559 |   2530 ep/s | 120.5m
[Ep  17250000/50000000] avg_r=  0.316 | h2h=135.3500 | br= 0.6299 | avg= 0.4790 | fc=0.572 |   2606 ep/s | 120.9m
[Ep  17300000/50000000] avg_r=  0.202 | h2h=135.3500 | br= 0.6266 | avg= 0.4777 | fc=0.533 |   2524 ep/s | 121.2m
[Ep  17350000/50000000] avg_r=  0.266 | h2h=135.3500 | br= 0.6278 | avg= 0.4777 | fc=0.520 |   2514 ep/s | 121.5m
[Ep  17400000/50000000] avg_r=  0.289 | h2h=135.3500 | br= 0.6271 | avg= 0.4788 | fc=0.551 |   2533 ep/s | 121.9m
[Ep  17450000/50000000] avg_r=  0.307 | h2h=135.3500 | br= 0.6282 | avg= 0.4793 | fc=0.557 |   2516 ep/s | 122.2m
[Ep  17500000/50000000] avg_r=  0.270 | h2h=135.3500 | br= 0.6310 | avg= 0.4799 | fc=0.520 |   2553 ep/s | 122.5m
[Ep  17550000/50000000] avg_r=  0.281 | h2h=135.3500 | br= 0.6296 | avg= 0.4791 | fc=0.533 |   2482 ep/s | 122.9m
[Ep  17600000/50000000] avg_r=  0.248 | h2h=135.3500 | br= 0.6281 | avg= 0.4784 | fc=0.547 |   2582 ep/s | 123.2m
[Ep  17650000/50000000] avg_r=  0.276 | h2h=135.3500 | br= 0.6291 | avg= 0.4795 | fc=0.545 |   2558 ep/s | 123.5m
[Ep  17700000/50000000] avg_r=  0.250 | h2h=135.3500 | br= 0.6252 | avg= 0.4788 | fc=0.541 |   2584 ep/s | 123.8m
[Ep  17750000/50000000] avg_r=  0.283 | h2h=135.3500 | br= 0.6282 | avg= 0.4719 | fc=0.516 |   2521 ep/s | 124.2m
[Ep  17800000/50000000] avg_r=  0.267 | h2h=135.3500 | br= 0.6286 | avg= 0.4539 | fc=0.527 |   2559 ep/s | 124.5m
[Ep  17850000/50000000] avg_r=  0.279 | h2h=135.3500 | br= 0.6300 | avg= 0.4535 | fc=0.555 |   2574 ep/s | 124.8m
[Ep  17900000/50000000] avg_r=  0.256 | h2h=135.3500 | br= 0.6268 | avg= 0.4531 | fc=0.523 |   2633 ep/s | 125.1m
[Ep  17950000/50000000] avg_r=  0.305 | h2h=135.3500 | br= 0.6287 | avg= 0.4546 | fc=0.494 |   2579 ep/s | 125.4m
[Ep  18000000/50000000] avg_r=  0.252 | h2h=135.3500 | br= 0.6276 | avg= 0.4541 | fc=0.533 |   2586 ep/s | 125.8m
[Ep  18050000/50000000] avg_r=  0.264 | h2h=135.3500 | br= 0.6286 | avg= 0.4526 | fc=0.564 |   2484 ep/s | 126.1m
[Ep  18100000/50000000] avg_r=  0.263 | h2h=135.3500 | br= 0.6321 | avg= 0.4538 | fc=0.484 |   2533 ep/s | 126.4m
[Ep  18150000/50000000] avg_r=  0.260 | h2h=135.3500 | br= 0.6293 | avg= 0.4536 | fc=0.531 |   2512 ep/s | 126.8m
[Ep  18200000/50000000] avg_r=  0.326 | h2h=135.3500 | br= 0.6272 | avg= 0.4528 | fc=0.545 |   2528 ep/s | 127.1m
[Ep  18250000/50000000] avg_r=  0.287 | h2h=135.3500 | br= 0.6286 | avg= 0.4530 | fc=0.537 |   2543 ep/s | 127.4m
[Ep  18300000/50000000] avg_r=  0.297 | h2h=135.3500 | br= 0.6275 | avg= 0.4535 | fc=0.533 |   2532 ep/s | 127.7m
[Ep  18350000/50000000] avg_r=  0.249 | h2h=135.3500 | br= 0.6286 | avg= 0.4532 | fc=0.518 |   2580 ep/s | 128.1m
[Ep  18400000/50000000] avg_r=  0.293 | h2h=135.3500 | br= 0.6302 | avg= 0.4531 | fc=0.527 |   2536 ep/s | 128.4m
[Ep  18450000/50000000] avg_r=  0.237 | h2h=135.3500 | br= 0.6278 | avg= 0.4537 | fc=0.561 |   2488 ep/s | 128.7m
[Ep  18500000/50000000] avg_r=  0.243 | h2h=135.3500 | br= 0.6304 | avg= 0.4561 | fc=0.424 |   2518 ep/s | 129.1m
[Ep  18550000/50000000] avg_r= -0.482 | h2h=135.3500 | br= 0.6286 | avg= 0.4789 | fc=0.443 |   2854 ep/s | 129.4m
[Ep  18600000/50000000] avg_r= -0.521 | h2h=135.3500 | br= 0.5873 | avg= 0.4804 | fc=0.441 |   2921 ep/s | 129.6m
[Ep  18650000/50000000] avg_r= -0.488 | h2h=135.3500 | br= 0.5432 | avg= 0.4815 | fc=0.469 |   2907 ep/s | 129.9m
[Ep  18700000/50000000] avg_r= -0.531 | h2h=135.3500 | br= 0.5098 | avg= 0.4806 | fc=0.498 |   3027 ep/s | 130.2m
[Ep  18750000/50000000] avg_r= -0.495 | h2h=135.3500 | br= 0.5080 | avg= 0.4791 | fc=0.453 |   2787 ep/s | 130.5m
[Ep  18800000/50000000] avg_r= -0.526 | h2h=135.3500 | br= 0.5081 | avg= 0.4816 | fc=0.486 |   2733 ep/s | 130.8m
[Ep  18850000/50000000] avg_r= -0.512 | h2h=135.3500 | br= 0.5079 | avg= 0.4812 | fc=0.461 |   2776 ep/s | 131.1m
[Ep  18900000/50000000] avg_r= -0.492 | h2h=135.3500 | br= 0.5084 | avg= 0.4820 | fc=0.480 |   2775 ep/s | 131.4m
[Ep  18950000/50000000] avg_r= -0.466 | h2h=135.3500 | br= 0.5087 | avg= 0.4828 | fc=0.441 |   2750 ep/s | 131.7m
[Ep  19000000/50000000] avg_r= -0.508 | h2h=135.3500 | br= 0.5085 | avg= 0.4836 | fc=0.412 |   2776 ep/s | 132.0m
[Ep  19050000/50000000] avg_r= -0.506 | h2h=135.3500 | br= 0.5090 | avg= 0.4839 | fc=0.426 |   2846 ep/s | 132.3m
[Ep  19100000/50000000] avg_r= -0.539 | h2h=135.3500 | br= 0.5123 | avg= 0.4848 | fc=0.473 |   2801 ep/s | 132.6m
[Ep  19150000/50000000] avg_r= -0.552 | h2h=135.3500 | br= 0.5080 | avg= 0.4858 | fc=0.477 |   2772 ep/s | 132.9m
[Ep  19200000/50000000] avg_r= -0.486 | h2h=135.3500 | br= 0.5090 | avg= 0.4864 | fc=0.457 |   2833 ep/s | 133.2m
[Ep  19250000/50000000] avg_r= -0.496 | h2h=135.3500 | br= 0.5064 | avg= 0.4884 | fc=0.473 |   2794 ep/s | 133.5m
[Ep  19300000/50000000] avg_r= -0.519 | h2h=135.3500 | br= 0.5070 | avg= 0.4872 | fc=0.486 |   2852 ep/s | 133.8m
[Ep  19350000/50000000] avg_r= -0.508 | h2h=135.3500 | br= 0.5100 | avg= 0.4882 | fc=0.473 |   2765 ep/s | 134.1m
[Ep  19400000/50000000] avg_r= -0.480 | h2h=135.3500 | br= 0.5100 | avg= 0.4886 | fc=0.510 |   2824 ep/s | 134.4m
[Ep  19450000/50000000] avg_r= -0.495 | h2h=135.3500 | br= 0.5089 | avg= 0.4871 | fc=0.490 |   2786 ep/s | 134.7m
[Ep  19500000/50000000] avg_r= -0.518 | h2h=135.3500 | br= 0.5067 | avg= 0.4872 | fc=0.439 |   2773 ep/s | 135.0m
[Ep  19550000/50000000] avg_r= -0.510 | h2h=135.3500 | br= 0.5071 | avg= 0.4905 | fc=0.480 |   2773 ep/s | 135.3m
[Ep  19600000/50000000] avg_r= -0.545 | h2h=135.3500 | br= 0.5074 | avg= 0.4890 | fc=0.502 |   2801 ep/s | 135.6m
[Ep  19650000/50000000] avg_r= -0.514 | h2h=135.3500 | br= 0.5086 | avg= 0.4896 | fc=0.482 |   2703 ep/s | 135.9m
[Ep  19700000/50000000] avg_r= -0.501 | h2h=135.3500 | br= 0.5073 | avg= 0.4919 | fc=0.494 |   2745 ep/s | 136.2m
[Ep  19750000/50000000] avg_r= -0.491 | h2h=135.3500 | br= 0.5090 | avg= 0.4896 | fc=0.459 |   2785 ep/s | 136.5m
[Ep  19800000/50000000] avg_r= -0.511 | h2h=135.3500 | br= 0.5073 | avg= 0.4912 | fc=0.484 |   2784 ep/s | 136.8m
[Ep  19850000/50000000] avg_r= -0.506 | h2h=135.3500 | br= 0.5059 | avg= 0.4920 | fc=0.479 |   2789 ep/s | 137.1m
[Ep  19900000/50000000] avg_r= -0.502 | h2h=135.3500 | br= 0.5080 | avg= 0.4924 | fc=0.506 |   2842 ep/s | 137.4m
[Ep  19950000/50000000] avg_r= -0.543 | h2h=135.3500 | br= 0.5098 | avg= 0.4917 | fc=0.471 |   2830 ep/s | 137.7m
[Ep  20000000/50000000] avg_r= -0.478 | h2h=135.3500 | br= 0.5109 | avg= 0.4913 | fc=0.490 |   2754 ep/s | 138.0m
[H2H] ep=20000000 | avg_reward=77.3000 over 1000 games
  >>> H2H WINRATE @ ep 20000000: 77.3000
  [CHECKPOINT] saved at ep 20000000
[snapshot] ep=20000000 -> /home/anthonyn/cos435/cpp-implementation/snapshots/holdem_64x64_mv_train_std_20/ep20000000
[Ep  20050000/50000000] avg_r= -0.472 | h2h= 77.3000 | br= 0.5078 | avg= 0.4926 | fc=0.449 |    578 ep/s | 139.4m
[Ep  20100000/50000000] avg_r= -0.476 | h2h= 77.3000 | br= 0.5098 | avg= 0.4925 | fc=0.455 |   2704 ep/s | 139.7m
[Ep  20150000/50000000] avg_r= -0.465 | h2h= 77.3000 | br= 0.5101 | avg= 0.4931 | fc=0.498 |   2745 ep/s | 140.0m
[Ep  20200000/50000000] avg_r= -0.504 | h2h= 77.3000 | br= 0.5091 | avg= 0.4951 | fc=0.449 |   2794 ep/s | 140.3m
[Ep  20250000/50000000] avg_r= -0.522 | h2h= 77.3000 | br= 0.5109 | avg= 0.4950 | fc=0.479 |   2782 ep/s | 140.6m
[Ep  20300000/50000000] avg_r= -0.512 | h2h= 77.3000 | br= 0.5098 | avg= 0.4952 | fc=0.467 |   2784 ep/s | 140.9m
[Ep  20350000/50000000] avg_r= -0.501 | h2h= 77.3000 | br= 0.5085 | avg= 0.4935 | fc=0.465 |   2773 ep/s | 141.2m
[Ep  20400000/50000000] avg_r= -0.538 | h2h= 77.3000 | br= 0.5083 | avg= 0.4938 | fc=0.459 |   2789 ep/s | 141.5m
[Ep  20450000/50000000] avg_r= -0.543 | h2h= 77.3000 | br= 0.5082 | avg= 0.4970 | fc=0.473 |   2836 ep/s | 141.8m
[Ep  20500000/50000000] avg_r= -0.492 | h2h= 77.3000 | br= 0.5087 | avg= 0.4970 | fc=0.445 |   2749 ep/s | 142.1m
[Ep  20550000/50000000] avg_r= -0.521 | h2h= 77.3000 | br= 0.5059 | avg= 0.4982 | fc=0.455 |   2833 ep/s | 142.4m
[Ep  20600000/50000000] avg_r= -0.527 | h2h= 77.3000 | br= 0.5051 | avg= 0.4966 | fc=0.459 |   2812 ep/s | 142.7m
[Ep  20650000/50000000] avg_r= -0.521 | h2h= 77.3000 | br= 0.5070 | avg= 0.4971 | fc=0.457 |   2932 ep/s | 143.0m
[Ep  20700000/50000000] avg_r= -0.493 | h2h= 77.3000 | br= 0.5074 | avg= 0.4958 | fc=0.453 |   2923 ep/s | 143.3m
[Ep  20750000/50000000] avg_r= -0.470 | h2h= 77.3000 | br= 0.5088 | avg= 0.4960 | fc=0.471 |   2934 ep/s | 143.6m
[Ep  20800000/50000000] avg_r= -0.480 | h2h= 77.3000 | br= 0.5105 | avg= 0.4963 | fc=0.449 |   2869 ep/s | 143.9m
[Ep  20850000/50000000] avg_r= -0.497 | h2h= 77.3000 | br= 0.5090 | avg= 0.4986 | fc=0.459 |   2769 ep/s | 144.2m
[Ep  20900000/50000000] avg_r= -0.521 | h2h= 77.3000 | br= 0.5089 | avg= 0.4982 | fc=0.455 |   2752 ep/s | 144.5m
[Ep  20950000/50000000] avg_r= -0.520 | h2h= 77.3000 | br= 0.5097 | avg= 0.4968 | fc=0.441 |   2786 ep/s | 144.8m
[Ep  21000000/50000000] avg_r= -0.498 | h2h= 77.3000 | br= 0.5083 | avg= 0.4989 | fc=0.479 |   2698 ep/s | 145.1m
[Ep  21050000/50000000] avg_r= -0.509 | h2h= 77.3000 | br= 0.5116 | avg= 0.5001 | fc=0.506 |   2790 ep/s | 145.4m
[Ep  21100000/50000000] avg_r= -0.483 | h2h= 77.3000 | br= 0.5076 | avg= 0.4993 | fc=0.492 |   2848 ep/s | 145.7m
[Ep  21150000/50000000] avg_r= -0.502 | h2h= 77.3000 | br= 0.5091 | avg= 0.5004 | fc=0.447 |   2843 ep/s | 146.0m
[Ep  21200000/50000000] avg_r= -0.518 | h2h= 77.3000 | br= 0.5088 | avg= 0.4994 | fc=0.453 |   2831 ep/s | 146.3m
[Ep  21250000/50000000] avg_r= -0.496 | h2h= 77.3000 | br= 0.5083 | avg= 0.4999 | fc=0.471 |   2899 ep/s | 146.5m
[Ep  21300000/50000000] avg_r= -0.497 | h2h= 77.3000 | br= 0.5075 | avg= 0.4993 | fc=0.486 |   2889 ep/s | 146.8m
[Ep  21350000/50000000] avg_r= -0.500 | h2h= 77.3000 | br= 0.5109 | avg= 0.5004 | fc=0.459 |   2937 ep/s | 147.1m
[Ep  21400000/50000000] avg_r= -0.460 | h2h= 77.3000 | br= 0.5109 | avg= 0.5000 | fc=0.484 |   2637 ep/s | 147.4m
[Ep  21450000/50000000] avg_r= -0.489 | h2h= 77.3000 | br= 0.5090 | avg= 0.5003 | fc=0.434 |   2730 ep/s | 147.7m
[Ep  21500000/50000000] avg_r= -0.498 | h2h= 77.3000 | br= 0.5072 | avg= 0.5009 | fc=0.484 |   2699 ep/s | 148.0m
[Ep  21550000/50000000] avg_r= -0.492 | h2h= 77.3000 | br= 0.5103 | avg= 0.5008 | fc=0.480 |   2732 ep/s | 148.3m
[Ep  21600000/50000000] avg_r= -0.499 | h2h= 77.3000 | br= 0.5092 | avg= 0.5007 | fc=0.459 |   2728 ep/s | 148.7m
[Ep  21650000/50000000] avg_r= -0.491 | h2h= 77.3000 | br= 0.5087 | avg= 0.4998 | fc=0.465 |   2688 ep/s | 149.0m
[Ep  21700000/50000000] avg_r= -0.534 | h2h= 77.3000 | br= 0.5060 | avg= 0.5011 | fc=0.449 |   2724 ep/s | 149.3m
[Ep  21750000/50000000] avg_r= -0.529 | h2h= 77.3000 | br= 0.5052 | avg= 0.5018 | fc=0.463 |   2761 ep/s | 149.6m
[Ep  21800000/50000000] avg_r= -0.521 | h2h= 77.3000 | br= 0.5065 | avg= 0.5045 | fc=0.465 |   2655 ep/s | 149.9m
[Ep  21850000/50000000] avg_r= -0.546 | h2h= 77.3000 | br= 0.5091 | avg= 0.5032 | fc=0.451 |   2704 ep/s | 150.2m
[Ep  21900000/50000000] avg_r= -0.527 | h2h= 77.3000 | br= 0.5088 | avg= 0.5044 | fc=0.408 |   2799 ep/s | 150.5m
[Ep  21950000/50000000] avg_r= -0.547 | h2h= 77.3000 | br= 0.5069 | avg= 0.5019 | fc=0.453 |   2660 ep/s | 150.8m
[Ep  22000000/50000000] avg_r= -0.509 | h2h= 77.3000 | br= 0.5065 | avg= 0.5032 | fc=0.441 |   2722 ep/s | 151.1m
[Ep  22050000/50000000] avg_r= -0.519 | h2h= 77.3000 | br= 0.5096 | avg= 0.5045 | fc=0.453 |   2701 ep/s | 151.4m
[Ep  22100000/50000000] avg_r= -0.465 | h2h= 77.3000 | br= 0.5064 | avg= 0.5043 | fc=0.494 |   2685 ep/s | 151.7m
[Ep  22150000/50000000] avg_r= -0.494 | h2h= 77.3000 | br= 0.5085 | avg= 0.5034 | fc=0.422 |   2737 ep/s | 152.0m
[Ep  22200000/50000000] avg_r= -0.495 | h2h= 77.3000 | br= 0.5086 | avg= 0.5029 | fc=0.453 |   2812 ep/s | 152.3m
[Ep  22250000/50000000] avg_r= -0.530 | h2h= 77.3000 | br= 0.5097 | avg= 0.5039 | fc=0.432 |   2730 ep/s | 152.6m
[Ep  22300000/50000000] avg_r= -0.504 | h2h= 77.3000 | br= 0.5102 | avg= 0.5042 | fc=0.465 |   2675 ep/s | 152.9m
[Ep  22350000/50000000] avg_r= -0.483 | h2h= 77.3000 | br= 0.5100 | avg= 0.5045 | fc=0.479 |   2754 ep/s | 153.3m
[Ep  22400000/50000000] avg_r= -0.512 | h2h= 77.3000 | br= 0.5098 | avg= 0.5052 | fc=0.463 |   2692 ep/s | 153.6m
[Ep  22450000/50000000] avg_r= -0.495 | h2h= 77.3000 | br= 0.5069 | avg= 0.5042 | fc=0.461 |   2709 ep/s | 153.9m
[Ep  22500000/50000000] avg_r= -0.530 | h2h= 77.3000 | br= 0.5076 | avg= 0.5053 | fc=0.469 |   2665 ep/s | 154.2m
[Ep  22550000/50000000] avg_r= -0.548 | h2h= 77.3000 | br= 0.5072 | avg= 0.5048 | fc=0.447 |   2725 ep/s | 154.5m
[Ep  22600000/50000000] avg_r= -0.518 | h2h= 77.3000 | br= 0.5078 | avg= 0.5057 | fc=0.436 |   2669 ep/s | 154.8m
[Ep  22650000/50000000] avg_r= -0.506 | h2h= 77.3000 | br= 0.5061 | avg= 0.5058 | fc=0.494 |   2724 ep/s | 155.1m
[Ep  22700000/50000000] avg_r= -0.499 | h2h= 77.3000 | br= 0.5087 | avg= 0.5039 | fc=0.451 |   2766 ep/s | 155.4m
[Ep  22750000/50000000] avg_r= -0.519 | h2h= 77.3000 | br= 0.5071 | avg= 0.5068 | fc=0.445 |   2713 ep/s | 155.7m
[Ep  22800000/50000000] avg_r= -0.501 | h2h= 77.3000 | br= 0.5066 | avg= 0.5049 | fc=0.461 |   2673 ep/s | 156.0m
[Ep  22850000/50000000] avg_r= -0.498 | h2h= 77.3000 | br= 0.5087 | avg= 0.5021 | fc=0.453 |   2692 ep/s | 156.3m
[Ep  22900000/50000000] avg_r= -0.534 | h2h= 77.3000 | br= 0.5091 | avg= 0.4907 | fc=0.428 |   2706 ep/s | 156.6m
[Ep  22950000/50000000] avg_r= -0.500 | h2h= 77.3000 | br= 0.5079 | avg= 0.4921 | fc=0.471 |   2792 ep/s | 156.9m
[Ep  23000000/50000000] avg_r= -0.480 | h2h= 77.3000 | br= 0.5064 | avg= 0.4934 | fc=0.471 |   2725 ep/s | 157.2m
[Ep  23050000/50000000] avg_r= -0.506 | h2h= 77.3000 | br= 0.5083 | avg= 0.4939 | fc=0.482 |   2693 ep/s | 157.6m
[Ep  23100000/50000000] avg_r= -0.533 | h2h= 77.3000 | br= 0.5077 | avg= 0.4918 | fc=0.436 |   2647 ep/s | 157.9m
[Ep  23150000/50000000] avg_r= -0.538 | h2h= 77.3000 | br= 0.5077 | avg= 0.4939 | fc=0.475 |   2807 ep/s | 158.2m
[Ep  23200000/50000000] avg_r= -0.518 | h2h= 77.3000 | br= 0.5065 | avg= 0.4930 | fc=0.502 |   2760 ep/s | 158.5m
[Ep  23250000/50000000] avg_r= -0.513 | h2h= 77.3000 | br= 0.5074 | avg= 0.4945 | fc=0.508 |   2696 ep/s | 158.8m
[Ep  23300000/50000000] avg_r= -0.489 | h2h= 77.3000 | br= 0.5073 | avg= 0.4927 | fc=0.461 |   2766 ep/s | 159.1m
[Ep  23350000/50000000] avg_r= -0.467 | h2h= 77.3000 | br= 0.5105 | avg= 0.4940 | fc=0.516 |   2749 ep/s | 159.4m
[Ep  23400000/50000000] avg_r= -0.506 | h2h= 77.3000 | br= 0.5088 | avg= 0.4949 | fc=0.477 |   2797 ep/s | 159.7m
[Ep  23450000/50000000] avg_r= -0.496 | h2h= 77.3000 | br= 0.5087 | avg= 0.4949 | fc=0.488 |   2779 ep/s | 160.0m
[Ep  23500000/50000000] avg_r= -0.518 | h2h= 77.3000 | br= 0.5092 | avg= 0.4946 | fc=0.418 |   2795 ep/s | 160.3m
[Ep  23550000/50000000] avg_r= -0.450 | h2h= 77.3000 | br= 0.5074 | avg= 0.4940 | fc=0.471 |   2834 ep/s | 160.6m
[Ep  23600000/50000000] avg_r= -0.498 | h2h= 77.3000 | br= 0.5095 | avg= 0.4936 | fc=0.473 |   2740 ep/s | 160.9m
[Ep  23650000/50000000] avg_r= -0.489 | h2h= 77.3000 | br= 0.5093 | avg= 0.4951 | fc=0.455 |   2783 ep/s | 161.2m
[Ep  23700000/50000000] avg_r= -0.535 | h2h= 77.3000 | br= 0.5093 | avg= 0.4956 | fc=0.465 |   2875 ep/s | 161.5m
[Ep  23750000/50000000] avg_r= -0.531 | h2h= 77.3000 | br= 0.5076 | avg= 0.4946 | fc=0.469 |   2750 ep/s | 161.8m
[Ep  23800000/50000000] avg_r=  0.001 | h2h= 77.3000 | br= 0.4987 | avg= 0.5064 | fc=0.504 |   2911 ep/s | 162.1m
[Ep  23850000/50000000] avg_r=  0.099 | h2h= 77.3000 | br= 0.4740 | avg= 0.5090 | fc=0.475 |   3020 ep/s | 162.3m
[Ep  23900000/50000000] avg_r=  0.096 | h2h= 77.3000 | br= 0.4561 | avg= 0.5095 | fc=0.510 |   2982 ep/s | 162.6m
[Ep  23950000/50000000] avg_r=  0.099 | h2h= 77.3000 | br= 0.4352 | avg= 0.5104 | fc=0.467 |   2999 ep/s | 162.9m
[Ep  24000000/50000000] avg_r=  0.088 | h2h= 77.3000 | br= 0.4234 | avg= 0.5099 | fc=0.410 |   3074 ep/s | 163.2m
[Ep  24050000/50000000] avg_r=  0.079 | h2h= 77.3000 | br= 0.4196 | avg= 0.5109 | fc=0.477 |   2922 ep/s | 163.4m
[Ep  24100000/50000000] avg_r=  0.087 | h2h= 77.3000 | br= 0.4190 | avg= 0.5112 | fc=0.486 |   2955 ep/s | 163.7m
[Ep  24150000/50000000] avg_r=  0.039 | h2h= 77.3000 | br= 0.4196 | avg= 0.5128 | fc=0.500 |   3014 ep/s | 164.0m
[Ep  24200000/50000000] avg_r=  0.062 | h2h= 77.3000 | br= 0.4200 | avg= 0.5149 | fc=0.467 |   2987 ep/s | 164.3m
[Ep  24250000/50000000] avg_r=  0.053 | h2h= 77.3000 | br= 0.4205 | avg= 0.5141 | fc=0.492 |   3022 ep/s | 164.6m
[Ep  24300000/50000000] avg_r=  0.088 | h2h= 77.3000 | br= 0.4190 | avg= 0.5142 | fc=0.494 |   2977 ep/s | 164.8m
[Ep  24350000/50000000] avg_r=  0.071 | h2h= 77.3000 | br= 0.4199 | avg= 0.5144 | fc=0.451 |   2982 ep/s | 165.1m
[Ep  24400000/50000000] avg_r=  0.081 | h2h= 77.3000 | br= 0.4188 | avg= 0.5166 | fc=0.469 |   3008 ep/s | 165.4m
[Ep  24450000/50000000] avg_r=  0.085 | h2h= 77.3000 | br= 0.4171 | avg= 0.5142 | fc=0.480 |   3041 ep/s | 165.7m
[Ep  24500000/50000000] avg_r=  0.094 | h2h= 77.3000 | br= 0.4194 | avg= 0.5165 | fc=0.479 |   2967 ep/s | 165.9m
[Ep  24550000/50000000] avg_r=  0.104 | h2h= 77.3000 | br= 0.4195 | avg= 0.5159 | fc=0.494 |   2953 ep/s | 166.2m
[Ep  24600000/50000000] avg_r=  0.084 | h2h= 77.3000 | br= 0.4198 | avg= 0.5166 | fc=0.451 |   3004 ep/s | 166.5m
[Ep  24650000/50000000] avg_r=  0.122 | h2h= 77.3000 | br= 0.4194 | avg= 0.5179 | fc=0.465 |   3110 ep/s | 166.8m
[Ep  24700000/50000000] avg_r=  0.094 | h2h= 77.3000 | br= 0.4187 | avg= 0.5191 | fc=0.451 |   2990 ep/s | 167.1m
[Ep  24750000/50000000] avg_r=  0.074 | h2h= 77.3000 | br= 0.4211 | avg= 0.5176 | fc=0.492 |   2986 ep/s | 167.3m
[Ep  24800000/50000000] avg_r=  0.077 | h2h= 77.3000 | br= 0.4200 | avg= 0.5198 | fc=0.471 |   3045 ep/s | 167.6m
[Ep  24850000/50000000] avg_r=  0.103 | h2h= 77.3000 | br= 0.4195 | avg= 0.5192 | fc=0.471 |   2895 ep/s | 167.9m
[Ep  24900000/50000000] avg_r=  0.061 | h2h= 77.3000 | br= 0.4199 | avg= 0.5212 | fc=0.465 |   3056 ep/s | 168.2m
[Ep  24950000/50000000] avg_r=  0.077 | h2h= 77.3000 | br= 0.4208 | avg= 0.5194 | fc=0.463 |   2969 ep/s | 168.4m
[Ep  25000000/50000000] avg_r=  0.106 | h2h= 77.3000 | br= 0.4184 | avg= 0.5212 | fc=0.459 |   2922 ep/s | 168.7m
[Ep  25050000/50000000] avg_r=  0.080 | h2h= 77.3000 | br= 0.4173 | avg= 0.5220 | fc=0.471 |   2984 ep/s | 169.0m
[Ep  25100000/50000000] avg_r=  0.065 | h2h= 77.3000 | br= 0.4165 | avg= 0.5218 | fc=0.459 |   2941 ep/s | 169.3m
[Ep  25150000/50000000] avg_r=  0.104 | h2h= 77.3000 | br= 0.4185 | avg= 0.5228 | fc=0.475 |   2950 ep/s | 169.6m
[Ep  25200000/50000000] avg_r=  0.075 | h2h= 77.3000 | br= 0.4181 | avg= 0.5212 | fc=0.465 |   2962 ep/s | 169.9m
[Ep  25250000/50000000] avg_r=  0.086 | h2h= 77.3000 | br= 0.4188 | avg= 0.5234 | fc=0.457 |   2884 ep/s | 170.1m
[Ep  25300000/50000000] avg_r=  0.101 | h2h= 77.3000 | br= 0.4201 | avg= 0.5219 | fc=0.463 |   2969 ep/s | 170.4m
[Ep  25350000/50000000] avg_r=  0.095 | h2h= 77.3000 | br= 0.4202 | avg= 0.5222 | fc=0.424 |   2961 ep/s | 170.7m
[Ep  25400000/50000000] avg_r=  0.080 | h2h= 77.3000 | br= 0.4195 | avg= 0.5231 | fc=0.457 |   2971 ep/s | 171.0m
[Ep  25450000/50000000] avg_r=  0.078 | h2h= 77.3000 | br= 0.4195 | avg= 0.5221 | fc=0.414 |   2931 ep/s | 171.3m
[Ep  25500000/50000000] avg_r=  0.061 | h2h= 77.3000 | br= 0.4195 | avg= 0.5234 | fc=0.465 |   2969 ep/s | 171.6m
[Ep  25550000/50000000] avg_r=  0.087 | h2h= 77.3000 | br= 0.4192 | avg= 0.5231 | fc=0.422 |   2937 ep/s | 171.8m
[Ep  25600000/50000000] avg_r=  0.117 | h2h= 77.3000 | br= 0.4189 | avg= 0.5239 | fc=0.463 |   2963 ep/s | 172.1m
[Ep  25650000/50000000] avg_r=  0.088 | h2h= 77.3000 | br= 0.4185 | avg= 0.5247 | fc=0.445 |   2952 ep/s | 172.4m
[Ep  25700000/50000000] avg_r=  0.123 | h2h= 77.3000 | br= 0.4169 | avg= 0.5244 | fc=0.457 |   2938 ep/s | 172.7m
[Ep  25750000/50000000] avg_r=  0.115 | h2h= 77.3000 | br= 0.4182 | avg= 0.5259 | fc=0.479 |   2958 ep/s | 173.0m
[Ep  25800000/50000000] avg_r=  0.074 | h2h= 77.3000 | br= 0.4193 | avg= 0.5233 | fc=0.479 |   2980 ep/s | 173.2m
[Ep  25850000/50000000] avg_r=  0.106 | h2h= 77.3000 | br= 0.4195 | avg= 0.5251 | fc=0.463 |   2992 ep/s | 173.5m
[Ep  25900000/50000000] avg_r=  0.076 | h2h= 77.3000 | br= 0.4203 | avg= 0.5251 | fc=0.465 |   2912 ep/s | 173.8m
[Ep  25950000/50000000] avg_r=  0.085 | h2h= 77.3000 | br= 0.4196 | avg= 0.5243 | fc=0.498 |   2953 ep/s | 174.1m
[Ep  26000000/50000000] avg_r=  0.077 | h2h= 77.3000 | br= 0.4190 | avg= 0.5263 | fc=0.457 |   3021 ep/s | 174.4m
[Ep  26050000/50000000] avg_r=  0.092 | h2h= 77.3000 | br= 0.4208 | avg= 0.5256 | fc=0.486 |   2990 ep/s | 174.7m
[Ep  26100000/50000000] avg_r=  0.085 | h2h= 77.3000 | br= 0.4188 | avg= 0.5274 | fc=0.457 |   3054 ep/s | 174.9m
[Ep  26150000/50000000] avg_r=  0.080 | h2h= 77.3000 | br= 0.4189 | avg= 0.5255 | fc=0.475 |   2927 ep/s | 175.2m
[Ep  26200000/50000000] avg_r=  0.103 | h2h= 77.3000 | br= 0.4180 | avg= 0.5286 | fc=0.496 |   3017 ep/s | 175.5m
[Ep  26250000/50000000] avg_r=  0.109 | h2h= 77.3000 | br= 0.4197 | avg= 0.5283 | fc=0.469 |   2920 ep/s | 175.8m
[Ep  26300000/50000000] avg_r=  0.088 | h2h= 77.3000 | br= 0.4203 | avg= 0.5292 | fc=0.477 |   3023 ep/s | 176.0m
[Ep  26350000/50000000] avg_r=  0.064 | h2h= 77.3000 | br= 0.4197 | avg= 0.5280 | fc=0.455 |   2951 ep/s | 176.3m
[Ep  26400000/50000000] avg_r=  0.089 | h2h= 77.3000 | br= 0.4191 | avg= 0.5288 | fc=0.482 |   2930 ep/s | 176.6m
[Ep  26450000/50000000] avg_r=  0.116 | h2h= 77.3000 | br= 0.4171 | avg= 0.5303 | fc=0.457 |   2984 ep/s | 176.9m
[Ep  26500000/50000000] avg_r=  0.107 | h2h= 77.3000 | br= 0.4196 | avg= 0.5288 | fc=0.455 |   2959 ep/s | 177.2m
[Ep  26550000/50000000] avg_r=  0.056 | h2h= 77.3000 | br= 0.4186 | avg= 0.5304 | fc=0.461 |   2992 ep/s | 177.5m
[Ep  26600000/50000000] avg_r=  0.093 | h2h= 77.3000 | br= 0.4182 | avg= 0.5306 | fc=0.488 |   3005 ep/s | 177.7m
[Ep  26650000/50000000] avg_r=  0.065 | h2h= 77.3000 | br= 0.4197 | avg= 0.5320 | fc=0.441 |   2986 ep/s | 178.0m
[Ep  26700000/50000000] avg_r=  0.075 | h2h= 77.3000 | br= 0.4210 | avg= 0.5318 | fc=0.477 |   3001 ep/s | 178.3m
[Ep  26750000/50000000] avg_r=  0.081 | h2h= 77.3000 | br= 0.4186 | avg= 0.5302 | fc=0.465 |   2946 ep/s | 178.6m
[Ep  26800000/50000000] avg_r=  0.095 | h2h= 77.3000 | br= 0.4188 | avg= 0.5294 | fc=0.496 |   2915 ep/s | 178.9m
[Ep  26850000/50000000] avg_r=  0.081 | h2h= 77.3000 | br= 0.4175 | avg= 0.5307 | fc=0.490 |   2931 ep/s | 179.1m
[Ep  26900000/50000000] avg_r=  0.110 | h2h= 77.3000 | br= 0.4203 | avg= 0.5303 | fc=0.480 |   2987 ep/s | 179.4m
[Ep  26950000/50000000] avg_r=  0.096 | h2h= 77.3000 | br= 0.4182 | avg= 0.5319 | fc=0.518 |   2998 ep/s | 179.7m
[Ep  27000000/50000000] avg_r=  0.073 | h2h= 77.3000 | br= 0.4178 | avg= 0.5321 | fc=0.451 |   3012 ep/s | 180.0m
[Ep  27050000/50000000] avg_r=  0.076 | h2h= 77.3000 | br= 0.4164 | avg= 0.5325 | fc=0.432 |   3003 ep/s | 180.3m
[Ep  27100000/50000000] avg_r=  0.101 | h2h= 77.3000 | br= 0.4190 | avg= 0.5312 | fc=0.490 |   2989 ep/s | 180.5m
[Ep  27150000/50000000] avg_r=  0.119 | h2h= 77.3000 | br= 0.4166 | avg= 0.5341 | fc=0.465 |   2971 ep/s | 180.8m
[Ep  27200000/50000000] avg_r=  0.085 | h2h= 77.3000 | br= 0.4167 | avg= 0.5326 | fc=0.463 |   2936 ep/s | 181.1m
[Ep  27250000/50000000] avg_r=  0.081 | h2h= 77.3000 | br= 0.4181 | avg= 0.5351 | fc=0.441 |   2961 ep/s | 181.4m
[Ep  27300000/50000000] avg_r=  0.102 | h2h= 77.3000 | br= 0.4191 | avg= 0.5335 | fc=0.477 |   2950 ep/s | 181.7m
[Ep  27350000/50000000] avg_r=  0.085 | h2h= 77.3000 | br= 0.4209 | avg= 0.5335 | fc=0.473 |   2916 ep/s | 181.9m
[Ep  27400000/50000000] avg_r=  0.101 | h2h= 77.3000 | br= 0.4189 | avg= 0.5333 | fc=0.453 |   2954 ep/s | 182.2m
[Ep  27450000/50000000] avg_r=  0.086 | h2h= 77.3000 | br= 0.4207 | avg= 0.5322 | fc=0.479 |   2991 ep/s | 182.5m
[Ep  27500000/50000000] avg_r=  0.108 | h2h= 77.3000 | br= 0.4193 | avg= 0.5343 | fc=0.500 |   2956 ep/s | 182.8m
[Ep  27550000/50000000] avg_r=  0.099 | h2h= 77.3000 | br= 0.4184 | avg= 0.5345 | fc=0.473 |   2960 ep/s | 183.1m
[Ep  27600000/50000000] avg_r=  0.100 | h2h= 77.3000 | br= 0.4206 | avg= 0.5340 | fc=0.500 |   2930 ep/s | 183.4m
[Ep  27650000/50000000] avg_r=  0.088 | h2h= 77.3000 | br= 0.4192 | avg= 0.5341 | fc=0.477 |   2981 ep/s | 183.6m
[Ep  27700000/50000000] avg_r=  0.072 | h2h= 77.3000 | br= 0.4189 | avg= 0.5322 | fc=0.410 |   3012 ep/s | 183.9m
[Ep  27750000/50000000] avg_r=  0.101 | h2h= 77.3000 | br= 0.4189 | avg= 0.5336 | fc=0.480 |   2972 ep/s | 184.2m
[Ep  27800000/50000000] avg_r=  0.101 | h2h= 77.3000 | br= 0.4175 | avg= 0.5345 | fc=0.469 |   2937 ep/s | 184.5m
[Ep  27850000/50000000] avg_r=  0.072 | h2h= 77.3000 | br= 0.4204 | avg= 0.5362 | fc=0.482 |   2991 ep/s | 184.8m
[Ep  27900000/50000000] avg_r=  0.072 | h2h= 77.3000 | br= 0.4195 | avg= 0.5366 | fc=0.436 |   2966 ep/s | 185.0m
[Ep  27950000/50000000] avg_r=  0.083 | h2h= 77.3000 | br= 0.4193 | avg= 0.5371 | fc=0.477 |   3011 ep/s | 185.3m
[Ep  28000000/50000000] avg_r=  0.066 | h2h= 77.3000 | br= 0.4208 | avg= 0.5359 | fc=0.459 |   2983 ep/s | 185.6m
[Ep  28050000/50000000] avg_r=  0.074 | h2h= 77.3000 | br= 0.4202 | avg= 0.5360 | fc=0.467 |   3032 ep/s | 185.9m
[Ep  28100000/50000000] avg_r=  0.074 | h2h= 77.3000 | br= 0.4196 | avg= 0.5357 | fc=0.455 |   3121 ep/s | 186.1m
[Ep  28150000/50000000] avg_r=  0.076 | h2h= 77.3000 | br= 0.4168 | avg= 0.5371 | fc=0.479 |   3059 ep/s | 186.4m
[Ep  28200000/50000000] avg_r=  0.074 | h2h= 77.3000 | br= 0.4185 | avg= 0.5356 | fc=0.418 |   2984 ep/s | 186.7m
[Ep  28250000/50000000] avg_r=  0.079 | h2h= 77.3000 | br= 0.4184 | avg= 0.5354 | fc=0.432 |   3012 ep/s | 187.0m
[Ep  28300000/50000000] avg_r=  0.080 | h2h= 77.3000 | br= 0.4191 | avg= 0.5362 | fc=0.459 |   2982 ep/s | 187.2m
[Ep  28350000/50000000] avg_r=  0.089 | h2h= 77.3000 | br= 0.4197 | avg= 0.5382 | fc=0.467 |   2926 ep/s | 187.5m
[Ep  28400000/50000000] avg_r=  0.106 | h2h= 77.3000 | br= 0.4176 | avg= 0.5386 | fc=0.471 |   2991 ep/s | 187.8m
[Ep  28450000/50000000] avg_r=  0.097 | h2h= 77.3000 | br= 0.4187 | avg= 0.5376 | fc=0.516 |   2956 ep/s | 188.1m
[Ep  28500000/50000000] avg_r=  0.074 | h2h= 77.3000 | br= 0.4183 | avg= 0.5387 | fc=0.422 |   3058 ep/s | 188.4m
[Ep  28550000/50000000] avg_r=  0.093 | h2h= 77.3000 | br= 0.4176 | avg= 0.5373 | fc=0.430 |   3009 ep/s | 188.6m
[Ep  28600000/50000000] avg_r=  0.096 | h2h= 77.3000 | br= 0.4211 | avg= 0.5385 | fc=0.494 |   2928 ep/s | 188.9m
[Ep  28650000/50000000] avg_r=  0.062 | h2h= 77.3000 | br= 0.4179 | avg= 0.5386 | fc=0.457 |   2953 ep/s | 189.2m
[Ep  28700000/50000000] avg_r=  0.085 | h2h= 77.3000 | br= 0.4180 | avg= 0.5392 | fc=0.445 |   2984 ep/s | 189.5m
[Ep  28750000/50000000] avg_r=  0.103 | h2h= 77.3000 | br= 0.4181 | avg= 0.5386 | fc=0.467 |   2944 ep/s | 189.8m
[Ep  28800000/50000000] avg_r=  0.093 | h2h= 77.3000 | br= 0.4206 | avg= 0.5391 | fc=0.482 |   3052 ep/s | 190.0m
[Ep  28850000/50000000] avg_r=  0.064 | h2h= 77.3000 | br= 0.4180 | avg= 0.5387 | fc=0.441 |   3016 ep/s | 190.3m
[Ep  28900000/50000000] avg_r=  0.068 | h2h= 77.3000 | br= 0.4167 | avg= 0.5389 | fc=0.465 |   3010 ep/s | 190.6m
[Ep  28950000/50000000] avg_r=  0.104 | h2h= 77.3000 | br= 0.4167 | avg= 0.5392 | fc=0.424 |   2979 ep/s | 190.9m
[Ep  29000000/50000000] avg_r=  0.057 | h2h= 77.3000 | br= 0.4196 | avg= 0.5400 | fc=0.471 |   2994 ep/s | 191.1m
[Ep  29050000/50000000] avg_r=  0.090 | h2h= 77.3000 | br= 0.4156 | avg= 0.5400 | fc=0.441 |   2987 ep/s | 191.4m
[Ep  29100000/50000000] avg_r=  0.101 | h2h= 77.3000 | br= 0.4191 | avg= 0.5403 | fc=0.479 |   2937 ep/s | 191.7m
[Ep  29150000/50000000] avg_r=  0.100 | h2h= 77.3000 | br= 0.4178 | avg= 0.5388 | fc=0.457 |   3012 ep/s | 192.0m
[Ep  29200000/50000000] avg_r=  0.104 | h2h= 77.3000 | br= 0.4189 | avg= 0.5412 | fc=0.453 |   2948 ep/s | 192.3m
[Ep  29250000/50000000] avg_r=  0.070 | h2h= 77.3000 | br= 0.4171 | avg= 0.5401 | fc=0.443 |   2924 ep/s | 192.6m
[Ep  29300000/50000000] avg_r=  0.080 | h2h= 77.3000 | br= 0.4189 | avg= 0.5388 | fc=0.475 |   2969 ep/s | 192.8m
[Ep  29350000/50000000] avg_r=  0.062 | h2h= 77.3000 | br= 0.4169 | avg= 0.5407 | fc=0.447 |   3009 ep/s | 193.1m
[Ep  29400000/50000000] avg_r=  0.085 | h2h= 77.3000 | br= 0.4180 | avg= 0.5395 | fc=0.469 |   2957 ep/s | 193.4m
[Ep  29450000/50000000] avg_r=  0.076 | h2h= 77.3000 | br= 0.4171 | avg= 0.5397 | fc=0.453 |   3026 ep/s | 193.7m
[Ep  29500000/50000000] avg_r=  0.105 | h2h= 77.3000 | br= 0.4165 | avg= 0.5409 | fc=0.504 |   2969 ep/s | 193.9m
[Ep  29550000/50000000] avg_r=  0.099 | h2h= 77.3000 | br= 0.4170 | avg= 0.5417 | fc=0.475 |   2950 ep/s | 194.2m
[Ep  29600000/50000000] avg_r=  0.064 | h2h= 77.3000 | br= 0.4174 | avg= 0.5422 | fc=0.457 |   3025 ep/s | 194.5m
[Ep  29650000/50000000] avg_r=  0.119 | h2h= 77.3000 | br= 0.4173 | avg= 0.5417 | fc=0.461 |   3031 ep/s | 194.8m
[Ep  29700000/50000000] avg_r=  0.081 | h2h= 77.3000 | br= 0.4207 | avg= 0.5416 | fc=0.451 |   3004 ep/s | 195.1m
[Ep  29750000/50000000] avg_r=  0.094 | h2h= 77.3000 | br= 0.4181 | avg= 0.5419 | fc=0.430 |   2995 ep/s | 195.3m
[Ep  29800000/50000000] avg_r=  0.096 | h2h= 77.3000 | br= 0.4178 | avg= 0.5426 | fc=0.457 |   2926 ep/s | 195.6m
[Ep  29850000/50000000] avg_r=  0.076 | h2h= 77.3000 | br= 0.4166 | avg= 0.5433 | fc=0.496 |   2930 ep/s | 195.9m
[Ep  29900000/50000000] avg_r=  0.091 | h2h= 77.3000 | br= 0.4179 | avg= 0.5398 | fc=0.500 |   2968 ep/s | 196.2m
[Ep  29950000/50000000] avg_r=  0.070 | h2h= 77.3000 | br= 0.4181 | avg= 0.5430 | fc=0.479 |   2968 ep/s | 196.5m
[Ep  30000000/50000000] avg_r=  0.081 | h2h= 77.3000 | br= 0.4194 | avg= 0.5422 | fc=0.451 |   2997 ep/s | 196.7m
[H2H] ep=30000000 | avg_reward=37.6000 over 1000 games
  >>> H2H WINRATE @ ep 30000000: 37.6000
  [CHECKPOINT] saved at ep 30000000
[snapshot] ep=30000000 -> /home/anthonyn/cos435/cpp-implementation/snapshots/holdem_64x64_mv_train_std_20/ep30000000
[Ep  30050000/50000000] avg_r=  0.108 | h2h= 37.6000 | br= 0.4176 | avg= 0.5436 | fc=0.465 |    504 ep/s | 198.4m
[Ep  30100000/50000000] avg_r=  0.064 | h2h= 37.6000 | br= 0.4205 | avg= 0.5437 | fc=0.475 |   2975 ep/s | 198.7m
[Ep  30150000/50000000] avg_r=  0.078 | h2h= 37.6000 | br= 0.4194 | avg= 0.5428 | fc=0.492 |   3031 ep/s | 199.0m
[Ep  30200000/50000000] avg_r=  0.118 | h2h= 37.6000 | br= 0.4201 | avg= 0.5430 | fc=0.439 |   2951 ep/s | 199.2m
[Ep  30250000/50000000] avg_r=  0.113 | h2h= 37.6000 | br= 0.4188 | avg= 0.5448 | fc=0.441 |   2999 ep/s | 199.5m
[Ep  30300000/50000000] avg_r=  0.094 | h2h= 37.6000 | br= 0.4213 | avg= 0.5418 | fc=0.492 |   2990 ep/s | 199.8m
[Ep  30350000/50000000] avg_r=  0.088 | h2h= 37.6000 | br= 0.4215 | avg= 0.5424 | fc=0.451 |   2991 ep/s | 200.1m
[Ep  30400000/50000000] avg_r=  0.091 | h2h= 37.6000 | br= 0.4213 | avg= 0.5418 | fc=0.473 |   3018 ep/s | 200.3m
[Ep  30450000/50000000] avg_r=  0.128 | h2h= 37.6000 | br= 0.4211 | avg= 0.5435 | fc=0.424 |   3054 ep/s | 200.6m
[Ep  30500000/50000000] avg_r=  0.094 | h2h= 37.6000 | br= 0.4206 | avg= 0.5432 | fc=0.506 |   3001 ep/s | 200.9m
[Ep  30550000/50000000] avg_r=  0.114 | h2h= 37.6000 | br= 0.4200 | avg= 0.5446 | fc=0.418 |   2926 ep/s | 201.2m
[Ep  30600000/50000000] avg_r=  0.093 | h2h= 37.6000 | br= 0.4213 | avg= 0.5440 | fc=0.453 |   3026 ep/s | 201.5m
[Ep  30650000/50000000] avg_r=  0.052 | h2h= 37.6000 | br= 0.4207 | avg= 0.5418 | fc=0.484 |   2998 ep/s | 201.7m
[Ep  30700000/50000000] avg_r=  0.082 | h2h= 37.6000 | br= 0.4201 | avg= 0.5441 | fc=0.469 |   2992 ep/s | 202.0m
[Ep  30750000/50000000] avg_r=  0.073 | h2h= 37.6000 | br= 0.4212 | avg= 0.5452 | fc=0.477 |   2999 ep/s | 202.3m
[Ep  30800000/50000000] avg_r=  0.106 | h2h= 37.6000 | br= 0.4180 | avg= 0.5439 | fc=0.461 |   2910 ep/s | 202.6m
[Ep  30850000/50000000] avg_r=  0.088 | h2h= 37.6000 | br= 0.4197 | avg= 0.5458 | fc=0.457 |   2996 ep/s | 202.9m
[Ep  30900000/50000000] avg_r=  0.089 | h2h= 37.6000 | br= 0.4183 | avg= 0.5433 | fc=0.488 |   2989 ep/s | 203.1m
[Ep  30950000/50000000] avg_r=  0.088 | h2h= 37.6000 | br= 0.4170 | avg= 0.5457 | fc=0.465 |   2953 ep/s | 203.4m
[Ep  31000000/50000000] avg_r=  0.083 | h2h= 37.6000 | br= 0.4208 | avg= 0.5446 | fc=0.467 |   2988 ep/s | 203.7m
[Ep  31050000/50000000] avg_r=  0.072 | h2h= 37.6000 | br= 0.4156 | avg= 0.5449 | fc=0.455 |   3045 ep/s | 204.0m
[Ep  31100000/50000000] avg_r=  0.097 | h2h= 37.6000 | br= 0.4177 | avg= 0.5476 | fc=0.459 |   2938 ep/s | 204.3m
[Ep  31150000/50000000] avg_r=  0.075 | h2h= 37.6000 | br= 0.4170 | avg= 0.5456 | fc=0.459 |   2979 ep/s | 204.5m
[Ep  31200000/50000000] avg_r=  0.102 | h2h= 37.6000 | br= 0.4185 | avg= 0.5438 | fc=0.484 |   2910 ep/s | 204.8m
[Ep  31250000/50000000] avg_r=  0.108 | h2h= 37.6000 | br= 0.4186 | avg= 0.5430 | fc=0.469 |   2929 ep/s | 205.1m
[Ep  31300000/50000000] avg_r=  0.042 | h2h= 37.6000 | br= 0.4190 | avg= 0.5442 | fc=0.457 |   2989 ep/s | 205.4m
[Ep  31350000/50000000] avg_r=  0.075 | h2h= 37.6000 | br= 0.4162 | avg= 0.5476 | fc=0.434 |   2984 ep/s | 205.7m
[Ep  31400000/50000000] avg_r=  0.098 | h2h= 37.6000 | br= 0.4194 | avg= 0.5444 | fc=0.453 |   3011 ep/s | 205.9m
[Ep  31450000/50000000] avg_r=  0.089 | h2h= 37.6000 | br= 0.4177 | avg= 0.5446 | fc=0.471 |   3007 ep/s | 206.2m
[Ep  31500000/50000000] avg_r=  0.088 | h2h= 37.6000 | br= 0.4161 | avg= 0.5439 | fc=0.463 |   2971 ep/s | 206.5m
[Ep  31550000/50000000] avg_r=  0.095 | h2h= 37.6000 | br= 0.4170 | avg= 0.5446 | fc=0.484 |   3043 ep/s | 206.8m
[Ep  31600000/50000000] avg_r=  0.092 | h2h= 37.6000 | br= 0.4167 | avg= 0.5455 | fc=0.480 |   3029 ep/s | 207.0m
[Ep  31650000/50000000] avg_r=  0.074 | h2h= 37.6000 | br= 0.4179 | avg= 0.5448 | fc=0.471 |   3041 ep/s | 207.3m
[Ep  31700000/50000000] avg_r=  0.077 | h2h= 37.6000 | br= 0.4173 | avg= 0.5453 | fc=0.422 |   3007 ep/s | 207.6m
[Ep  31750000/50000000] avg_r=  0.095 | h2h= 37.6000 | br= 0.4185 | avg= 0.5448 | fc=0.449 |   3119 ep/s | 207.9m
[Ep  31800000/50000000] avg_r=  0.093 | h2h= 37.6000 | br= 0.4190 | avg= 0.5451 | fc=0.445 |   3143 ep/s | 208.1m
[Ep  31850000/50000000] avg_r=  0.066 | h2h= 37.6000 | br= 0.4178 | avg= 0.5454 | fc=0.451 |   3111 ep/s | 208.4m
[Ep  31900000/50000000] avg_r=  0.101 | h2h= 37.6000 | br= 0.4162 | avg= 0.5479 | fc=0.480 |   3192 ep/s | 208.7m
[Ep  31950000/50000000] avg_r=  0.056 | h2h= 37.6000 | br= 0.4171 | avg= 0.5469 | fc=0.471 |   3033 ep/s | 208.9m
[Ep  32000000/50000000] avg_r=  0.084 | h2h= 37.6000 | br= 0.4185 | avg= 0.5484 | fc=0.477 |   2965 ep/s | 209.2m
[Ep  32050000/50000000] avg_r=  0.079 | h2h= 37.6000 | br= 0.4192 | avg= 0.5471 | fc=0.463 |   2966 ep/s | 209.5m
[Ep  32100000/50000000] avg_r=  0.097 | h2h= 37.6000 | br= 0.4179 | avg= 0.5447 | fc=0.494 |   3050 ep/s | 209.8m
[Ep  32150000/50000000] avg_r=  0.122 | h2h= 37.6000 | br= 0.4179 | avg= 0.5482 | fc=0.494 |   3095 ep/s | 210.0m
[Ep  32200000/50000000] avg_r=  0.115 | h2h= 37.6000 | br= 0.4203 | avg= 0.5461 | fc=0.480 |   3011 ep/s | 210.3m
[Ep  32250000/50000000] avg_r=  0.125 | h2h= 37.6000 | br= 0.4177 | avg= 0.5467 | fc=0.461 |   2967 ep/s | 210.6m
[Ep  32300000/50000000] avg_r=  0.093 | h2h= 37.6000 | br= 0.4181 | avg= 0.5477 | fc=0.445 |   2927 ep/s | 210.9m
[Ep  32350000/50000000] avg_r=  0.066 | h2h= 37.6000 | br= 0.4191 | avg= 0.5474 | fc=0.457 |   3048 ep/s | 211.2m
[Ep  32400000/50000000] avg_r=  0.107 | h2h= 37.6000 | br= 0.4182 | avg= 0.5463 | fc=0.473 |   2996 ep/s | 211.4m
[Ep  32450000/50000000] avg_r=  0.095 | h2h= 37.6000 | br= 0.4201 | avg= 0.5473 | fc=0.457 |   3002 ep/s | 211.7m
[Ep  32500000/50000000] avg_r=  0.083 | h2h= 37.6000 | br= 0.4200 | avg= 0.5459 | fc=0.504 |   3008 ep/s | 212.0m
[Ep  32550000/50000000] avg_r=  0.069 | h2h= 37.6000 | br= 0.4211 | avg= 0.5481 | fc=0.477 |   2908 ep/s | 212.3m
[Ep  32600000/50000000] avg_r=  0.093 | h2h= 37.6000 | br= 0.4200 | avg= 0.5462 | fc=0.473 |   2975 ep/s | 212.6m
[Ep  32650000/50000000] avg_r=  0.065 | h2h= 37.6000 | br= 0.4186 | avg= 0.5466 | fc=0.471 |   3004 ep/s | 212.8m
[Ep  32700000/50000000] avg_r=  0.089 | h2h= 37.6000 | br= 0.4173 | avg= 0.5486 | fc=0.445 |   3039 ep/s | 213.1m
[Ep  32750000/50000000] avg_r=  0.094 | h2h= 37.6000 | br= 0.4185 | avg= 0.5479 | fc=0.457 |   3003 ep/s | 213.4m
[Ep  32800000/50000000] avg_r=  0.061 | h2h= 37.6000 | br= 0.4183 | avg= 0.5475 | fc=0.449 |   2957 ep/s | 213.7m
[Ep  32850000/50000000] avg_r=  0.100 | h2h= 37.6000 | br= 0.4210 | avg= 0.5470 | fc=0.469 |   2990 ep/s | 213.9m
[Ep  32900000/50000000] avg_r=  0.107 | h2h= 37.6000 | br= 0.4190 | avg= 0.5480 | fc=0.465 |   2923 ep/s | 214.2m
[Ep  32950000/50000000] avg_r=  0.104 | h2h= 37.6000 | br= 0.4181 | avg= 0.5491 | fc=0.467 |   2964 ep/s | 214.5m
[Ep  33000000/50000000] avg_r=  0.063 | h2h= 37.6000 | br= 0.4190 | avg= 0.5463 | fc=0.461 |   3033 ep/s | 214.8m
[Ep  33050000/50000000] avg_r=  0.095 | h2h= 37.6000 | br= 0.4180 | avg= 0.5467 | fc=0.461 |   2975 ep/s | 215.1m
[Ep  33100000/50000000] avg_r=  0.095 | h2h= 37.6000 | br= 0.4172 | avg= 0.5492 | fc=0.480 |   3048 ep/s | 215.3m
[Ep  33150000/50000000] avg_r=  0.092 | h2h= 37.6000 | br= 0.4172 | avg= 0.5492 | fc=0.477 |   3003 ep/s | 215.6m
[Ep  33200000/50000000] avg_r=  0.095 | h2h= 37.6000 | br= 0.4179 | avg= 0.5474 | fc=0.434 |   2955 ep/s | 215.9m
[Ep  33250000/50000000] avg_r=  0.108 | h2h= 37.6000 | br= 0.4172 | avg= 0.5480 | fc=0.424 |   3050 ep/s | 216.2m
[Ep  33300000/50000000] avg_r=  0.082 | h2h= 37.6000 | br= 0.4170 | avg= 0.5479 | fc=0.479 |   2986 ep/s | 216.4m
[Ep  33350000/50000000] avg_r=  0.109 | h2h= 37.6000 | br= 0.4188 | avg= 0.5490 | fc=0.465 |   2989 ep/s | 216.7m
[Ep  33400000/50000000] avg_r=  0.091 | h2h= 37.6000 | br= 0.4201 | avg= 0.5471 | fc=0.494 |   2987 ep/s | 217.0m
[Ep  33450000/50000000] avg_r=  0.085 | h2h= 37.6000 | br= 0.4189 | avg= 0.5470 | fc=0.508 |   2907 ep/s | 217.3m
[Ep  33500000/50000000] avg_r=  0.089 | h2h= 37.6000 | br= 0.4194 | avg= 0.5476 | fc=0.420 |   2916 ep/s | 217.6m
[Ep  33550000/50000000] avg_r=  0.086 | h2h= 37.6000 | br= 0.4191 | avg= 0.5488 | fc=0.500 |   2911 ep/s | 217.9m
[Ep  33600000/50000000] avg_r=  0.093 | h2h= 37.6000 | br= 0.4196 | avg= 0.5504 | fc=0.502 |   3021 ep/s | 218.1m
[Ep  33650000/50000000] avg_r=  0.087 | h2h= 37.6000 | br= 0.4192 | avg= 0.5459 | fc=0.475 |   2989 ep/s | 218.4m
[Ep  33700000/50000000] avg_r=  0.110 | h2h= 37.6000 | br= 0.4178 | avg= 0.5469 | fc=0.455 |   2992 ep/s | 218.7m
[Ep  33750000/50000000] avg_r=  0.089 | h2h= 37.6000 | br= 0.4203 | avg= 0.5490 | fc=0.488 |   2986 ep/s | 219.0m
[Ep  33800000/50000000] avg_r=  0.086 | h2h= 37.6000 | br= 0.4200 | avg= 0.5482 | fc=0.477 |   3019 ep/s | 219.3m
[Ep  33850000/50000000] avg_r=  0.091 | h2h= 37.6000 | br= 0.4197 | avg= 0.5505 | fc=0.510 |   2986 ep/s | 219.5m
[Ep  33900000/50000000] avg_r=  0.074 | h2h= 37.6000 | br= 0.4169 | avg= 0.5483 | fc=0.484 |   2933 ep/s | 219.8m
[Ep  33950000/50000000] avg_r=  0.069 | h2h= 37.6000 | br= 0.4183 | avg= 0.5491 | fc=0.498 |   2908 ep/s | 220.1m
[Ep  34000000/50000000] avg_r=  0.080 | h2h= 37.6000 | br= 0.4193 | avg= 0.5475 | fc=0.480 |   2933 ep/s | 220.4m
[Ep  34050000/50000000] avg_r=  0.089 | h2h= 37.6000 | br= 0.4191 | avg= 0.5469 | fc=0.428 |   2946 ep/s | 220.7m
[Ep  34100000/50000000] avg_r=  0.108 | h2h= 37.6000 | br= 0.4199 | avg= 0.5484 | fc=0.441 |   2977 ep/s | 220.9m
[Ep  34150000/50000000] avg_r=  0.083 | h2h= 37.6000 | br= 0.4184 | avg= 0.5819 | fc=0.463 |   2917 ep/s | 221.2m
[Ep  34200000/50000000] avg_r=  0.090 | h2h= 37.6000 | br= 0.4199 | avg= 0.5892 | fc=0.500 |   2925 ep/s | 221.5m
[Ep  34250000/50000000] avg_r=  0.099 | h2h= 37.6000 | br= 0.4187 | avg= 0.5898 | fc=0.439 |   3110 ep/s | 221.8m
[Ep  34300000/50000000] avg_r=  0.098 | h2h= 37.6000 | br= 0.4187 | avg= 0.5888 | fc=0.439 |   3044 ep/s | 222.1m
[Ep  34350000/50000000] avg_r=  0.090 | h2h= 37.6000 | br= 0.4190 | avg= 0.5885 | fc=0.436 |   2989 ep/s | 222.3m
[Ep  34400000/50000000] avg_r=  0.105 | h2h= 37.6000 | br= 0.4168 | avg= 0.5903 | fc=0.436 |   3159 ep/s | 222.6m
[Ep  34450000/50000000] avg_r=  0.080 | h2h= 37.6000 | br= 0.4193 | avg= 0.5898 | fc=0.439 |   3006 ep/s | 222.9m
[Ep  34500000/50000000] avg_r=  0.071 | h2h= 37.6000 | br= 0.4189 | avg= 0.5898 | fc=0.459 |   3074 ep/s | 223.2m
[Ep  34550000/50000000] avg_r=  0.077 | h2h= 37.6000 | br= 0.4189 | avg= 0.5889 | fc=0.453 |   3102 ep/s | 223.4m
[Ep  34600000/50000000] avg_r=  0.052 | h2h= 37.6000 | br= 0.4200 | avg= 0.5879 | fc=0.518 |   2985 ep/s | 223.7m
[Ep  34650000/50000000] avg_r=  0.055 | h2h= 37.6000 | br= 0.4193 | avg= 0.5889 | fc=0.465 |   2949 ep/s | 224.0m
[Ep  34700000/50000000] avg_r=  0.076 | h2h= 37.6000 | br= 0.4196 | avg= 0.5899 | fc=0.408 |   2968 ep/s | 224.3m
[Ep  34750000/50000000] avg_r=  0.100 | h2h= 37.6000 | br= 0.4180 | avg= 0.5897 | fc=0.445 |   3000 ep/s | 224.5m
[Ep  34800000/50000000] avg_r=  0.059 | h2h= 37.6000 | br= 0.4188 | avg= 0.5906 | fc=0.453 |   3012 ep/s | 224.8m
[Ep  34850000/50000000] avg_r=  0.075 | h2h= 37.6000 | br= 0.4199 | avg= 0.5895 | fc=0.488 |   3012 ep/s | 225.1m
[Ep  34900000/50000000] avg_r=  0.084 | h2h= 37.6000 | br= 0.4174 | avg= 0.5910 | fc=0.457 |   2903 ep/s | 225.4m
[Ep  34950000/50000000] avg_r=  0.091 | h2h= 37.6000 | br= 0.4176 | avg= 0.5905 | fc=0.492 |   2831 ep/s | 225.7m
[Ep  35000000/50000000] avg_r=  0.104 | h2h= 37.6000 | br= 0.4200 | avg= 0.5898 | fc=0.471 |   2968 ep/s | 226.0m
[Ep  35050000/50000000] avg_r= -0.095 | h2h= 37.6000 | br= 0.4304 | avg= 0.5650 | fc=0.641 |   3021 ep/s | 226.2m
[Ep  35100000/50000000] avg_r= -0.165 | h2h= 37.6000 | br= 0.4264 | avg= 0.5467 | fc=0.623 |   3174 ep/s | 226.5m
[Ep  35150000/50000000] avg_r= -0.194 | h2h= 37.6000 | br= 0.4137 | avg= 0.5493 | fc=0.637 |   3043 ep/s | 226.8m
[Ep  35200000/50000000] avg_r= -0.195 | h2h= 37.6000 | br= 0.4024 | avg= 0.5486 | fc=0.658 |   3151 ep/s | 227.0m
[Ep  35250000/50000000] avg_r= -0.180 | h2h= 37.6000 | br= 0.3886 | avg= 0.5509 | fc=0.646 |   3063 ep/s | 227.3m
[Ep  35300000/50000000] avg_r= -0.160 | h2h= 37.6000 | br= 0.3732 | avg= 0.5489 | fc=0.639 |   3221 ep/s | 227.6m
[Ep  35350000/50000000] avg_r= -0.163 | h2h= 37.6000 | br= 0.3614 | avg= 0.5505 | fc=0.701 |   3158 ep/s | 227.8m
[Ep  35400000/50000000] avg_r= -0.180 | h2h= 37.6000 | br= 0.3585 | avg= 0.5510 | fc=0.682 |   3088 ep/s | 228.1m
[Ep  35450000/50000000] avg_r= -0.185 | h2h= 37.6000 | br= 0.3584 | avg= 0.5475 | fc=0.635 |   3148 ep/s | 228.4m
[Ep  35500000/50000000] avg_r= -0.166 | h2h= 37.6000 | br= 0.3567 | avg= 0.5497 | fc=0.686 |   3244 ep/s | 228.6m
[Ep  35550000/50000000] avg_r= -0.180 | h2h= 37.6000 | br= 0.3578 | avg= 0.5473 | fc=0.668 |   3022 ep/s | 228.9m
[Ep  35600000/50000000] avg_r= -0.190 | h2h= 37.6000 | br= 0.3587 | avg= 0.5494 | fc=0.660 |   3134 ep/s | 229.2m
[Ep  35650000/50000000] avg_r= -0.153 | h2h= 37.6000 | br= 0.3601 | avg= 0.5496 | fc=0.691 |   3042 ep/s | 229.4m
[Ep  35700000/50000000] avg_r= -0.170 | h2h= 37.6000 | br= 0.3612 | avg= 0.5499 | fc=0.682 |   3119 ep/s | 229.7m
[Ep  35750000/50000000] avg_r= -0.179 | h2h= 37.6000 | br= 0.3600 | avg= 0.5487 | fc=0.625 |   3068 ep/s | 230.0m
[Ep  35800000/50000000] avg_r= -0.178 | h2h= 37.6000 | br= 0.3578 | avg= 0.5492 | fc=0.676 |   3074 ep/s | 230.2m
[Ep  35850000/50000000] avg_r= -0.185 | h2h= 37.6000 | br= 0.3598 | avg= 0.5488 | fc=0.666 |   3101 ep/s | 230.5m
[Ep  35900000/50000000] avg_r= -0.171 | h2h= 37.6000 | br= 0.3585 | avg= 0.5504 | fc=0.674 |   3041 ep/s | 230.8m
[Ep  35950000/50000000] avg_r= -0.191 | h2h= 37.6000 | br= 0.3567 | avg= 0.5502 | fc=0.686 |   3099 ep/s | 231.1m
[Ep  36000000/50000000] avg_r= -0.187 | h2h= 37.6000 | br= 0.3585 | avg= 0.5492 | fc=0.689 |   3070 ep/s | 231.3m
[Ep  36050000/50000000] avg_r= -0.193 | h2h= 37.6000 | br= 0.3583 | avg= 0.5506 | fc=0.662 |   3093 ep/s | 231.6m
[Ep  36100000/50000000] avg_r= -0.171 | h2h= 37.6000 | br= 0.3604 | avg= 0.5488 | fc=0.691 |   3176 ep/s | 231.9m
[Ep  36150000/50000000] avg_r= -0.199 | h2h= 37.6000 | br= 0.3567 | avg= 0.5503 | fc=0.672 |   3014 ep/s | 232.1m
[Ep  36200000/50000000] avg_r= -0.162 | h2h= 37.6000 | br= 0.3575 | avg= 0.5510 | fc=0.645 |   3200 ep/s | 232.4m
[Ep  36250000/50000000] avg_r= -0.177 | h2h= 37.6000 | br= 0.3589 | avg= 0.5501 | fc=0.682 |   3021 ep/s | 232.7m
[Ep  36300000/50000000] avg_r= -0.171 | h2h= 37.6000 | br= 0.3596 | avg= 0.5476 | fc=0.666 |   3185 ep/s | 232.9m
[Ep  36350000/50000000] avg_r= -0.183 | h2h= 37.6000 | br= 0.3573 | avg= 0.5498 | fc=0.672 |   3119 ep/s | 233.2m
[Ep  36400000/50000000] avg_r= -0.180 | h2h= 37.6000 | br= 0.3588 | avg= 0.5518 | fc=0.660 |   3105 ep/s | 233.5m
[Ep  36450000/50000000] avg_r= -0.180 | h2h= 37.6000 | br= 0.3573 | avg= 0.5476 | fc=0.682 |   3186 ep/s | 233.7m
[Ep  36500000/50000000] avg_r= -0.169 | h2h= 37.6000 | br= 0.3588 | avg= 0.5490 | fc=0.680 |   3150 ep/s | 234.0m
[Ep  36550000/50000000] avg_r= -0.166 | h2h= 37.6000 | br= 0.3582 | avg= 0.5488 | fc=0.682 |   3171 ep/s | 234.3m
[Ep  36600000/50000000] avg_r= -0.160 | h2h= 37.6000 | br= 0.3568 | avg= 0.5494 | fc=0.652 |   3007 ep/s | 234.5m
[Ep  36650000/50000000] avg_r= -0.162 | h2h= 37.6000 | br= 0.3588 | avg= 0.5493 | fc=0.658 |   3139 ep/s | 234.8m
[Ep  36700000/50000000] avg_r= -0.181 | h2h= 37.6000 | br= 0.3574 | avg= 0.5494 | fc=0.676 |   3183 ep/s | 235.1m
[Ep  36750000/50000000] avg_r= -0.160 | h2h= 37.6000 | br= 0.3577 | avg= 0.5474 | fc=0.711 |   3127 ep/s | 235.3m
[Ep  36800000/50000000] avg_r= -0.194 | h2h= 37.6000 | br= 0.3592 | avg= 0.5491 | fc=0.684 |   3054 ep/s | 235.6m
[Ep  36850000/50000000] avg_r= -0.173 | h2h= 37.6000 | br= 0.3584 | avg= 0.5488 | fc=0.688 |   3195 ep/s | 235.9m
[Ep  36900000/50000000] avg_r= -0.189 | h2h= 37.6000 | br= 0.3586 | avg= 0.5514 | fc=0.643 |   3197 ep/s | 236.1m
[Ep  36950000/50000000] avg_r= -0.181 | h2h= 37.6000 | br= 0.3587 | avg= 0.5515 | fc=0.660 |   3227 ep/s | 236.4m
[Ep  37000000/50000000] avg_r= -0.174 | h2h= 37.6000 | br= 0.3597 | avg= 0.5492 | fc=0.674 |   3104 ep/s | 236.7m
[Ep  37050000/50000000] avg_r= -0.189 | h2h= 37.6000 | br= 0.3585 | avg= 0.5479 | fc=0.652 |   3138 ep/s | 236.9m
[Ep  37100000/50000000] avg_r= -0.195 | h2h= 37.6000 | br= 0.3572 | avg= 0.5486 | fc=0.695 |   3117 ep/s | 237.2m
[Ep  37150000/50000000] avg_r= -0.164 | h2h= 37.6000 | br= 0.3569 | avg= 0.5472 | fc=0.658 |   3087 ep/s | 237.5m
[Ep  37200000/50000000] avg_r= -0.170 | h2h= 37.6000 | br= 0.3560 | avg= 0.5491 | fc=0.691 |   3116 ep/s | 237.7m
[Ep  37250000/50000000] avg_r= -0.195 | h2h= 37.6000 | br= 0.3570 | avg= 0.5487 | fc=0.639 |   3197 ep/s | 238.0m
[Ep  37300000/50000000] avg_r= -0.157 | h2h= 37.6000 | br= 0.3565 | avg= 0.5479 | fc=0.662 |   3158 ep/s | 238.2m
[Ep  37350000/50000000] avg_r= -0.183 | h2h= 37.6000 | br= 0.3563 | avg= 0.5493 | fc=0.666 |   3202 ep/s | 238.5m
[Ep  37400000/50000000] avg_r= -0.185 | h2h= 37.6000 | br= 0.3563 | avg= 0.5469 | fc=0.670 |   3142 ep/s | 238.8m
[Ep  37450000/50000000] avg_r= -0.188 | h2h= 37.6000 | br= 0.3570 | avg= 0.5484 | fc=0.678 |   3231 ep/s | 239.0m
[Ep  37500000/50000000] avg_r= -0.181 | h2h= 37.6000 | br= 0.3578 | avg= 0.5474 | fc=0.637 |   3143 ep/s | 239.3m
[Ep  37550000/50000000] avg_r= -0.191 | h2h= 37.6000 | br= 0.3565 | avg= 0.5479 | fc=0.670 |   3185 ep/s | 239.6m
[Ep  37600000/50000000] avg_r= -0.169 | h2h= 37.6000 | br= 0.3557 | avg= 0.5476 | fc=0.672 |   3244 ep/s | 239.8m
[Ep  37650000/50000000] avg_r= -0.170 | h2h= 37.6000 | br= 0.3547 | avg= 0.5493 | fc=0.666 |   3253 ep/s | 240.1m
[Ep  37700000/50000000] avg_r= -0.171 | h2h= 37.6000 | br= 0.3559 | avg= 0.5507 | fc=0.676 |   3295 ep/s | 240.3m
[Ep  37750000/50000000] avg_r= -0.159 | h2h= 37.6000 | br= 0.3582 | avg= 0.5462 | fc=0.676 |   3339 ep/s | 240.6m
[Ep  37800000/50000000] avg_r= -0.162 | h2h= 37.6000 | br= 0.3576 | avg= 0.5481 | fc=0.684 |   3246 ep/s | 240.8m
[Ep  37850000/50000000] avg_r= -0.191 | h2h= 37.6000 | br= 0.3567 | avg= 0.5484 | fc=0.664 |   3279 ep/s | 241.1m
[Ep  37900000/50000000] avg_r= -0.175 | h2h= 37.6000 | br= 0.3567 | avg= 0.5487 | fc=0.693 |   3209 ep/s | 241.3m
[Ep  37950000/50000000] avg_r= -0.161 | h2h= 37.6000 | br= 0.3580 | avg= 0.5491 | fc=0.686 |   3223 ep/s | 241.6m
[Ep  38000000/50000000] avg_r= -0.163 | h2h= 37.6000 | br= 0.3571 | avg= 0.5486 | fc=0.660 |   3217 ep/s | 241.9m
[Ep  38050000/50000000] avg_r= -0.161 | h2h= 37.6000 | br= 0.3575 | avg= 0.5477 | fc=0.676 |   3248 ep/s | 242.1m
[Ep  38100000/50000000] avg_r= -0.197 | h2h= 37.6000 | br= 0.3560 | avg= 0.5469 | fc=0.660 |   3192 ep/s | 242.4m
[Ep  38150000/50000000] avg_r= -0.170 | h2h= 37.6000 | br= 0.3574 | avg= 0.5481 | fc=0.654 |   3148 ep/s | 242.6m
[Ep  38200000/50000000] avg_r= -0.181 | h2h= 37.6000 | br= 0.3604 | avg= 0.5486 | fc=0.668 |   3188 ep/s | 242.9m
[Ep  38250000/50000000] avg_r= -0.186 | h2h= 37.6000 | br= 0.3586 | avg= 0.5454 | fc=0.680 |   3155 ep/s | 243.2m
[Ep  38300000/50000000] avg_r= -0.199 | h2h= 37.6000 | br= 0.3595 | avg= 0.5482 | fc=0.662 |   3130 ep/s | 243.4m
[Ep  38350000/50000000] avg_r= -0.175 | h2h= 37.6000 | br= 0.3594 | avg= 0.5481 | fc=0.662 |   3204 ep/s | 243.7m
[Ep  38400000/50000000] avg_r= -0.183 | h2h= 37.6000 | br= 0.3574 | avg= 0.5471 | fc=0.670 |   3257 ep/s | 243.9m
[Ep  38450000/50000000] avg_r= -0.156 | h2h= 37.6000 | br= 0.3591 | avg= 0.5480 | fc=0.635 |   3190 ep/s | 244.2m
[Ep  38500000/50000000] avg_r= -0.171 | h2h= 37.6000 | br= 0.3605 | avg= 0.5469 | fc=0.625 |   3172 ep/s | 244.5m
[Ep  38550000/50000000] avg_r= -0.170 | h2h= 37.6000 | br= 0.3590 | avg= 0.5486 | fc=0.660 |   3140 ep/s | 244.7m
[Ep  38600000/50000000] avg_r= -0.185 | h2h= 37.6000 | br= 0.3576 | avg= 0.5477 | fc=0.666 |   3116 ep/s | 245.0m
[Ep  38650000/50000000] avg_r= -0.204 | h2h= 37.6000 | br= 0.3608 | avg= 0.5479 | fc=0.693 |   3194 ep/s | 245.3m
[Ep  38700000/50000000] avg_r= -0.162 | h2h= 37.6000 | br= 0.3591 | avg= 0.5475 | fc=0.699 |   3111 ep/s | 245.5m
[Ep  38750000/50000000] avg_r= -0.190 | h2h= 37.6000 | br= 0.3592 | avg= 0.5466 | fc=0.701 |   3166 ep/s | 245.8m
[Ep  38800000/50000000] avg_r= -0.183 | h2h= 37.6000 | br= 0.3557 | avg= 0.5468 | fc=0.619 |   3294 ep/s | 246.1m
[Ep  38850000/50000000] avg_r= -0.164 | h2h= 37.6000 | br= 0.3576 | avg= 0.5502 | fc=0.656 |   3161 ep/s | 246.3m
[Ep  38900000/50000000] avg_r= -0.175 | h2h= 37.6000 | br= 0.3570 | avg= 0.5485 | fc=0.689 |   3206 ep/s | 246.6m
[Ep  38950000/50000000] avg_r= -0.176 | h2h= 37.6000 | br= 0.3555 | avg= 0.5486 | fc=0.715 |   3243 ep/s | 246.8m
[Ep  39000000/50000000] avg_r= -0.165 | h2h= 37.6000 | br= 0.3577 | avg= 0.5483 | fc=0.686 |   3160 ep/s | 247.1m
[Ep  39050000/50000000] avg_r= -0.195 | h2h= 37.6000 | br= 0.3567 | avg= 0.5477 | fc=0.639 |   3173 ep/s | 247.4m
[Ep  39100000/50000000] avg_r= -0.164 | h2h= 37.6000 | br= 0.3589 | avg= 0.5472 | fc=0.662 |   3175 ep/s | 247.6m
[Ep  39150000/50000000] avg_r= -0.187 | h2h= 37.6000 | br= 0.3583 | avg= 0.5488 | fc=0.721 |   3110 ep/s | 247.9m
[Ep  39200000/50000000] avg_r= -0.149 | h2h= 37.6000 | br= 0.3571 | avg= 0.5465 | fc=0.676 |   3119 ep/s | 248.2m
[Ep  39250000/50000000] avg_r= -0.184 | h2h= 37.6000 | br= 0.3595 | avg= 0.5468 | fc=0.641 |   3129 ep/s | 248.4m
[Ep  39300000/50000000] avg_r= -0.172 | h2h= 37.6000 | br= 0.3599 | avg= 0.5475 | fc=0.682 |   3149 ep/s | 248.7m
[Ep  39350000/50000000] avg_r= -0.195 | h2h= 37.6000 | br= 0.3588 | avg= 0.5465 | fc=0.678 |   3189 ep/s | 248.9m
[Ep  39400000/50000000] avg_r= -0.170 | h2h= 37.6000 | br= 0.3586 | avg= 0.5471 | fc=0.656 |   3265 ep/s | 249.2m
[Ep  39450000/50000000] avg_r= -0.170 | h2h= 37.6000 | br= 0.3584 | avg= 0.5457 | fc=0.656 |   3159 ep/s | 249.5m
[Ep  39500000/50000000] avg_r= -0.180 | h2h= 37.6000 | br= 0.3575 | avg= 0.5465 | fc=0.682 |   3284 ep/s | 249.7m
[Ep  39550000/50000000] avg_r= -0.187 | h2h= 37.6000 | br= 0.3560 | avg= 0.5466 | fc=0.680 |   3156 ep/s | 250.0m
[Ep  39600000/50000000] avg_r= -0.179 | h2h= 37.6000 | br= 0.3556 | avg= 0.5481 | fc=0.652 |   3092 ep/s | 250.3m
[Ep  39650000/50000000] avg_r= -0.173 | h2h= 37.6000 | br= 0.3558 | avg= 0.5445 | fc=0.701 |   3112 ep/s | 250.5m
[Ep  39700000/50000000] avg_r= -0.195 | h2h= 37.6000 | br= 0.3570 | avg= 0.5459 | fc=0.650 |   3127 ep/s | 250.8m
[Ep  39750000/50000000] avg_r= -0.162 | h2h= 37.6000 | br= 0.3569 | avg= 0.5474 | fc=0.654 |   3158 ep/s | 251.1m
[Ep  39800000/50000000] avg_r= -0.172 | h2h= 37.6000 | br= 0.3567 | avg= 0.5467 | fc=0.643 |   3180 ep/s | 251.3m
[Ep  39850000/50000000] avg_r= -0.202 | h2h= 37.6000 | br= 0.3573 | avg= 0.5449 | fc=0.648 |   3137 ep/s | 251.6m
[Ep  39900000/50000000] avg_r= -0.184 | h2h= 37.6000 | br= 0.3562 | avg= 0.5485 | fc=0.674 |   3147 ep/s | 251.8m
[Ep  39950000/50000000] avg_r= -0.185 | h2h= 37.6000 | br= 0.3582 | avg= 0.5484 | fc=0.703 |   3133 ep/s | 252.1m
[Ep  40000000/50000000] avg_r= -0.159 | h2h= 37.6000 | br= 0.3566 | avg= 0.5450 | fc=0.691 |   3102 ep/s | 252.4m
[H2H] ep=40000000 | avg_reward=33.6500 over 1000 games
  >>> H2H WINRATE @ ep 40000000: 33.6500
  [CHECKPOINT] saved at ep 40000000
[Ep  40050000/50000000] avg_r= -0.174 | h2h= 33.6500 | br= 0.3544 | avg= 0.5452 | fc=0.709 |    456 ep/s | 254.2m
[snapshot] ep=40000000 -> /home/anthonyn/cos435/cpp-implementation/snapshots/holdem_64x64_mv_train_std_20/ep40000000
[Ep  40100000/50000000] avg_r= -0.178 | h2h= 33.6500 | br= 0.3534 | avg= 0.5470 | fc=0.656 |   3205 ep/s | 254.5m
[Ep  40150000/50000000] avg_r= -0.213 | h2h= 33.6500 | br= 0.3559 | avg= 0.5452 | fc=0.715 |   3269 ep/s | 254.7m
[Ep  40200000/50000000] avg_r= -0.155 | h2h= 33.6500 | br= 0.3564 | avg= 0.5466 | fc=0.691 |   3190 ep/s | 255.0m
[Ep  40250000/50000000] avg_r= -0.164 | h2h= 33.6500 | br= 0.3557 | avg= 0.5478 | fc=0.666 |   3159 ep/s | 255.2m
[Ep  40300000/50000000] avg_r= -0.175 | h2h= 33.6500 | br= 0.3576 | avg= 0.5474 | fc=0.686 |   3202 ep/s | 255.5m
[Ep  40350000/50000000] avg_r= -0.181 | h2h= 33.6500 | br= 0.3587 | avg= 0.5457 | fc=0.641 |   3135 ep/s | 255.8m
[Ep  40400000/50000000] avg_r= -0.156 | h2h= 33.6500 | br= 0.3579 | avg= 0.5468 | fc=0.662 |   3292 ep/s | 256.0m
[Ep  40450000/50000000] avg_r= -0.170 | h2h= 33.6500 | br= 0.3590 | avg= 0.5449 | fc=0.699 |   3143 ep/s | 256.3m
[Ep  40500000/50000000] avg_r= -0.158 | h2h= 33.6500 | br= 0.3585 | avg= 0.5468 | fc=0.682 |   3148 ep/s | 256.6m
[Ep  40550000/50000000] avg_r= -0.190 | h2h= 33.6500 | br= 0.3609 | avg= 0.5462 | fc=0.662 |   3181 ep/s | 256.8m
[Ep  40600000/50000000] avg_r= -0.198 | h2h= 33.6500 | br= 0.3591 | avg= 0.5439 | fc=0.641 |   3154 ep/s | 257.1m
[Ep  40650000/50000000] avg_r= -0.179 | h2h= 33.6500 | br= 0.3575 | avg= 0.5467 | fc=0.664 |   3145 ep/s | 257.3m
[Ep  40700000/50000000] avg_r= -0.183 | h2h= 33.6500 | br= 0.3592 | avg= 0.5453 | fc=0.633 |   3179 ep/s | 257.6m
[Ep  40750000/50000000] avg_r= -0.145 | h2h= 33.6500 | br= 0.3599 | avg= 0.5478 | fc=0.660 |   3154 ep/s | 257.9m
[Ep  40800000/50000000] avg_r= -0.181 | h2h= 33.6500 | br= 0.3571 | avg= 0.5471 | fc=0.645 |   3194 ep/s | 258.1m
[Ep  40850000/50000000] avg_r= -0.189 | h2h= 33.6500 | br= 0.3595 | avg= 0.5471 | fc=0.662 |   3160 ep/s | 258.4m
[Ep  40900000/50000000] avg_r= -0.190 | h2h= 33.6500 | br= 0.3572 | avg= 0.5463 | fc=0.664 |   3250 ep/s | 258.7m
[Ep  40950000/50000000] avg_r= -0.158 | h2h= 33.6500 | br= 0.3593 | avg= 0.5472 | fc=0.684 |   3166 ep/s | 258.9m
[Ep  41000000/50000000] avg_r= -0.165 | h2h= 33.6500 | br= 0.3566 | avg= 0.5476 | fc=0.691 |   3185 ep/s | 259.2m
[Ep  41050000/50000000] avg_r= -0.186 | h2h= 33.6500 | br= 0.3572 | avg= 0.5446 | fc=0.670 |   3214 ep/s | 259.4m
[Ep  41100000/50000000] avg_r= -0.176 | h2h= 33.6500 | br= 0.3558 | avg= 0.5468 | fc=0.660 |   3255 ep/s | 259.7m
[Ep  41150000/50000000] avg_r= -0.192 | h2h= 33.6500 | br= 0.3569 | avg= 0.5459 | fc=0.641 |   3238 ep/s | 260.0m
[Ep  41200000/50000000] avg_r= -0.174 | h2h= 33.6500 | br= 0.3562 | avg= 0.5462 | fc=0.639 |   3304 ep/s | 260.2m
[Ep  41250000/50000000] avg_r= -0.158 | h2h= 33.6500 | br= 0.3584 | avg= 0.5459 | fc=0.654 |   3239 ep/s | 260.5m
[Ep  41300000/50000000] avg_r= -0.178 | h2h= 33.6500 | br= 0.3583 | avg= 0.5464 | fc=0.650 |   3157 ep/s | 260.7m
[Ep  41350000/50000000] avg_r= -0.177 | h2h= 33.6500 | br= 0.3567 | avg= 0.5443 | fc=0.688 |   3184 ep/s | 261.0m
[Ep  41400000/50000000] avg_r= -0.199 | h2h= 33.6500 | br= 0.3593 | avg= 0.5456 | fc=0.678 |   3203 ep/s | 261.2m
[Ep  41450000/50000000] avg_r= -0.200 | h2h= 33.6500 | br= 0.3592 | avg= 0.5464 | fc=0.689 |   3176 ep/s | 261.5m
[Ep  41500000/50000000] avg_r= -0.181 | h2h= 33.6500 | br= 0.3605 | avg= 0.5449 | fc=0.686 |   3140 ep/s | 261.8m
[Ep  41550000/50000000] avg_r= -0.172 | h2h= 33.6500 | br= 0.3618 | avg= 0.5474 | fc=0.652 |   3160 ep/s | 262.0m
[Ep  41600000/50000000] avg_r= -0.184 | h2h= 33.6500 | br= 0.3607 | avg= 0.5451 | fc=0.645 |   3132 ep/s | 262.3m
[Ep  41650000/50000000] avg_r= -0.179 | h2h= 33.6500 | br= 0.3594 | avg= 0.5464 | fc=0.678 |   3193 ep/s | 262.6m
[Ep  41700000/50000000] avg_r= -0.164 | h2h= 33.6500 | br= 0.3606 | avg= 0.5445 | fc=0.656 |   3156 ep/s | 262.8m
[Ep  41750000/50000000] avg_r= -0.184 | h2h= 33.6500 | br= 0.3607 | avg= 0.5454 | fc=0.619 |   3082 ep/s | 263.1m
[Ep  41800000/50000000] avg_r= -0.171 | h2h= 33.6500 | br= 0.3586 | avg= 0.5448 | fc=0.676 |   3144 ep/s | 263.4m
[Ep  41850000/50000000] avg_r= -0.185 | h2h= 33.6500 | br= 0.3601 | avg= 0.5455 | fc=0.656 |   3154 ep/s | 263.6m
[Ep  41900000/50000000] avg_r= -0.192 | h2h= 33.6500 | br= 0.3583 | avg= 0.5451 | fc=0.703 |   3240 ep/s | 263.9m
[Ep  41950000/50000000] avg_r= -0.160 | h2h= 33.6500 | br= 0.3593 | avg= 0.5444 | fc=0.688 |   3260 ep/s | 264.1m
[Ep  42000000/50000000] avg_r= -0.171 | h2h= 33.6500 | br= 0.3590 | avg= 0.5449 | fc=0.631 |   3181 ep/s | 264.4m
[Ep  42050000/50000000] avg_r= -0.172 | h2h= 33.6500 | br= 0.3568 | avg= 0.5440 | fc=0.660 |   3182 ep/s | 264.7m
[Ep  42100000/50000000] avg_r= -0.169 | h2h= 33.6500 | br= 0.3565 | avg= 0.5446 | fc=0.650 |   3093 ep/s | 264.9m
[Ep  42150000/50000000] avg_r= -0.184 | h2h= 33.6500 | br= 0.3570 | avg= 0.5440 | fc=0.672 |   3136 ep/s | 265.2m
[Ep  42200000/50000000] avg_r= -0.167 | h2h= 33.6500 | br= 0.3570 | avg= 0.5448 | fc=0.674 |   3172 ep/s | 265.5m
[Ep  42250000/50000000] avg_r= -0.190 | h2h= 33.6500 | br= 0.3562 | avg= 0.5445 | fc=0.678 |   3192 ep/s | 265.7m
[Ep  42300000/50000000] avg_r= -0.161 | h2h= 33.6500 | br= 0.3553 | avg= 0.5438 | fc=0.668 |   3238 ep/s | 266.0m
[Ep  42350000/50000000] avg_r= -0.159 | h2h= 33.6500 | br= 0.3570 | avg= 0.5461 | fc=0.693 |   3186 ep/s | 266.2m
[Ep  42400000/50000000] avg_r= -0.182 | h2h= 33.6500 | br= 0.3564 | avg= 0.5454 | fc=0.648 |   3118 ep/s | 266.5m
[Ep  42450000/50000000] avg_r= -0.160 | h2h= 33.6500 | br= 0.3560 | avg= 0.5466 | fc=0.656 |   3135 ep/s | 266.8m
[Ep  42500000/50000000] avg_r= -0.168 | h2h= 33.6500 | br= 0.3582 | avg= 0.5438 | fc=0.662 |   3169 ep/s | 267.0m
[Ep  42550000/50000000] avg_r= -0.181 | h2h= 33.6500 | br= 0.3595 | avg= 0.5436 | fc=0.668 |   3174 ep/s | 267.3m
[Ep  42600000/50000000] avg_r= -0.156 | h2h= 33.6500 | br= 0.3585 | avg= 0.5449 | fc=0.682 |   3143 ep/s | 267.6m
[Ep  42650000/50000000] avg_r= -0.181 | h2h= 33.6500 | br= 0.3580 | avg= 0.5438 | fc=0.703 |   3168 ep/s | 267.8m
[Ep  42700000/50000000] avg_r= -0.179 | h2h= 33.6500 | br= 0.3575 | avg= 0.5464 | fc=0.670 |   3255 ep/s | 268.1m
[Ep  42750000/50000000] avg_r= -0.201 | h2h= 33.6500 | br= 0.3572 | avg= 0.5442 | fc=0.691 |   3127 ep/s | 268.4m
[Ep  42800000/50000000] avg_r= -0.158 | h2h= 33.6500 | br= 0.3582 | avg= 0.5456 | fc=0.652 |   3096 ep/s | 268.6m
[Ep  42850000/50000000] avg_r= -0.175 | h2h= 33.6500 | br= 0.3580 | avg= 0.5450 | fc=0.680 |   3150 ep/s | 268.9m
[Ep  42900000/50000000] avg_r= -0.166 | h2h= 33.6500 | br= 0.3566 | avg= 0.5454 | fc=0.637 |   3217 ep/s | 269.1m
[Ep  42950000/50000000] avg_r= -0.190 | h2h= 33.6500 | br= 0.3578 | avg= 0.5460 | fc=0.680 |   3268 ep/s | 269.4m
[Ep  43000000/50000000] avg_r= -0.157 | h2h= 33.6500 | br= 0.3590 | avg= 0.5440 | fc=0.697 |   3259 ep/s | 269.7m
[Ep  43050000/50000000] avg_r= -0.162 | h2h= 33.6500 | br= 0.3593 | avg= 0.5449 | fc=0.686 |   3222 ep/s | 269.9m
[Ep  43100000/50000000] avg_r= -0.173 | h2h= 33.6500 | br= 0.3580 | avg= 0.5437 | fc=0.605 |   3203 ep/s | 270.2m
[Ep  43150000/50000000] avg_r= -0.170 | h2h= 33.6500 | br= 0.3572 | avg= 0.5444 | fc=0.654 |   3206 ep/s | 270.4m
[Ep  43200000/50000000] avg_r= -0.181 | h2h= 33.6500 | br= 0.3573 | avg= 0.5439 | fc=0.648 |   3235 ep/s | 270.7m
[Ep  43250000/50000000] avg_r= -0.188 | h2h= 33.6500 | br= 0.3571 | avg= 0.5449 | fc=0.672 |   3257 ep/s | 270.9m
[Ep  43300000/50000000] avg_r= -0.183 | h2h= 33.6500 | br= 0.3584 | avg= 0.5432 | fc=0.664 |   3252 ep/s | 271.2m
[Ep  43350000/50000000] avg_r= -0.153 | h2h= 33.6500 | br= 0.3583 | avg= 0.5453 | fc=0.658 |   3178 ep/s | 271.5m
[Ep  43400000/50000000] avg_r= -0.172 | h2h= 33.6500 | br= 0.3598 | avg= 0.5456 | fc=0.678 |   3182 ep/s | 271.7m
[Ep  43450000/50000000] avg_r= -0.171 | h2h= 33.6500 | br= 0.3564 | avg= 0.5409 | fc=0.680 |   3099 ep/s | 272.0m
[Ep  43500000/50000000] avg_r= -0.199 | h2h= 33.6500 | br= 0.3575 | avg= 0.5423 | fc=0.664 |   3174 ep/s | 272.3m
[Ep  43550000/50000000] avg_r= -0.179 | h2h= 33.6500 | br= 0.3577 | avg= 0.5438 | fc=0.645 |   3155 ep/s | 272.5m
[Ep  43600000/50000000] avg_r= -0.172 | h2h= 33.6500 | br= 0.3585 | avg= 0.5440 | fc=0.691 |   3150 ep/s | 272.8m
[Ep  43650000/50000000] avg_r= -0.166 | h2h= 33.6500 | br= 0.3588 | avg= 0.5430 | fc=0.656 |   3113 ep/s | 273.1m
[Ep  43700000/50000000] avg_r= -0.139 | h2h= 33.6500 | br= 0.3595 | avg= 0.5433 | fc=0.711 |   3184 ep/s | 273.3m
[Ep  43750000/50000000] avg_r= -0.180 | h2h= 33.6500 | br= 0.3584 | avg= 0.5435 | fc=0.660 |   3084 ep/s | 273.6m
[Ep  43800000/50000000] avg_r= -0.161 | h2h= 33.6500 | br= 0.3604 | avg= 0.5431 | fc=0.670 |   3149 ep/s | 273.9m
[Ep  43850000/50000000] avg_r= -0.185 | h2h= 33.6500 | br= 0.3619 | avg= 0.5430 | fc=0.680 |   3154 ep/s | 274.1m
[Ep  43900000/50000000] avg_r= -0.182 | h2h= 33.6500 | br= 0.3600 | avg= 0.5427 | fc=0.660 |   3134 ep/s | 274.4m
[Ep  43950000/50000000] avg_r= -0.207 | h2h= 33.6500 | br= 0.3617 | avg= 0.5425 | fc=0.684 |   3142 ep/s | 274.6m
[Ep  44000000/50000000] avg_r= -0.175 | h2h= 33.6500 | br= 0.3596 | avg= 0.5427 | fc=0.691 |   3111 ep/s | 274.9m
[Ep  44050000/50000000] avg_r= -0.155 | h2h= 33.6500 | br= 0.3580 | avg= 0.5444 | fc=0.658 |   3179 ep/s | 275.2m
[Ep  44100000/50000000] avg_r= -0.166 | h2h= 33.6500 | br= 0.3581 | avg= 0.5413 | fc=0.668 |   3172 ep/s | 275.4m
[Ep  44150000/50000000] avg_r= -0.173 | h2h= 33.6500 | br= 0.3555 | avg= 0.5444 | fc=0.646 |   3220 ep/s | 275.7m
[Ep  44200000/50000000] avg_r= -0.170 | h2h= 33.6500 | br= 0.3564 | avg= 0.5435 | fc=0.652 |   3150 ep/s | 276.0m
[Ep  44250000/50000000] avg_r= -0.167 | h2h= 33.6500 | br= 0.3587 | avg= 0.5440 | fc=0.645 |   3131 ep/s | 276.2m
[Ep  44300000/50000000] avg_r= -0.181 | h2h= 33.6500 | br= 0.3566 | avg= 0.5420 | fc=0.697 |   3112 ep/s | 276.5m
[Ep  44350000/50000000] avg_r= -0.163 | h2h= 33.6500 | br= 0.3572 | avg= 0.5419 | fc=0.652 |   3108 ep/s | 276.8m
[Ep  44400000/50000000] avg_r= -0.198 | h2h= 33.6500 | br= 0.3563 | avg= 0.5431 | fc=0.670 |   3154 ep/s | 277.0m
[Ep  44450000/50000000] avg_r= -0.193 | h2h= 33.6500 | br= 0.3563 | avg= 0.5419 | fc=0.645 |   3164 ep/s | 277.3m
[Ep  44500000/50000000] avg_r= -0.161 | h2h= 33.6500 | br= 0.3594 | avg= 0.5441 | fc=0.656 |   3131 ep/s | 277.6m
[Ep  44550000/50000000] avg_r= -0.211 | h2h= 33.6500 | br= 0.3563 | avg= 0.5445 | fc=0.674 |   3193 ep/s | 277.8m
[Ep  44600000/50000000] avg_r= -0.202 | h2h= 33.6500 | br= 0.3574 | avg= 0.5425 | fc=0.684 |   3122 ep/s | 278.1m
[Ep  44650000/50000000] avg_r= -0.196 | h2h= 33.6500 | br= 0.3575 | avg= 0.5497 | fc=0.688 |   3129 ep/s | 278.4m
[Ep  44700000/50000000] avg_r= -0.183 | h2h= 33.6500 | br= 0.3569 | avg= 0.5557 | fc=0.623 |   3172 ep/s | 278.6m
[Ep  44750000/50000000] avg_r= -0.203 | h2h= 33.6500 | br= 0.3568 | avg= 0.5550 | fc=0.666 |   3124 ep/s | 278.9m
[Ep  44800000/50000000] avg_r= -0.178 | h2h= 33.6500 | br= 0.3577 | avg= 0.5550 | fc=0.676 |   3156 ep/s | 279.1m
[Ep  44850000/50000000] avg_r= -0.181 | h2h= 33.6500 | br= 0.3557 | avg= 0.5547 | fc=0.676 |   3188 ep/s | 279.4m
[Ep  44900000/50000000] avg_r= -0.195 | h2h= 33.6500 | br= 0.3569 | avg= 0.5550 | fc=0.709 |   3158 ep/s | 279.7m
[Ep  44950000/50000000] avg_r= -0.175 | h2h= 33.6500 | br= 0.3591 | avg= 0.5551 | fc=0.652 |   3227 ep/s | 279.9m
[Ep  45000000/50000000] avg_r= -0.182 | h2h= 33.6500 | br= 0.3587 | avg= 0.5552 | fc=0.699 |   3185 ep/s | 280.2m
[Ep  45050000/50000000] avg_r= -0.184 | h2h= 33.6500 | br= 0.3557 | avg= 0.5544 | fc=0.680 |   3159 ep/s | 280.5m
[Ep  45100000/50000000] avg_r= -0.171 | h2h= 33.6500 | br= 0.3572 | avg= 0.5551 | fc=0.684 |   3143 ep/s | 280.7m
[Ep  45150000/50000000] avg_r= -0.172 | h2h= 33.6500 | br= 0.3577 | avg= 0.5550 | fc=0.682 |   3150 ep/s | 281.0m
[Ep  45200000/50000000] avg_r= -0.168 | h2h= 33.6500 | br= 0.3571 | avg= 0.5549 | fc=0.713 |   3225 ep/s | 281.2m
[Ep  45250000/50000000] avg_r= -0.181 | h2h= 33.6500 | br= 0.3600 | avg= 0.5545 | fc=0.678 |   3115 ep/s | 281.5m
[Ep  45300000/50000000] avg_r= -0.176 | h2h= 33.6500 | br= 0.3573 | avg= 0.5552 | fc=0.684 |   3196 ep/s | 281.8m
[Ep  45350000/50000000] avg_r= -0.180 | h2h= 33.6500 | br= 0.3587 | avg= 0.5554 | fc=0.648 |   3199 ep/s | 282.0m
[Ep  45400000/50000000] avg_r= -0.163 | h2h= 33.6500 | br= 0.3593 | avg= 0.5550 | fc=0.660 |   3214 ep/s | 282.3m
[Ep  45450000/50000000] avg_r= -0.189 | h2h= 33.6500 | br= 0.3599 | avg= 0.5544 | fc=0.664 |   3301 ep/s | 282.5m
[Ep  45500000/50000000] avg_r= -0.190 | h2h= 33.6500 | br= 0.3566 | avg= 0.5556 | fc=0.639 |   3171 ep/s | 282.8m
[Ep  45550000/50000000] avg_r= -0.171 | h2h= 33.6500 | br= 0.3588 | avg= 0.5553 | fc=0.662 |   3188 ep/s | 283.1m
[Ep  45600000/50000000] avg_r= -0.175 | h2h= 33.6500 | br= 0.3566 | avg= 0.5555 | fc=0.650 |   3089 ep/s | 283.3m
[Ep  45650000/50000000] avg_r= -0.156 | h2h= 33.6500 | br= 0.3570 | avg= 0.5547 | fc=0.621 |   3215 ep/s | 283.6m
[Ep  45700000/50000000] avg_r= -0.174 | h2h= 33.6500 | br= 0.3546 | avg= 0.5556 | fc=0.664 |   3185 ep/s | 283.9m
[Ep  45750000/50000000] avg_r= -0.176 | h2h= 33.6500 | br= 0.3567 | avg= 0.5548 | fc=0.688 |   3182 ep/s | 284.1m
[Ep  45800000/50000000] avg_r= -0.166 | h2h= 33.6500 | br= 0.3579 | avg= 0.5550 | fc=0.693 |   3100 ep/s | 284.4m
[Ep  45850000/50000000] avg_r= -0.181 | h2h= 33.6500 | br= 0.3555 | avg= 0.5542 | fc=0.682 |   3164 ep/s | 284.7m
[Ep  45900000/50000000] avg_r= -0.173 | h2h= 33.6500 | br= 0.3572 | avg= 0.5516 | fc=0.555 |   3203 ep/s | 284.9m
[Ep  45950000/50000000] avg_r= -0.108 | h2h= 33.6500 | br= 0.3529 | avg= 0.5403 | fc=0.566 |   3300 ep/s | 285.2m
[Ep  46000000/50000000] avg_r= -0.132 | h2h= 33.6500 | br= 0.3394 | avg= 0.5413 | fc=0.502 |   3329 ep/s | 285.4m
[Ep  46050000/50000000] avg_r= -0.119 | h2h= 33.6500 | br= 0.3270 | avg= 0.5423 | fc=0.498 |   3269 ep/s | 285.7m
[Ep  46100000/50000000] avg_r= -0.122 | h2h= 33.6500 | br= 0.3156 | avg= 0.5413 | fc=0.527 |   3214 ep/s | 285.9m
[Ep  46150000/50000000] avg_r= -0.106 | h2h= 33.6500 | br= 0.3050 | avg= 0.5408 | fc=0.523 |   3289 ep/s | 286.2m
[Ep  46200000/50000000] avg_r= -0.134 | h2h= 33.6500 | br= 0.2926 | avg= 0.5392 | fc=0.516 |   3238 ep/s | 286.4m
[Ep  46250000/50000000] avg_r= -0.117 | h2h= 33.6500 | br= 0.2819 | avg= 0.5389 | fc=0.553 |   3192 ep/s | 286.7m
[Ep  46300000/50000000] avg_r= -0.127 | h2h= 33.6500 | br= 0.2779 | avg= 0.5398 | fc=0.568 |   3236 ep/s | 287.0m
[Ep  46350000/50000000] avg_r= -0.136 | h2h= 33.6500 | br= 0.2772 | avg= 0.5402 | fc=0.523 |   3250 ep/s | 287.2m
[Ep  46400000/50000000] avg_r= -0.115 | h2h= 33.6500 | br= 0.2763 | avg= 0.5408 | fc=0.523 |   3210 ep/s | 287.5m
[Ep  46450000/50000000] avg_r= -0.115 | h2h= 33.6500 | br= 0.2778 | avg= 0.5378 | fc=0.539 |   3298 ep/s | 287.7m
[Ep  46500000/50000000] avg_r= -0.138 | h2h= 33.6500 | br= 0.2771 | avg= 0.5410 | fc=0.533 |   3192 ep/s | 288.0m
[Ep  46550000/50000000] avg_r= -0.121 | h2h= 33.6500 | br= 0.2784 | avg= 0.5398 | fc=0.539 |   3261 ep/s | 288.2m
[Ep  46600000/50000000] avg_r= -0.139 | h2h= 33.6500 | br= 0.2778 | avg= 0.5414 | fc=0.521 |   3198 ep/s | 288.5m
[Ep  46650000/50000000] avg_r= -0.122 | h2h= 33.6500 | br= 0.2788 | avg= 0.5406 | fc=0.555 |   3162 ep/s | 288.8m
[Ep  46700000/50000000] avg_r= -0.125 | h2h= 33.6500 | br= 0.2791 | avg= 0.5397 | fc=0.562 |   3275 ep/s | 289.0m
[Ep  46750000/50000000] avg_r= -0.109 | h2h= 33.6500 | br= 0.2791 | avg= 0.5392 | fc=0.520 |   3249 ep/s | 289.3m
[Ep  46800000/50000000] avg_r= -0.143 | h2h= 33.6500 | br= 0.2779 | avg= 0.5414 | fc=0.510 |   3295 ep/s | 289.5m
[Ep  46850000/50000000] avg_r= -0.125 | h2h= 33.6500 | br= 0.2793 | avg= 0.5395 | fc=0.539 |   3293 ep/s | 289.8m
[Ep  46900000/50000000] avg_r= -0.119 | h2h= 33.6500 | br= 0.2785 | avg= 0.5412 | fc=0.525 |   3254 ep/s | 290.0m
[Ep  46950000/50000000] avg_r= -0.135 | h2h= 33.6500 | br= 0.2792 | avg= 0.5398 | fc=0.535 |   3273 ep/s | 290.3m
[Ep  47000000/50000000] avg_r= -0.106 | h2h= 33.6500 | br= 0.2787 | avg= 0.5376 | fc=0.549 |   3251 ep/s | 290.6m
[Ep  47050000/50000000] avg_r= -0.135 | h2h= 33.6500 | br= 0.2773 | avg= 0.5390 | fc=0.545 |   3202 ep/s | 290.8m
[Ep  47100000/50000000] avg_r= -0.111 | h2h= 33.6500 | br= 0.2772 | avg= 0.5396 | fc=0.525 |   3130 ep/s | 291.1m
[Ep  47150000/50000000] avg_r= -0.107 | h2h= 33.6500 | br= 0.2762 | avg= 0.5396 | fc=0.508 |   3236 ep/s | 291.3m
[Ep  47200000/50000000] avg_r= -0.121 | h2h= 33.6500 | br= 0.2751 | avg= 0.5410 | fc=0.549 |   3225 ep/s | 291.6m
[Ep  47250000/50000000] avg_r= -0.118 | h2h= 33.6500 | br= 0.2776 | avg= 0.5387 | fc=0.557 |   3179 ep/s | 291.9m
[Ep  47300000/50000000] avg_r= -0.130 | h2h= 33.6500 | br= 0.2751 | avg= 0.5382 | fc=0.504 |   3348 ep/s | 292.1m
[Ep  47350000/50000000] avg_r= -0.125 | h2h= 33.6500 | br= 0.2766 | avg= 0.5377 | fc=0.498 |   3379 ep/s | 292.4m
[Ep  47400000/50000000] avg_r= -0.109 | h2h= 33.6500 | br= 0.2751 | avg= 0.5398 | fc=0.539 |   3242 ep/s | 292.6m
[Ep  47450000/50000000] avg_r= -0.132 | h2h= 33.6500 | br= 0.2768 | avg= 0.5405 | fc=0.549 |   3273 ep/s | 292.9m
[Ep  47500000/50000000] avg_r= -0.125 | h2h= 33.6500 | br= 0.2773 | avg= 0.5369 | fc=0.520 |   3272 ep/s | 293.1m
[Ep  47550000/50000000] avg_r= -0.140 | h2h= 33.6500 | br= 0.2773 | avg= 0.5364 | fc=0.486 |   3318 ep/s | 293.4m
[Ep  47600000/50000000] avg_r= -0.119 | h2h= 33.6500 | br= 0.2769 | avg= 0.5391 | fc=0.508 |   3462 ep/s | 293.6m
[Ep  47650000/50000000] avg_r= -0.117 | h2h= 33.6500 | br= 0.2776 | avg= 0.5377 | fc=0.518 |   3263 ep/s | 293.9m
[Ep  47700000/50000000] avg_r= -0.130 | h2h= 33.6500 | br= 0.2773 | avg= 0.5372 | fc=0.568 |   3371 ep/s | 294.1m
[Ep  47750000/50000000] avg_r= -0.124 | h2h= 33.6500 | br= 0.2782 | avg= 0.5393 | fc=0.531 |   3321 ep/s | 294.4m
[Ep  47800000/50000000] avg_r= -0.123 | h2h= 33.6500 | br= 0.2786 | avg= 0.5393 | fc=0.541 |   3427 ep/s | 294.6m
[Ep  47850000/50000000] avg_r= -0.131 | h2h= 33.6500 | br= 0.2784 | avg= 0.5391 | fc=0.502 |   3389 ep/s | 294.9m
[Ep  47900000/50000000] avg_r= -0.116 | h2h= 33.6500 | br= 0.2762 | avg= 0.5361 | fc=0.521 |   3330 ep/s | 295.1m
[Ep  47950000/50000000] avg_r= -0.115 | h2h= 33.6500 | br= 0.2766 | avg= 0.5384 | fc=0.523 |   3432 ep/s | 295.3m
[Ep  48000000/50000000] avg_r= -0.127 | h2h= 33.6500 | br= 0.2768 | avg= 0.5364 | fc=0.520 |   3479 ep/s | 295.6m
[Ep  48050000/50000000] avg_r= -0.116 | h2h= 33.6500 | br= 0.2760 | avg= 0.5367 | fc=0.537 |   3341 ep/s | 295.8m
[Ep  48100000/50000000] avg_r= -0.114 | h2h= 33.6500 | br= 0.2775 | avg= 0.5364 | fc=0.559 |   3456 ep/s | 296.1m
[Ep  48150000/50000000] avg_r= -0.120 | h2h= 33.6500 | br= 0.2738 | avg= 0.5383 | fc=0.545 |   3473 ep/s | 296.3m
[Ep  48200000/50000000] avg_r= -0.109 | h2h= 33.6500 | br= 0.2759 | avg= 0.5391 | fc=0.533 |   3497 ep/s | 296.6m
[Ep  48250000/50000000] avg_r= -0.115 | h2h= 33.6500 | br= 0.2774 | avg= 0.5379 | fc=0.553 |   3631 ep/s | 296.8m
[Ep  48300000/50000000] avg_r= -0.124 | h2h= 33.6500 | br= 0.2762 | avg= 0.5366 | fc=0.533 |   3672 ep/s | 297.0m
[Ep  48350000/50000000] avg_r= -0.121 | h2h= 33.6500 | br= 0.2768 | avg= 0.5384 | fc=0.525 |   3620 ep/s | 297.2m
[Ep  48400000/50000000] avg_r= -0.134 | h2h= 33.6500 | br= 0.2759 | avg= 0.5377 | fc=0.533 |   3641 ep/s | 297.5m
[Ep  48450000/50000000] avg_r= -0.121 | h2h= 33.6500 | br= 0.2772 | avg= 0.5384 | fc=0.557 |   3488 ep/s | 297.7m
[Ep  48500000/50000000] avg_r= -0.130 | h2h= 33.6500 | br= 0.2784 | avg= 0.5367 | fc=0.525 |   3745 ep/s | 297.9m
[Ep  48550000/50000000] avg_r= -0.111 | h2h= 33.6500 | br= 0.2770 | avg= 0.5375 | fc=0.537 |   3720 ep/s | 298.2m
[Ep  48600000/50000000] avg_r= -0.132 | h2h= 33.6500 | br= 0.2768 | avg= 0.5382 | fc=0.537 |   3619 ep/s | 298.4m
[Ep  48650000/50000000] avg_r= -0.146 | h2h= 33.6500 | br= 0.2793 | avg= 0.5359 | fc=0.520 |   3555 ep/s | 298.6m
[Ep  48700000/50000000] avg_r= -0.139 | h2h= 33.6500 | br= 0.2771 | avg= 0.5355 | fc=0.531 |   3541 ep/s | 298.9m
[Ep  48750000/50000000] avg_r= -0.130 | h2h= 33.6500 | br= 0.2784 | avg= 0.5369 | fc=0.553 |   3496 ep/s | 299.1m
[Ep  48800000/50000000] avg_r= -0.141 | h2h= 33.6500 | br= 0.2761 | avg= 0.5357 | fc=0.516 |   3370 ep/s | 299.3m
[Ep  48850000/50000000] avg_r= -0.118 | h2h= 33.6500 | br= 0.2766 | avg= 0.5361 | fc=0.500 |   3364 ep/s | 299.6m
[Ep  48900000/50000000] avg_r= -0.126 | h2h= 33.6500 | br= 0.2779 | avg= 0.5362 | fc=0.516 |   3505 ep/s | 299.8m
[Ep  48950000/50000000] avg_r= -0.123 | h2h= 33.6500 | br= 0.2756 | avg= 0.5368 | fc=0.539 |   3423 ep/s | 300.1m
[Ep  49000000/50000000] avg_r= -0.113 | h2h= 33.6500 | br= 0.2768 | avg= 0.5365 | fc=0.525 |   3397 ep/s | 300.3m
[Ep  49050000/50000000] avg_r= -0.116 | h2h= 33.6500 | br= 0.2768 | avg= 0.5389 | fc=0.527 |   3391 ep/s | 300.6m
[Ep  49100000/50000000] avg_r= -0.132 | h2h= 33.6500 | br= 0.2772 | avg= 0.5364 | fc=0.523 |   3365 ep/s | 300.8m
[Ep  49150000/50000000] avg_r= -0.146 | h2h= 33.6500 | br= 0.2778 | avg= 0.5362 | fc=0.535 |   3307 ep/s | 301.1m
[Ep  49200000/50000000] avg_r= -0.118 | h2h= 33.6500 | br= 0.2773 | avg= 0.5369 | fc=0.535 |   3374 ep/s | 301.3m
[Ep  49250000/50000000] avg_r= -0.128 | h2h= 33.6500 | br= 0.2786 | avg= 0.5365 | fc=0.553 |   3382 ep/s | 301.6m
[Ep  49300000/50000000] avg_r= -0.113 | h2h= 33.6500 | br= 0.2763 | avg= 0.5327 | fc=0.529 |   3394 ep/s | 301.8m
[Ep  49350000/50000000] avg_r= -0.120 | h2h= 33.6500 | br= 0.2761 | avg= 0.5361 | fc=0.531 |   3404 ep/s | 302.0m
[Ep  49400000/50000000] avg_r= -0.125 | h2h= 33.6500 | br= 0.2767 | avg= 0.5376 | fc=0.555 |   3442 ep/s | 302.3m
[Ep  49450000/50000000] avg_r= -0.105 | h2h= 33.6500 | br= 0.2765 | avg= 0.5356 | fc=0.529 |   3404 ep/s | 302.5m
[Ep  49500000/50000000] avg_r= -0.120 | h2h= 33.6500 | br= 0.2754 | avg= 0.5359 | fc=0.555 |   3350 ep/s | 302.8m
[Ep  49550000/50000000] avg_r= -0.118 | h2h= 33.6500 | br= 0.2765 | avg= 0.5364 | fc=0.525 |   3407 ep/s | 303.0m
[Ep  49600000/50000000] avg_r= -0.119 | h2h= 33.6500 | br= 0.2750 | avg= 0.5366 | fc=0.535 |   3443 ep/s | 303.3m
[Ep  49650000/50000000] avg_r= -0.118 | h2h= 33.6500 | br= 0.2759 | avg= 0.5368 | fc=0.543 |   3325 ep/s | 303.5m
[Ep  49700000/50000000] avg_r= -0.121 | h2h= 33.6500 | br= 0.2757 | avg= 0.5349 | fc=0.541 |   3409 ep/s | 303.8m
[Ep  49750000/50000000] avg_r= -0.122 | h2h= 33.6500 | br= 0.2754 | avg= 0.5346 | fc=0.520 |   3389 ep/s | 304.0m
[Ep  49800000/50000000] avg_r= -0.130 | h2h= 33.6500 | br= 0.2758 | avg= 0.5349 | fc=0.525 |   3366 ep/s | 304.3m
[Ep  49850000/50000000] avg_r= -0.109 | h2h= 33.6500 | br= 0.2762 | avg= 0.5336 | fc=0.523 |   3450 ep/s | 304.5m
[Ep  49900000/50000000] avg_r= -0.142 | h2h= 33.6500 | br= 0.2782 | avg= 0.5349 | fc=0.547 |   3454 ep/s | 304.7m
[Ep  49950000/50000000] avg_r= -0.131 | h2h= 33.6500 | br= 0.2767 | avg= 0.5337 | fc=0.541 |   3364 ep/s | 305.0m
[Ep  50000000/50000000] avg_r= -0.137 | h2h= 33.6500 | br= 0.2777 | avg= 0.5364 | fc=0.521 |   3296 ep/s | 305.2m
[H2H] ep=50000000 | avg_reward=47.8000 over 1000 games
  >>> H2H WINRATE @ ep 50000000: 47.8000
  [CHECKPOINT] saved at ep 50000000
[snapshot] ep=50000000 -> /home/anthonyn/cos435/cpp-implementation/snapshots/holdem_64x64_mv_train_std_20/ep50000000
==========================================================================================
DONE holdem_64x64_mv_train_std_20 | 365.2m
H2H log saved to results/logs/holdem_64x64_mv_train_std_20_seed42_h2h.csv
